A1,A2,A3,A4,A5,A6,R
99.60044500288497,73.06287246449747,1.2861533629346278,78.67953071072183,42.132409283745176,44.30122833344539,253.5026492774836
85.88721049561153,23.794944159553765,21.191568192848067,83.35118015674124,54.76088817774157,42.18913924046712,205.03498203790156
82.63391405349292,10.15382217488342,0.3356672212911471,27.988855862695527,15.707988668116023,63.70561933851936,66.97330379307226
80.2201585639844,55.15018809647434,9.39564998721476,93.98938824178542,7.005493650248107,44.60266263354109,233.43517136521265
85.12205309192265,77.79719099000542,10.050006722329673,64.19179860167833,37.417451752881014,26.18503709344713,247.98015625796052
95.99487930963144,46.59164980552647,64.60175208449967,2.5687696367787227,68.06015195948028,56.94088000619588,52.77964564519364
12.6760315308157,37.36508556557434,38.09634177448603,54.16294238181217,87.3435029091517,7.6011241625251635,169.46633680003052
79.91767567779539,67.76296010270467,11.445676852384567,48.0606597830583,27.618700241169936,55.35094047884588,239.85405817783445
18.08779845311601,74.3043715607891,18.376839848179326,15.222995923019855,73.3408666425837,27.296291705501176,109.53843560141767
15.669260989284195,3.0392656890655734,16.64583684538409,94.3879945920616,25.88315861695539,41.96926130261522,206.894200215992
91.90894532694483,22.056641848157742,38.9743420196759,21.632392821792877,17.76525834712035,12.062554685019345,55.70046648657
82.12988777345309,52.74347850782214,11.600966923495704,84.58647374290736,74.31622876581775,81.58004648646313,245.9281036658677
38.66312397342303,99.42621838221228,9.14501522117993,71.22028102669834,4.948840784552688,49.477012036864146,128.66536320768734
73.66473063443489,24.95751239032603,50.5542632271204,79.48921600302747,31.486894082506346,61.379145661035736,181.01925786380937
28.776887183794166,37.49179563713667,60.08143846832051,50.30498379295671,75.50308740538625,36.2893694506787,153.4621287696838
34.126648518392756,84.11193093938898,83.27597092123649,88.0851600345189,89.47480574855322,89.92906095221448,376.7825195203096
94.92703832817743,76.55181454157177,85.59547526663583,84.76912795109759,22.768277183135442,47.566468410262395,536.901759253669
8.284187156670663,37.8695411403244,81.07975479317396,32.34603317711129,18.974952353711327,32.34795838600903,77.9745330018205
91.99090304484172,64.8632264037698,62.17096401953467,11.734601418499825,87.8421079797733,19.193317011008716,447.5756316804757
88.30849661014213,56.02544748655956,86.72637281205871,71.83619492995302,35.79486716064255,56.607540806045265,524.3135463675608
62.149223124547895,89.07781145977005,43.012092620339956,49.739586580352324,62.60819470917658,50.09962921857358,305.91538198255955
28.753628915794195,24.228153484977256,62.38161410380161,42.814237122506945,87.86240567958478,40.52171811529603,147.13215822072323
40.929600637743654,11.299774110527917,97.76409793366935,85.65190340139311,95.04854899069247,91.22543075222718,237.83779109627096
21.14041852542573,41.28326755119869,85.28357980822668,42.80472366682737,20.16292840265693,60.58999649154082,99.7234972155146
6.091781418195619,79.58282743166411,68.5087111216905,33.75995130458889,47.862324871320915,95.75880120226785,255.00994247140576
58.80497508931697,71.63349332667217,88.13776805054835,14.762995548420854,55.200495695238295,52.31656796432447,455.4946259002116
9.244255741200192,17.454555133551764,33.43751700568753,56.56457256073515,90.02649134823184,59.5733812402172,176.14768906523258
84.09857026206922,64.31552060121196,60.496689818077755,54.975509617521936,28.628441835875506,96.95809468051051,421.9848400184452
39.94502953581507,83.7003478279833,12.28226037461566,67.75217962437095,1.4223215672937828,82.06278250560555,142.8504851506925
93.32650723362107,46.27653695417128,18.49398029172862,85.73266467241382,43.62051903235089,51.86022283169621,201.99969266747325
53.777622630610075,26.158729706695105,12.13179994540361,65.66151538803723,43.014871873655125,25.713561519107053,161.43344108763304
79.98929993608246,91.39005540162867,13.291303820243861,97.58068750637162,53.354539418159696,0.6249146686134854,246.49281321105968
49.5066838448234,32.674469240289895,98.69130324754958,70.26347255062048,89.31093303498572,47.77798311056753,203.04459822573097
23.940325239496907,56.842826253465695,83.4596088797188,76.6035697437758,48.65626491404682,55.307654937518336,351.9594441777581
5.905857154456518,8.62532444965206,86.33996985406765,58.25539232900121,35.93417408920647,19.3022960737244,141.66470652044694
82.99986115254494,65.77162899186956,63.25455398834448,89.70568363168174,17.402027079857874,95.67568650830918,428.89059184056805
86.21384812817371,83.58289429797871,70.51939989808919,9.328345577310271,83.1445332794133,35.53580519736643,462.35251996374643
14.366173514274017,99.11073867288371,37.35925476086231,5.260159149284416,53.70440433855887,80.26544583710523,166.67282544870312
87.4128971909029,69.6874826227584,78.0355153558219,91.9978534578346,55.992131812984006,57.39052132533442,491.6565467226339
45.840198500749196,40.56790414084354,83.15572323553944,77.7576872835562,28.205999337944686,10.559337980048177,175.25957410367366
52.6371479901513,61.211520183847156,84.78265141886561,29.595626665114416,53.53434505904742,6.140725364528188,428.3321499414079
31.431011476684745,96.47875776152283,63.949703825729834,23.234897107091967,85.98218612510115,73.05914411816123,302.40149208176626
78.0067007409027,78.5555046927729,46.199320722052484,96.10185656390878,23.157840413515274,62.94633507643174,356.7143743794404
62.33516901519375,86.99653600092482,30.811851592367923,57.28104749024393,15.604466860986355,24.36525089083834,263.6794031112721
30.046397834560423,20.56504173333501,3.4408312771759153,97.454686916513,31.535791195658767,1.0534122355854048,216.98442766998713
62.58372964521968,76.65604008948273,56.811523836755484,59.31624542585311,31.841829740574724,21.578022006262298,355.29965754169336
46.58669013259231,96.57707196879599,67.8048164898992,96.80544504309547,51.11366499073235,1.6697888510277092,353.783583046128
78.82657126712643,80.80783767064794,65.4076745398818,65.6039651278903,35.27835430726511,34.4196141508048,425.99328905740236
22.657183349005518,63.9978771262372,47.37142666671528,41.895348576175984,0.2553010757647689,74.53325805543687,222.44295170601728
75.77435783896638,49.750696920427615,24.624698794423626,79.10516564500544,54.80097390582007,6.431590203313686,196.57101302408495
83.37180184821271,98.48501812780582,63.12078016788835,49.31133951678682,66.29429488943796,21.08427509766161,429.352235208141
72.74437647561015,94.59727931014031,60.379284986209115,16.800858251689675,43.46224550243494,60.43570631659507,393.1884386407573
18.167717469526355,71.94987356383322,6.966021040755399,93.83577678218091,3.7239517383570786,41.92474348509143,69.80036731645978
2.5571362243098195,77.99016467605114,95.93766430420135,94.50445254523808,84.64857015498191,68.1522679090925,342.1746656254793
94.99851354512909,8.617009351472438,21.191123116867672,41.436748138082905,34.622343497715256,0.8889122588412901,107.10913672456648
41.70650722578001,48.74230232349059,49.9708945559362,75.4547937801253,73.78526978688683,25.45252857986068,202.55927641107138
89.19536393516198,31.271082313785037,27.7083466506318,51.65278256555378,85.14736056901975,15.571938946986775,162.90871752942138
50.27686799711789,52.3080222132696,23.03913023068187,82.12532214942169,70.98558407199059,93.17855766479738,206.32912580018126
49.698196373187855,98.591555263201,6.351062651827622,59.20775919390685,70.54983305061779,48.55629085001287,146.4742102143663
71.50657978994707,98.69774870061472,71.57406278364485,90.70430155047407,72.101474561699,78.79612759518909,429.2756692176246
85.22219460234138,70.12005381022483,14.093410791737536,25.648899403042247,91.64113970471696,24.845569925239865,262.3824242769348
74.19786855443589,16.031632679006947,9.54206239677211,94.59560022076383,19.559907533828735,46.35312122365608,202.88313571520777
84.6632066282897,17.92464954724563,51.63905047051688,29.632678494221555,28.014990958740583,99.15995747473306,78.87585065956151
76.34893105230213,61.38430582148908,90.95876913593463,37.05904359847444,70.16908009852443,51.298020930078756,509.2280196065266
89.65893961094713,33.41997124864851,20.247065559079214,39.19058854997881,7.561343325463843,41.76701141283847,83.67411742778232
65.43494559153255,0.905007451474471,11.289198438519177,73.75390681131483,54.75479625581351,2.6701247139645723,185.8361710016991
12.711068569708427,54.07150490715408,69.96381547624327,80.88869676379237,97.92368918637005,3.4159947037369687,276.6510255911225
29.690364659326452,8.40437782896335,22.505715079718193,33.46860327132901,4.037998150136235,58.00504590487936,69.76380524775338
41.636737550143174,57.85703536507542,20.605374895702898,89.2519585549429,3.5392559351203667,58.71357409007951,176.21065601031808
35.5457287036121,65.6812349150799,85.18946584811856,99.71419553357545,76.5902873775691,56.00621726211209,387.0274522274452
90.3561184826086,43.37767602997866,38.8859151975676,85.15628007504988,61.764916690968874,12.923111742536397,213.54800183377796
29.047936651604054,78.81967285937223,81.54920802431997,37.12886330165004,8.004954547628696,88.61506025150945,358.04206971413
47.13604248063872,30.405453856818998,79.0131971648198,94.09840112173718,13.329893947935044,89.68946605271495,197.52772800702888
3.643771752163505,52.51886636246213,85.59468551133736,34.78502597199562,5.596910639861963,7.5695359278816206,308.6908286700895
34.39800726183353,79.42400615624922,39.87316653826881,74.33561563837506,75.9696544466546,96.58557475797687,225.55110103852465
63.13219806280787,89.22498056709314,30.940034471733867,33.51028140994449,39.99563829918772,50.87285186671866,266.12061580808825
29.062051003054023,39.36341013636767,59.6013064815587,80.8444683706845,75.58360966127164,91.6468008697498,214.59746350425914
16.89176818194561,1.4166427489799904,32.82594739834705,46.22795994461243,33.921086051154504,61.80109292394145,116.20068012503302
99.13641595219728,90.24973190033671,57.88932845360394,43.879527595044635,86.62256467011173,47.203386572982055,450.453689468107
74.66524081858616,43.85243444767549,8.937654086002434,69.09248413447318,19.23320322032541,57.16060338726172,151.64821052317416
90.87605018748552,51.88441181437855,47.801461349420194,90.62040484063124,2.650166205855453,27.3410365344109,394.4952401916845
60.23428094189542,87.92091063472549,3.458985834844275,16.839429484236156,26.021595354797398,82.46294616745617,162.69215277669352
51.321377796061974,80.93813945289395,72.17540207083508,84.97721971607484,99.1357870306161,62.21407514729444,380.91735173807774
37.24293983420528,72.44068496691514,50.54114213264076,98.28951651334515,82.052549825899,69.51734560373181,270.00134704975585
93.3920413582973,76.98836007567054,74.85880716729497,4.081700261857158,63.524659887985315,16.205209382708574,495.48592848127566
36.2293339014806,74.34013413618983,16.978008812738054,77.34047991541937,37.31649709891648,86.64749795986178,149.99636559828468
4.948544087098572,63.04915672889202,94.08294841719518,10.323224634472727,52.4943153024299,7.570462555479507,341.66167967792956
89.60076223059174,48.603335369969955,39.36820529354529,41.05015416157827,86.71970382805404,43.32170893257551,142.80410100279437
69.3480383140625,98.03672767823245,64.2009399407927,14.996023542155113,93.04465031940912,44.72733040677437,398.0733855779307
20.838276101538522,89.70084898747844,18.407263318739986,19.558736641676266,44.1398346219535,79.44231613721064,116.52111186943625
3.0088328295542754,17.383224674048925,32.81876319623238,63.705929180120116,72.68225692700143,98.73880293726702,178.28943820914122
95.6425000597841,66.43101476888383,52.19167819174303,72.61763846478748,23.11571971546995,34.87240472786285,421.77712382056086
25.361364429300814,83.6562500690677,43.02304384077554,4.6419405041254524,64.44790380657355,32.81535646617096,213.98406451596645
26.033250084903425,78.67945137710034,81.52979933577433,74.38698784331602,3.36755667480656,56.98485303451144,350.4374228874687
58.301769934776345,61.560862840549426,94.96033336262096,28.650060660205668,4.89937667259579,57.80164995562549,478.1155916061142
23.591336947515263,78.06147689046051,83.24286809973069,91.93319896392211,8.144445874615869,63.100768749134225,350.32838071784556
5.877397136825769,11.095436135562675,87.4484798617332,94.75375271914906,87.40010070919084,77.63405688569962,250.6875759347317
25.08167490080616,84.7442011878406,82.30273759234483,63.50276224773799,85.07199924747138,30.641421588741167,350.7637688252223
90.42193736739958,18.902264249213918,48.60137544830154,76.3474954587919,49.17732148116406,30.649842982701546,187.11911595439864
62.6225953581808,19.952086416866965,60.39111418756603,40.16776016055839,72.72356110194306,40.64977397998201,131.24201309247692
18.721070081245216,60.998351514974466,94.62417787319056,81.74687711241889,18.60187722210448,21.39820209900445,377.98729775928
21.367110046076686,57.74177940661892,17.07846273658159,58.833256174591476,46.56428797142659,50.044821060289635,113.19239469322727
21.02788789183717,10.091329433608976,7.986930308928308,18.1107740533741,49.00483604793635,73.24797925454295,70.52493334030365
20.3375443425332,80.58907161515324,90.30894294056412,65.86619607211087,71.21820928196708,14.553860759907822,366.92516114830744
46.8605404642349,67.57999513682786,0.11021453219107746,79.95809846908753,97.08461114998362,14.606407492485785,117.53710202325603
66.60585654789564,1.1628396815462239,65.24109245864652,8.749995723170334,41.184074485715115,27.724982873384306,46.32884358634125
14.502914754450236,14.108491819592729,19.497289656570082,52.58371287928251,7.571428063364749,40.957727687124134,110.46742540292034
69.43764949108683,87.36792679475236,94.73219876874771,58.18850815978499,69.17666517696588,81.75398173835838,505.15681941833407
95.99239520206378,33.18766902169516,83.9229643677762,26.63510632027227,41.304278170402206,71.2000434626028,82.18320735982608
59.318702429318215,99.32084685442418,20.867609220491858,14.977627792522352,80.19595943244263,93.067002978224,221.33338834501706
76.1170292465131,69.91671825875565,54.840194029914336,22.94344275054645,31.238797878308134,39.90341492452802,382.2332522209829
36.95865016897974,15.379326152811345,24.9245157916852,94.73229219380869,90.22736182853745,69.6822252597004,252.6237376675936
52.557752006985005,41.23269702887762,33.59119532963257,26.409658024729744,70.14279933070381,37.13155303671629,101.91927558095216
79.41715907656214,89.67865958223508,43.02301480240519,69.20117439263758,91.15197300133556,28.330939431007764,349.12344949982355
44.79953671852376,15.385059966049718,42.31066473971371,24.32829332533595,24.849425211917563,24.364190883029423,66.05118429901418
54.42380477708382,45.83493031124321,66.45551503627185,75.4209017162618,27.996662597853028,97.15038265054055,170.43946725102072
51.798668501048326,26.476905242449167,57.58445513363437,37.98877430953517,34.9262234105434,18.82657689468075,100.4259050064507
39.76357265248295,70.55715956162196,99.29890997155468,83.35617001422769,41.079493256227664,64.46776171115545,446.95511653164874
42.63160049882171,84.93412352396342,91.97781779858295,26.72589579290896,88.48169099304934,49.1771961662949,428.5013635420946
12.275713702025392,26.867462751570258,71.4020937761458,38.94163119773185,53.90678657594563,55.77687144692509,115.61801299862564
80.46416704517382,86.65818467045206,67.47317408569089,30.798317281217123,74.56912838766209,43.024254708484996,437.3165269128527
60.56449507318937,59.4603658434544,2.2048438357484934,72.5860098099378,17.853994769801783,39.46581780591871,159.12819110809315
68.16811946701115,12.38784539917427,95.65806931154358,3.555833118154561,90.26091279856124,11.136085554102015,70.29430519530199
86.94607783624319,14.439427765693368,80.0821845447719,83.21834964491484,76.71320408070305,77.18632564358691,220.1359421463218
63.77534725162941,44.439561612692344,72.17981954075545,64.31333556399896,30.954625126863377,44.48006910953786,150.2949087168023
97.4566785756546,42.25135537793191,63.02182252163541,74.85094251060616,88.11596980149449,46.96217354418278,211.38306388225845
45.69835567380969,10.51593888897816,7.534093002411102,81.18127186047921,14.835660803448059,38.3692949220644,172.74750628337208
33.92277476359755,96.09484489348367,19.43035874652367,36.40291297079589,34.640931088472236,76.21630747108354,152.81319252182672
11.258857354907514,93.66611201814415,52.680486700213045,67.80956606467514,86.65933635387591,3.0156183372332612,212.52884683801443
79.14507466798582,78.41339772993963,12.727364208869762,16.17301720296167,75.09141827018048,27.853253539592828,242.4084614010087
67.55464595345917,23.751384277440224,36.27889688411282,49.58391756911337,12.128720040185215,11.682406539823331,107.65793916635639
65.17361421694814,25.288381151086192,90.12466506378333,49.869762787728625,25.979072844557017,85.36544209723955,117.92487656664716
21.058179272807507,88.91413252142351,10.516313803624532,23.27043604258008,12.132699016342563,76.39968015310117,89.45254649470463
35.452203725381956,52.63067800423038,64.6014387504617,55.50141267696799,24.675282284157362,82.63909575649556,314.73554494007084
91.57857953108028,75.56735570548258,4.544405825063036,99.43666742188269,95.97211133077785,26.849012771179424,244.85186921542132
54.28618247036208,19.02624335484471,79.57403660619705,9.698070482428644,8.99298068046509,20.717396231124173,25.69122744118285
67.33206037253841,62.316909694747224,8.4740758706645,79.18396317981663,34.440015992742964,0.5449612698174677,197.98941647867179
21.638282728964576,87.9229600407936,18.122712438448573,68.18248752646876,53.137190932667025,7.235630432378814,117.52520035698146
80.8540314504621,56.997929457821485,56.67392372520642,75.80835351852743,67.23549124034274,31.83443684891537,400.49381166437774
37.68309182382832,96.5532125897953,62.875703938763074,88.12580219570332,27.01343114177276,44.575068336144476,314.2726933452416
20.3494789733651,76.65146816734072,46.795356225101784,47.96392936769826,64.67858364480577,53.50488221339188,214.65744422126897
69.85147964568613,60.5685914871332,28.764445830863274,52.01896406512336,94.80889780699678,79.98936913104723,275.30425952223675
97.81640923775254,27.78697983695617,20.497843427404504,63.73493633951103,61.057360552055826,97.93668765098339,170.21002506546114
5.272070920172222,61.8202151651347,78.85191291716093,81.46008815284918,39.56215941696675,15.039334689505246,289.1618725104938
73.89052353927029,48.67069949841364,43.27363580055611,64.72968939672725,46.17629360706936,4.754801553562038,161.78278431840306
23.567660339816587,82.050202062757,93.29941230001297,64.90256859506844,93.11277472022255,52.62883046865628,385.46709389958687
89.8474959210178,26.649622973341426,54.07198180306669,45.89152762529811,42.78841725851188,8.829030247608415,121.73494733155454
98.89023365872977,57.466753246024126,93.27540160333494,5.9282533410876965,65.37317032723479,37.76678232455078,573.6894897584967
79.56254353589111,1.6652159478217299,10.598727027028488,10.179005912282014,10.582094168734123,96.24202420530636,27.765477742677913
35.87903153194172,38.25749885777363,25.223238117166325,28.004561206862345,3.290756759623903,22.88713969584897,58.31265214546142
28.465266937704612,12.130578234100998,33.21792825426834,97.59961485303035,2.256433650439116,76.48853797010953,196.77873326136807
61.90191699693385,43.052628992211716,86.3929493458433,47.953922037235266,68.16915216204187,60.14074999643986,143.62625058789985
12.640976492118405,31.239310913966477,49.30787367148714,25.288262137581263,53.95765078187822,26.688991030981267,88.34687982247728
37.491015148593355,1.1814973149129715,19.905526518256423,53.50848435367003,0.1930894748465306,91.53012346271079,107.15213133973262
89.21805883456744,80.54382620586544,60.72475501399263,9.403877741451039,20.962071728911468,17.995008516048895,435.5817896353928
8.309454461636312,75.27330699951808,26.856400888979838,90.3425166741328,41.0524099149411,73.09007915040476,114.77103926552022
19.044186143818187,93.28542159205718,99.70291586435842,70.5744608624335,69.97961265786377,35.63401456256299,396.57067088479994
5.286759813619146,53.33460291273653,34.07812707762001,80.86952538028476,9.486284511712705,31.52430938263916,132.49034430571788
84.39243525459699,32.47795005042704,3.0714886626101223,52.45294884443924,11.81495468218261,52.184618037149235,113.17636596640631
4.736262995331353,92.893284054617,19.170543415230767,60.86057174466971,70.36966034079151,10.789944461819701,78.93755944163607
18.05172588581756,48.14143464409326,21.09291544595242,7.653345553120117,2.361860003734151,8.693946897628646,16.95999310885414
87.31865984214112,90.13087549383152,29.269952322457716,30.584870678718033,5.6396054374909355,22.07918375933956,320.7414827339548
85.64418250475117,84.35152505269198,85.52970986868407,26.91850642883026,56.01939896752942,0.1426890190666774,513.4644408022721
83.6416285855552,34.13185942792944,36.76719542664839,74.69322570023728,84.91009868330937,63.47915028110997,208.82352047879112
60.375386996530835,19.915241609562894,91.72156114346032,5.828069218256227,3.6070755304942526,50.53312745222147,14.18109130785843
65.08623309897187,90.4608890205809,53.79769322928083,9.45942504427012,45.04953998641561,25.29810442705749,351.00750904991264
98.66173922083146,46.50292006282282,1.5056427742540124,58.68707181345078,86.71919849997695,98.5199228026602,178.07758257688542
31.12654222559562,39.23567844035348,77.81490101592294,67.26424970262674,21.296071298486464,43.62823647569528,149.435749314194
66.19238253143322,54.960900494434654,47.738809062255996,1.442713358364578,12.197055763267617,97.02302717161525,332.566788046479
58.95977502099594,70.69554477933488,62.92182435915873,26.351246336664534,27.661540983190346,8.172218342968208,367.6258228095454
76.97151104975718,14.298912159896238,16.981139030647252,34.558897129871404,94.01079172754478,59.65653737589546,134.92534846902416
17.689985810889674,15.972400060338654,5.873583217328204,38.90300226323946,61.425764767860144,70.69280905926286,120.80403986398102
92.7500926599247,88.49077972005796,4.576037023945744,62.735113181387234,85.33110802039661,63.0769316667165,247.89136123362186
7.609115578468617,62.3532157978479,1.7772584686708837,2.3811174489328457,5.448486957859677,37.65177864665916,25.243193586519634
86.99436517982585,43.74646110263378,75.9129037488674,91.18829109488885,50.934239602731616,37.49858752527646,218.03054991168983
65.29503069511358,70.77989926498846,62.50354924326417,57.84269321554058,22.827261373387653,64.68644431597025,381.9999990892086
6.151699244991993,53.3080773773939,29.08418239100169,37.9233055679736,49.321921024331274,47.64403442857782,117.1738864809859
77.29690020003045,78.66458124186408,0.6880465687840287,84.59058855229765,81.10519611878874,1.5292279619624871,195.65041349082023
61.46275787438654,8.092053090169149,37.449343783693436,97.99978589157597,85.05132809354274,83.29094299367188,255.53550144863186
69.10412392342755,33.30536013710612,63.93821992302379,93.03431103689454,7.783361842154957,63.807536361331685,191.51697536329755
56.93211234341115,89.64405397023128,55.79416351710643,89.26000008941473,54.758278108172796,42.34735783962491,337.6098531684004
81.89572367156399,60.26956208332819,57.475476563036096,97.03288554270796,65.31837838696842,32.86842999008541,405.90347714953634
3.3078025055012783,56.89293730160999,0.8244310640804553,99.31450988524718,45.22024038011251,0.031227810461265104,11.15501498803479
17.2429360427504,27.068624983325375,18.929951562591096,73.26060218112033,42.0865155469178,6.354495706974661,175.98176524508312
84.03355144362767,40.084403630305786,65.65900603427079,40.78944097106895,48.54400172577549,15.249818744832355,115.55968315018075
19.488538778748566,15.280702650001988,6.368958241608524,88.28105863546823,85.9714090772756,40.71440201319292,236.74210362502936
27.12570367587289,24.044698264970478,98.78792786138263,5.921129783100254,38.17610865493618,29.66911969988777,38.56553562465583
76.95215668239722,63.984197913551064,29.878320306923467,94.03447208412416,59.28327024657588,42.16363524340804,296.9545127802252
96.79015804202452,38.569083361525834,70.63703297543866,92.54103571723246,99.9224766225892,66.23287045755383,255.02780507027734
56.41168285954332,93.9473713510017,98.12906638912023,59.33772754553808,67.64328285287365,74.81795941465465,484.4809395107791
50.33290292357603,56.24947038789706,65.43137937397657,51.325763471727214,34.5268616154989,32.035408846032695,354.84208511785806
40.48659913896843,65.47626295144475,64.35027075113818,18.766191288540824,11.26758676798455,63.80414897281388,326.4424454764047
9.531025471514521,27.450030511629542,72.47548406428659,78.89413095628719,42.59615304113337,75.47203870829985,187.60556904136772
14.599898587912374,63.1551914982041,40.99211264638949,80.93083519790501,24.761139734021896,77.109616639472,179.97214073214414
71.1193250900243,58.40921907431241,9.26921977474776,52.91520851480351,68.77373046643854,39.48513370896958,210.24058193667793
49.120986002720166,37.92109052926419,9.101463864327265,45.68376666398692,11.082407616404987,72.76453406210786,99.12521865945733
28.410999486368205,61.591097714230656,89.05396563924145,73.84830302644077,20.050407865664855,91.4937826661107,382.7163784532656
43.09274803437677,70.9950285793789,77.04564247091295,34.17974479892334,36.7657255127691,97.65713260429717,377.39161873413724
95.30908351169755,77.42844318817367,47.43439337472765,43.267888290206415,82.96578705172064,96.23923563882276,404.29308559079067
38.621821017729694,55.15121851382393,43.70824012852358,36.990870854611956,38.788859933726016,20.864853352641333,249.53339299415677
15.078649673316246,83.49460793243027,66.64707344662384,70.93353566525231,46.191098769763606,30.29801716726911,270.96138124647405
79.56175981686235,16.635942667821023,93.6441883482307,33.61608103715075,98.64917015916113,77.8410785081733,136.28658118571428
99.23805025239736,70.91066591899946,81.8478318339379,61.846865964278244,88.59788810983312,16.40905221746236,534.562537049776
74.54468419535716,25.75576448055067,95.91953966206503,31.74668918549206,66.26245422461025,92.12919709242894,109.8770963282113
76.79075699719904,78.43888790421613,21.465593495230884,90.49467691017483,18.405236210055964,82.03068630280706,267.1064697263057
32.717719563299056,65.73647479264972,94.47470465619121,16.54368079195634,65.22445476607678,28.48278848625878,412.4557652049169
40.7576264397552,32.23311574901957,23.221216639877596,22.30932008684664,46.36140001753708,19.6880590370638,77.07162018596924
70.71633227651752,47.91126953850346,65.83817362319608,88.95206300344968,81.77566001475604,15.35272687117153,235.14708801722858
57.58273170730589,43.611175915303804,78.83563289302118,92.08452745674023,45.154122485902825,46.6907520666995,215.77694065361243
41.457451695079286,76.62862454554184,79.88102352992367,7.722029531515496,32.48594242268285,55.659085213768186,383.227211592431
55.47413158874832,68.48394147980194,93.7523282966324,95.66685212128519,88.35709068116826,28.69522082345729,466.81847801008416
9.261021283476357,79.47742669804246,31.0408132500691,32.326316250991994,20.226234017530842,22.597671699829093,131.79539958393275
30.10429871703736,30.220254004003134,3.3750657416475316,94.69995779702455,75.20832533880184,45.35600833276696,242.0457433312104
91.60948561649563,27.508927236143766,11.056720621686312,93.35756442468445,24.420341328448536,11.938150588147945,203.8093677792829
0.3331328198442285,52.74636823361718,64.3724345418418,74.53099808654278,32.379547294806386,36.954322125418194,226.13635294605686
5.530359495935411,76.09208141802903,69.74608412746267,93.25912413238375,29.87067377752871,93.85265996007183,257.9371931859579
12.729837115885378,42.573199778705984,38.52668400746131,32.595399679496175,40.63388672033707,78.41202500259307,93.6345200632283
96.13796996548479,59.87096775536137,57.71577257170814,63.38720172191879,78.62750459497457,75.77090602957041,442.35012891469046
31.65815446121325,97.21412274117604,7.405025740025639,8.678313880367028,62.88250885948111,81.4936675350881,105.06297624312288
86.29611429764412,74.9998640297634,64.14011340992745,73.42180396502474,31.422180562946554,53.08974896972507,440.2306826788564
61.55278170688007,3.100611677868892,98.80738107526386,99.40813081956898,50.6391170660898,27.26869294218194,234.2636435854008
69.66421236457869,78.41373871371448,53.85035559611514,6.038488056180025,49.11039108915137,86.77228966410038,362.6367754978497
29.75307776675865,18.62257282896116,70.49532816282247,27.16942061675327,78.23446696732522,79.05051793538694,109.1029681106342
74.5653385977736,27.348848380065693,70.96894515882532,73.52240868183148,50.372493299460665,5.953545575291153,182.3055626732854
11.873386056705016,17.314718499306203,83.13281229266678,58.329679775511615,98.39136899882148,21.048649962745316,185.53331785019827
53.16522099337686,72.66019118982634,11.18519308509044,63.650735454168604,69.59360741112135,89.6268001450239,172.0612282812587
7.17765857341689,92.479878870408,2.6699189508601173,87.2563862523669,28.873948331760012,9.864628152690369,27.288862761552636
99.37717694335434,6.6896120369250305,71.5071514064044,59.689000842619,28.396972102091777,34.316762381328445,139.25588215670226
68.78931232110061,97.68469201093824,2.576837114536634,21.05776023327961,67.91314601374884,14.732018975267325,180.99221070362975
69.70862914673097,50.52037597047948,64.93781130311463,83.74151065156346,45.72989037828802,64.35268469093864,401.5539124277286
62.80550764720646,17.582590938285424,88.38586676228839,15.312800777706359,95.9738079807073,58.04528305801308,97.80726714190783
73.94074310404609,46.41104397134925,38.01206379013071,63.965454092569615,44.70230884395959,87.93663357515133,159.22252437591095
71.49836297897627,30.413614448003457,40.9251774696314,23.263089182070328,53.16693485381585,50.241839157074885,83.74303276181175
17.083369414201144,99.03353628329576,51.49405818531309,24.302867559870467,69.5538927393765,45.65914333126974,222.9376271840987
68.77390268189096,37.30003934142082,70.42873158844948,30.020936893973836,85.2239473389712,42.49619227956551,119.6986369252275
10.473431480715355,83.84730560622027,78.77295709570944,40.404200903978015,3.176248533821213,38.446499938902214,301.88892853677146
80.92273107594225,94.10138618126652,91.38262005570401,49.30548555818015,26.438147675162792,96.9545147167589,522.1459978848196
28.18546597898789,12.523526806671981,42.608309141808,97.31168528292137,74.54267544821403,59.13092768286867,246.80324337959257
2.4348519505989374,89.1118919334174,67.5188216646833,63.050367607523825,35.34179878277117,97.38261151266092,242.4030057028889
65.09904443333419,13.790312752471035,48.864587945332474,23.240275774533536,66.19868329507533,85.91701010425933,92.81962985561981
65.26418469351974,64.27802908652129,37.79316812791568,83.93360160378954,18.125515772039535,93.11971052444821,295.43655018150423
55.01834072916346,53.401940074596375,85.7376828266051,59.4385027657998,74.64223867385408,26.97469805272048,437.62774171602643
60.41672418502794,78.8832713250502,17.48508789540154,17.46240956605709,65.91999163762726,86.12508858780079,212.23961809647525
31.165116506127287,79.14210632542853,38.71444902684984,58.6310123686262,40.9734885620235,33.22124838688975,213.41336285929268
83.09951232585003,62.791710387998165,73.73250699467955,93.70267234238499,95.04833362735047,34.674033349884816,465.81255529600355
57.16699348376796,35.85332176650022,25.119676626809817,83.93920278848104,55.61952393397728,21.061543267448556,206.81207233074616
16.905866917749268,1.361792722001487,1.8660008223052915,29.074776234417122,14.220525556360187,57.90418961692877,68.10392035828637
24.338790078332906,51.44148606716096,77.59312645418238,6.445819025801525,49.240498303798894,68.43820570853039,332.4229177854706
88.62564860545183,36.03587619580734,77.83215525816483,65.84465702412673,49.37993305603875,82.93289295757323,166.2552671874806
0.6054214792134416,47.63682098204075,3.202585806896363,72.71394160236875,12.099203881973441,65.99999200691383,153.8973259221189
13.257561389853711,53.38089093270584,32.79681663191195,21.02080898909835,35.52487295392941,80.66058028188127,147.9327616863261
27.840639064723515,78.99928932377684,14.137121399731301,33.59034865454104,36.22698516646392,20.528958333045246,119.08152256086834
8.663809295021574,70.99989029054282,88.69469209061354,57.32516017804563,35.31674820953658,87.6449183092974,332.0909455547013
97.69669727814816,50.23869498893075,67.0380721053984,92.51768064730543,48.64467946865088,19.973940159165295,478.87499556426485
91.0456997516098,11.253836756043201,8.042604798414887,66.7376575633365,66.64934761174284,9.574861543450242,180.129858454893
91.17580935035535,5.376701769501146,61.013512413230956,45.34949563113236,99.69799689514528,78.5199165351031,160.4875890888664
66.03204977141938,83.12749957489571,47.75940203632004,31.82147408688165,15.59234003261839,46.89328363520113,332.2380315556686
44.245003936056825,22.609998897491945,29.245277756241727,44.30671441206567,88.24262261566115,86.07983265979315,150.38326465509414
5.660564695871296,68.84279266719847,65.03637456764153,1.6178010186899794,77.23514995229047,75.01149087666111,241.7787227264236
0.7218345857313846,85.9409322075863,15.835859055877888,26.233548387792816,44.964970806062176,89.42753847520426,57.23009315990107
48.895606466216044,34.96757613463988,3.4777551975734955,87.3561578885952,4.9457878795411965,50.328332289712364,178.17436729286925
34.45908905605839,38.723867084060224,58.15583508586863,99.70555013085112,56.550484866643224,31.897486334980663,238.9964396683525
82.56407415510587,57.78728938497413,89.78173024760422,48.55826949911194,58.4224253516775,98.91121885806145,520.6462412543794
65.53253998527238,55.232683788424595,95.44067483540852,86.81188933161691,96.71195457351676,75.15886618429445,497.87371188711074
50.70438855028592,69.60144466285124,95.15807099993597,2.320501825886745,22.653783353196232,77.21590456251323,459.8142198754907
59.686444762816016,94.18674140383604,96.74916840343172,63.57854157443463,35.26629450695623,20.028940640079906,487.8382013190511
3.311865986375029,96.37650974672009,61.47939176635152,47.641946767550834,23.517748226083334,73.61636103475256,223.4575361481679
86.71736518813265,22.87974557928134,45.63388571717749,38.01862814798255,23.49884243571525,33.62227371628781,92.48644600096577
30.32701136431757,67.83119229060189,59.83873198615033,52.622252359678335,91.2358243884017,45.785667208811155,285.2530903623201
21.77762381701449,22.13794034932095,34.9874524913106,46.6905991008598,2.9801603828304324,77.33969673597531,95.4673104697009
33.45161433240161,38.54974433783125,38.73696799430471,5.185314526137319,20.26438092570916,62.11331925474062,24.555695700271045
3.7555001978034075,0.7911167094477478,13.516638704754502,39.4145385233024,55.80098265163693,14.282783626678942,117.88976490275064
66.99072621674014,63.1133671805959,30.549368104682063,77.6919936065506,43.44189158171815,35.36391270893188,274.39960390823757
16.94005478067424,63.671921959759345,85.15959833619688,57.44142814323373,6.866829497721527,55.63671316860874,340.4087311283747
29.406939917068044,19.509391145874012,18.221355799632157,2.3870535377241153,79.32468366439556,3.676717836880694,60.30138564052512
36.10423624005605,89.3660145923809,94.49981641538841,92.88964634279426,3.4445302950910306,83.39635897190163,421.00994805399955
9.636653697156605,73.22238171565955,19.31932057271919,98.08253771928885,24.631950399678203,27.77511931596699,91.70925624740867
70.94074335795753,83.01763389266846,34.84365797514906,46.65760265329959,33.57869351989828,61.51756702270388,299.3046613079155
86.45627988644945,19.430883802860134,21.61314413820761,28.81182902222389,48.584083378059475,33.899514370752335,91.63251640908942
63.46084881468818,75.45215933206237,91.11666014181743,78.29089080716301,3.2969496469522186,19.157505380930328,477.56043253308144
45.29965053986561,32.62805271558502,3.292819935736957,12.39570402431247,2.6566962855408494,39.496712334348906,26.651095448503536
31.517208665632513,42.709319109094714,77.09700047041159,64.42687724955296,72.69859798457094,58.12510783687043,179.74277308830557
14.916121922034186,91.75391696043839,91.72239838187946,30.94365820917654,87.88591292008074,53.093479582004186,358.3186991416636
13.037442347772876,19.787682089852332,45.742858070832796,52.45919534799705,53.07198737259261,1.9945821981431133,142.06878185680893
36.12222687131818,34.57160867034329,57.3102164607161,26.27088200345087,22.348867670010442,41.051358666278894,68.18597137590905
48.85606465465091,78.98313854618328,42.48365610280547,12.959119839452892,91.11185453999687,66.54202283688056,270.8329579964464
56.63793321950721,27.53934516588412,3.6251855601452943,91.0432448894614,23.806563504516642,2.0444202096093655,198.75108423208445
47.20810426725457,36.66107708621925,34.33347507304185,58.160346688972034,12.108540862068685,90.24720567771654,124.79667198139215
99.61187144323914,16.82457034613324,1.3146579970442107,91.1697139754144,66.73456700283067,85.12119707092009,229.05362485281026
99.99858575125012,42.63402616735637,82.54818452277551,4.4582245060657,61.65680927581283,19.559654930401383,52.07621550520038
78.92822109724536,52.3761275089474,21.680235835526517,76.54362743857975,89.08029086253863,29.10648941167938,273.2013781674562
69.88773606877288,93.5235308575185,33.286118732199654,14.39403159865169,74.98278985873866,96.46009628991303,291.220755734631
31.751145805904745,50.11486977001161,55.94357206864029,55.69131417110762,12.073885753429236,89.86834883926838,275.1803667550029
38.03266768409343,95.56709231514539,79.34546171372746,57.98938568363473,14.41334736646277,45.55548084410489,372.7907852082797
8.00102528051947,77.32270856354275,58.28510312291147,25.21854825122284,96.28303681164131,57.62001005528411,224.0004241314888
95.00197252449298,83.28801342447137,96.53967854047761,84.5654483084302,48.81292262161132,4.527753864589323,575.3938062029041
97.56995196196456,13.204556580099968,24.66434360604193,57.15237421423598,88.84028318327813,48.94612697583187,176.49294665676663
71.9305262911496,78.27800789330837,80.6357422517977,94.32610607840094,3.9887220856993366,85.21359010138109,462.05141360916593
89.07228831130723,50.367180327193296,15.231203036826491,56.35789031449298,20.3846834439982,87.6371501915194,275.98993140716084
45.40751711374668,47.04952534222082,5.018056024837847,44.00381010390916,90.11589254738531,92.92435063024784,151.08874499098803
38.78932774977627,63.60353050786151,45.81356370844666,6.16653370339254,85.74804389540982,64.68526996358082,257.32079235400397
7.891531116722394,88.49669349891603,85.35437905070205,12.761332025154504,11.160068308460325,68.82256253582105,318.4691544692632
85.20541977593098,79.89062685808301,13.517106723122762,23.184573213273506,89.77907108613341,90.93982019191525,260.3234229707571
75.62230408320461,49.960857721466866,75.52822645617277,93.31218414028582,82.07554171288628,54.25319085623037,244.07724747959202
73.14614692949334,37.90359906055375,82.89920433660187,41.95738900387569,58.93721553498019,25.93961894835659,125.17082888223752
8.049529258318112,36.22874528597983,28.965587623187062,58.867044777417,22.23297738022736,6.8851185663082575,133.29717372099316
52.01748366408879,26.618029840242595,42.479444172122086,46.747287822727834,10.401183080181243,83.3342120587546,100.77540380158254
36.724853213345085,37.998245034455024,41.2220327700425,89.03296436359423,58.0814758548546,26.350133861898783,218.72296182558668
85.0081057880224,40.717292464827295,46.52511742333474,61.13953906199192,33.42537772335062,77.0755800654205,145.67684253032928
47.404067449632834,65.42891497578289,43.30959755965247,17.186749850507987,54.47551060650346,71.77390342104002,270.09376008286574
50.35532678666761,85.54106748632314,84.10083952813518,96.52341802299792,72.54086355663115,83.20629301592533,420.24125531514215
26.78217330970113,28.351275990959437,40.73106352654074,88.11342531366593,2.398060775404154,75.17533729604065,177.90549317011477
31.88837398114831,6.2057803881185425,66.29721255755864,47.702000371901455,8.935650305102794,49.58977062776408,101.65895595737487
74.83485070301198,57.54104971845538,90.55261029296537,87.84516683836367,20.98704388873609,73.16779816276883,504.0212627829087
84.05108278131279,4.2972423779537365,93.35419697466686,7.966560728579008,14.962449642146492,90.32268059839762,26.406836206660557
95.16562743430943,11.171466884949933,78.08401330294777,27.65568921826489,83.82293884620758,94.72772415586711,113.98743562887508
16.469263861795667,41.18027854038091,56.070721414302064,56.928401083631606,7.2102837948196825,52.839200584615945,118.90400082363699
9.058819420631714,57.13887404100599,95.8489051049767,31.0595610783032,53.361273820664366,55.00311348717914,358.11821641899775
74.86637037820103,9.489674378427482,40.44274853435058,52.23298884215052,45.93966117555488,43.86124189433011,136.62374050718944
94.11408683857833,65.4138321497042,40.51587809175906,86.43547939351531,3.1944005819999233,14.216513312505407,377.09079041760253
98.7443176194083,83.76131873006672,40.89787104910003,30.988319909928386,22.919225946943335,45.3683991456378,390.0033427203709
25.389254078270607,84.90196370699657,28.32446848533461,88.53703821106195,25.50281427926222,66.67405542139888,162.60877489434765
11.734606298888073,37.43192492731235,45.795229301584726,98.3214483087725,45.81518972530105,43.655824041329296,228.71352942525573
95.90380076910157,16.505858757228598,86.27838037245783,99.67407357140526,60.60701666197864,27.724202856250322,241.77305880619556
47.88818361575105,36.5802488702207,39.03539583597785,48.9341373522619,65.27303192245888,33.317817862677245,143.55939705024502
14.156235001682616,28.1613078791752,4.991550637924624,15.742218423371423,46.95671158908188,86.21683901112904,64.35413495910015
36.41077604759381,90.80227751364075,63.675557919300374,32.86066442760783,0.6942830428025015,43.6394370241816,313.89139283653583
18.98430985269298,88.57825123724523,39.56097866479419,23.547777270362847,73.1949093281172,86.59540488806374,185.9241999585121
58.46364026392187,58.507352154816516,17.371230283934615,38.837779059759114,2.4494963294961036,67.39792080962789,206.95840665357582
16.647864104265743,24.248813135544744,17.203486247570222,84.01962855674007,19.110296118298432,98.21181006612632,181.41646439628906
52.63806583146107,67.69178177768721,95.26638260242622,27.778918049699175,41.88175556912792,51.47033834389242,465.0275036871444
31.439810115601464,28.99180552283511,54.63186740781031,70.91934051544254,99.3420052090355,19.785857740651313,211.37808467720993
80.57515150186578,23.89094221544227,63.629765572498634,4.801731507366435,45.94338429735261,34.91332071941265,41.7638320228797
69.43160963364994,76.88516733686572,4.2591944781942725,36.555231104889444,72.62670062043432,54.137969678973384,188.4862047578048
70.94069514386031,34.53050019409147,37.08589510639679,71.09008991576079,90.67178594948973,93.32531899866738,205.65042999616438
25.13532738067784,7.894813415723689,36.3082973854581,64.77567155173102,50.178677555708305,72.40603884252161,164.67641739245786
38.578339774326956,83.29183167410534,43.7150410985267,46.578695650912834,36.94862570492716,68.32133819102819,249.44849328066084
12.915157699098911,70.840369957413,23.766696060133306,7.161405186699765,29.469456474541765,67.91425041100116,115.47133045821384
26.152356972566835,39.37629384360053,95.59724984646958,1.0305196064109734,33.099858412223014,27.844623210335186,25.230940101378053
78.90708302042067,20.54535513324045,28.8656352090359,80.85621497815573,94.2241355838744,77.6937287952726,227.66932486502355
37.954741948078585,84.69753164732045,37.55126803092216,74.53426247066602,21.88235940882176,16.809355491653122,226.316292978424
45.006129392175254,75.10136550343682,93.3750304003084,35.86982161391914,57.87753017531856,24.361957486748985,439.32792988151755
29.789631243914748,87.05051693578724,23.870015153113023,8.781093005024577,74.26624696470307,18.212843805156343,158.01913114568245
54.15642347566004,45.13285565290701,10.49451517409057,75.95638296303414,86.03394879286007,2.6498880376919387,212.13653008107033
84.96121544791579,39.2005550303352,71.78001667736679,47.68697531599435,29.160199787739472,52.37535920309352,115.78609048340633
25.730074839711527,49.78113953026949,3.483991784273066,40.31653533612941,13.650168757625881,3.3227067544917444,90.18818880259694
44.37974195690938,22.60503631123192,61.15297375266371,0.008871218018546845,46.84041341897708,96.36017874385946,32.80603182932105
91.2066863221673,33.83329137394958,55.41545208312133,23.390419634534197,74.71205725015695,32.57227340789597,99.07927934417825
68.66337717458643,40.125223584966754,92.67348924665735,87.56016817813355,84.33209680221789,6.8960097099556865,234.1528041178196
63.66605159253087,97.00361627992258,25.540983412281427,26.903694913913224,86.10093066298677,47.16626604869742,248.55857092431216
91.85202138322842,94.60490907767905,81.21768083206297,30.462724771640172,73.35567275102039,78.26843764850734,513.8919363702914
99.78238647082102,39.832410145703165,50.76031827062193,2.0980463291906504,73.1466758280355,84.72109562739116,55.39876573800615
79.96246260871239,69.58731515205845,47.62322396684492,45.5799366080322,25.688168591847315,61.66665189538715,366.58744040573816
40.05925605843027,20.998788230631902,65.53442547473212,50.7222392413732,92.04029680956583,24.422666729672613,165.8726862494425
33.1024957455187,94.71110406127539,80.33216755738698,55.85725250245805,6.903528843889573,14.366133902144462,363.91882581465114
61.97008857809452,8.05133702610038,80.33001691395252,10.879299829143928,93.8294441265922,66.35116066450217,87.43921054690239
67.22496009472857,51.47096367801749,68.5636111645747,26.753634131565196,7.443874083723312,35.897617707763054,408.03503931283285
51.469992286070074,87.6424173252528,37.293070398369835,58.21994764133509,86.14620335548005,67.2729450976021,259.20072710946965
80.84091328160959,95.0476695178012,60.724126134348836,61.27943331440635,99.83703635385697,83.99709363713723,414.6367246742449
91.02034254697242,82.30896532805704,12.337776473261354,4.241901585491914,82.11719803201522,17.34483399901119,270.7330740238458
53.12439951325298,34.80716998312613,75.6896067539013,97.3632546043797,2.6139143200377357,45.65120590689443,196.55624923278583
76.81840881032204,98.67467782026026,55.20059813866474,71.59924261165015,81.08189911258017,85.63291696408476,385.2481155111317
32.829646243385426,29.837669455065495,90.39297992670576,60.35234460882065,75.09257908381164,67.94689856170748,173.26949457630946
14.350059370932888,6.655470299218768,53.24739610877381,71.34556186278247,2.7957466819632737,2.680194004472647,144.64814640293923
62.30468386352809,16.538283061964975,44.82800362340997,29.40809559383688,42.68422327303505,29.70369933889041,88.69514747879829
99.68436460669953,20.832158753352893,70.93486923666761,98.92908675901249,95.72049666770032,85.56432645192025,264.8625211854152
37.62378699287974,92.79232304887397,45.13019334720173,79.39034117107771,99.7394273085342,58.01158127458369,252.0151441974054
74.10470643627697,23.611354678635323,54.81584382186886,4.527590329649711,60.80503302201626,44.96878872091214,51.6187037747108
34.47431390708251,37.65285976253126,6.821633703931463,59.53104162363005,56.19143462006405,63.81682963516676,158.39608748130493
41.721787065138884,35.12753562171221,3.8412092608191784,78.95537394376491,74.83556577927732,44.747789442584505,210.29564393302394
29.92186005857893,46.73766726856614,63.607246643662016,66.78007525893504,85.36644580967891,87.59293546581117,193.31666258464531
63.639683889222376,97.04637763193014,86.44958559703414,28.894150720454558,61.98503415794462,12.29733764745734,461.67275931267545
22.540920471285155,11.675252948635551,72.28591559491939,65.1628839752266,93.31919046235818,9.903010196655648,195.64920127410392
88.0469195386001,96.51135385583225,39.54911203776603,94.59418373925706,48.61720143627238,22.75184815523229,358.53919097868135
97.63649490141424,66.96316303842713,71.390552063774,92.82168387589937,64.91534859268316,92.30478738301501,493.9581694767446
43.280269378682,12.43276066231278,9.983986941417445,89.46160187344833,44.701805764787906,1.6077533395328358,210.2144677822482
0.3954255066767165,69.49431587559238,0.0970527314946179,85.61903301804924,48.62066728440359,71.56877194562504,1.328248326922954
10.459810200885444,19.15024485684189,96.44170772551352,14.092271662081234,25.37286820863858,8.832565472303312,45.945551070209476
67.79444325546852,64.77659708846738,54.74281028191847,30.264608166280393,20.569854907102314,34.57466770213659,361.08594412538594
3.71950693724743,32.2070242341754,18.995209057490847,17.33223520317173,38.21300515080564,82.84989671079853,61.413574011907414
29.955265123202057,29.515581079426855,52.97132155714098,40.88297941284155,18.976708234328054,52.52072792156896,95.04965458971273
19.358427103156917,27.555985144738525,84.58741070011637,43.83915757122714,35.77246594225425,34.99800157260261,112.71904130203225
23.375326771069904,62.749635000824576,90.0700694154827,30.772325466717565,62.31011944579029,51.22517877293124,373.6835598818642
70.41340123426578,8.974856902260054,29.75393732025502,21.388821855343366,28.63230692304605,94.14137004394757,62.82025855681896
62.07599644428645,27.121321626180272,8.49479566225072,25.81092647030041,58.8989183957185,39.31846767596452,92.85109581760378
0.20479363186033384,38.79975738341616,6.743082133366052,1.8152256706742476,71.99694003424919,7.071967959318837,54.028309365322926
88.1984667878025,18.138464777073736,59.8739370852457,37.550440324384596,81.74184424354593,8.019504573886882,132.32017161925134
67.33280562951703,84.29335801715091,35.93033076688768,76.99233846153727,38.3520749098597,3.1688055689691796,294.08817175789943
70.94070138731148,62.42282396427251,18.962870102639595,82.49190307076259,20.28710840600967,54.958755971130444,243.7217988275173
15.402471888066882,66.04599030229402,76.03810509634089,45.66016200561801,90.14983887333432,31.4914096394898,304.6395475573603
41.967199101441345,15.963818632416594,11.068293528943475,99.37245152450429,30.809404172452425,70.15539038434756,220.31148596972525
83.4313794174835,25.76506697594878,64.15957273857252,8.167219921852109,49.7836484077495,75.0649662789794,51.18299372912887
46.53654273704654,50.289291402375206,38.388996678281195,78.49781444475697,88.75044681714218,54.77540023013858,250.7028452166005
77.44482022843597,58.6401504365322,49.94875847528357,14.346142141790663,69.29118712960354,40.57181575778529,368.4327052345824
52.580021827051546,78.23483394871992,36.5198675606961,76.23763473185616,0.002377908310635668,22.691988099495553,259.2695910300652
10.188973633454179,80.17812083394038,92.57738977572936,84.75857444303894,29.274633975032017,11.99604606170931,349.4932982986882
94.82786550402386,81.63772459208873,60.041963839000225,43.75772010364189,53.60173561089693,61.13916347818695,447.21653719656047
24.193377074726506,18.98486643093017,5.172225694853305,67.44012546545328,45.45304246068959,43.97501763675532,166.69738065338927
37.81797251673646,60.80105524847704,85.67207479441025,51.895345122922166,95.66488257556054,99.89393964451779,394.397193072277
43.58984837860357,45.42694654059708,19.434913690975154,81.04565189081964,32.06258095626937,54.69355957750168,184.53511045102783
20.235186268426155,29.968163020148218,32.871131252315976,43.7907731233395,73.63412828641064,58.44211031918568,139.12543604716643
52.145723471312444,61.43877149548204,3.009650612249404,30.93963526590704,63.99611847484557,59.113763350542825,140.898085821154
93.51759679037767,34.31700906439763,35.11148662936145,93.47017439794662,41.01704508550525,7.47707280692641,215.6522803557469
68.89505495825617,88.94781396949631,93.90227105737199,67.2960252707787,94.12439992245004,61.16518586510586,500.8955860964424
90.02948063780995,62.12867337752886,50.178966856279075,92.03217936078583,25.78971461803421,94.85074108128089,400.70008559150165
88.55225770895821,3.4723993091428373,19.8676011641693,83.66639668431979,18.666860144285703,98.22742107868638,180.39959546963956
50.338890481748635,70.80368858442928,74.93628992799272,23.422304547516692,50.49802402145117,46.74007076748825,388.1242409523461
71.56840441692734,65.40369847380983,46.17025939007268,30.744796513128257,41.78091189663259,2.8189404599025525,340.51691890757274
5.2511226951049705,37.29443081221467,28.90028525662164,28.986544495941413,48.82929969667753,62.31230540035788,92.15359877955709
8.241192026000355,4.315553977508246,42.487307681556494,43.202228827050995,70.7143016102347,14.863208562650708,135.90446878126627
46.23758128363523,82.29134492918682,91.78613047104974,94.07743986381749,52.03992328121697,74.5665261565782,436.84540985776215
42.71536843033863,11.352754550035959,78.95949798421003,47.48323198649079,74.91590468636595,43.235049691602924,147.40759725343776
27.76286495852853,3.1453050100328617,22.847539016354446,20.942978654852073,19.112818489137773,51.29867198193268,55.264930252100584
26.011195019436506,91.330512437762,52.511072961945935,35.35151916884587,66.42615739307026,37.4973135776976,248.81674291540202
26.751144560331753,83.02794205816043,54.39271129596024,79.96069458889664,56.88200462510278,58.281707388798324,257.2523509366902
72.39429315980558,19.634812833775193,7.5464328037083135,51.7412082063986,4.669055135336187,89.8199101416926,106.75075500753253
38.046219435378035,23.22629338502803,38.28155499160856,55.98637046502994,20.599675530593544,1.7721078125120138,126.39251380147536
20.451021814564406,39.345415096542254,49.99520089779508,56.11471156181055,96.4434374609312,43.0302856063995,179.73982934627293
10.207894724229838,71.73767588696921,32.51050994631323,28.168815454918374,1.5345440650625042,9.348454808200335,139.30652162267089
49.159295125995214,21.210281731438574,60.41554389578573,74.0478172843002,51.46211075188848,33.57650469249076,184.11911209492231
23.350617115469753,94.47520363802333,45.16708737842262,40.03914590940633,96.17847408156209,96.85736069716633,216.46134861315358
70.04553252887207,93.18225450308722,90.47884596601435,60.15713523048088,65.21303046465306,47.89105990111809,491.7897922032304
79.96856845155258,55.41390492627595,5.08700138456506,32.01510384275493,11.501734027764133,4.886550043172589,217.72592597485917
9.194242804251552,27.185811522449864,77.64716676332284,44.75451481794699,34.21770070274525,17.225638031526913,113.46142012781566
20.80474001379922,38.90193318024916,2.472556527473535,20.667940966461607,92.43542808979196,70.704424471428,106.04068159577758
7.427464175622034,48.61380815755659,35.21813559249172,34.75758893256143,63.937577629900325,19.484012748201916,114.2714822060531
90.8097359185448,61.13088035864315,38.53175879146681,18.181420539185734,61.37298889326801,30.999957476877672,361.8854955664958
3.3971550005252316,8.761085099495691,69.15027095445964,84.4052230988854,6.630143552537204,96.91238613990602,173.45154668454686
65.09937703115992,78.40374991586103,40.87334891674191,91.38954289086107,34.970895211356314,27.02634425641419,305.80516378649645
22.63430811405671,31.98390066997302,39.19495652095425,43.221015861285984,65.38206447802165,35.71339347500564,132.20947685718713
1.5584481375332415,7.358660861907007,40.94380782846871,62.61164154434228,30.89202380451148,6.896290918056424,146.84769975184258
75.7744264156279,17.831152040971222,19.849597615841162,27.437700067295946,21.34762993310665,87.73213231411886,69.81874108776654
15.351189546656585,26.70091666482033,71.218071926026,54.210461321918416,96.37336967996116,89.79644334046098,175.88228141980966
71.22972450183504,43.725385328105816,26.509778806645013,46.73967974368577,83.89644765109077,45.319544678472376,152.20687284313507
71.08746327968994,31.26555613692371,23.15660435142226,75.38095759542395,81.61311426821972,73.78290214291044,207.8910951786017
71.50423902399613,75.97863963579519,53.93650150404861,50.70059359542677,27.925161679303113,8.310535821194554,367.5383528241605
60.756753657069,57.377074895830916,12.117100805334546,43.134519091944576,43.96032484995932,32.58936258378085,194.3017369613434
68.14879593773749,56.0101818609672,27.767873546429456,38.68720229763268,69.0137358170211,6.761240570162331,267.5595472568468
79.78046527931927,93.49252393634208,22.460017857358196,19.775355310942434,3.753859503773449,57.523946628053025,278.0612256990519
18.028537637188325,84.59022998759366,95.29290292692625,3.2705548597988576,35.4076218899403,64.67185714565841,378.5965043372127
29.646279133105914,32.00871738481802,55.01282563717523,36.37285148895195,79.39527474946534,58.05025593146888,128.32239530252963
73.12656441623675,79.76579249373975,79.06832702307392,50.32982407316982,25.982899299686935,8.378563112107763,459.55555562135055
63.57659898005015,6.883829534528141,69.8586794767899,55.81570167878422,7.853892078382241,39.04282091006641,117.12912781243601
47.53294541463522,33.831789717548524,86.19770181486355,59.05376109303022,95.40233435383469,38.62996581162411,184.8891562337447
51.546344440356826,97.3681587631198,10.090979643194874,9.990653926881388,7.290424352494373,23.976542617124785,164.18428985207413
98.56918134911933,41.29263531597973,7.205214080832956,11.939292799422141,81.59593129744978,97.57066446482906,80.99573750705912
72.70375970467005,60.658415532095276,6.7261073407010485,23.460769047290654,60.84882027724904,91.45432465648109,205.3007749541288
54.17399545669319,13.216512335645724,51.425045237639566,38.65623712167575,86.50051436674278,70.93644952307724,137.86283430007143
46.86103969934234,85.68437156883937,1.392366483162688,10.725077953693308,94.90431143413275,37.49659167991256,122.02588193942526
95.7270514458201,33.71658502141821,50.69028796154653,78.29172412626431,38.66850760565455,71.72278848323423,183.6514035764868
92.20995331334353,36.506291680223946,81.71393162682219,5.723594775496865,91.1688882153842,67.91094262877316,75.26541130176267
4.413047536998283,51.500445643516294,19.843802802063315,72.00736695912354,5.906959693362623,54.420155821085494,80.48592864971731
43.78090536124485,76.94604237628896,4.484450598197309,50.70865205833503,10.043767249354163,63.829692438667195,125.1478404968027
0.02936949805477651,33.51109356881743,91.20659933727363,52.53683515674794,87.53357888236472,8.616946720394235,166.34717553115118
86.40213110433935,38.094362070843836,83.77564030999346,36.93555069969038,12.471611082490085,49.14761228818241,82.60122915712383
43.81627877515722,38.639803726682075,40.62765540212045,98.22093643117003,99.13737699469421,77.3525842559344,265.838036758626
47.029021965875415,7.23125510505136,45.052093228500446,51.83258771884842,49.279619016056564,21.11170368220551,138.16090874893644
41.43940627349657,97.32326815621735,95.10238314221199,67.42190832545269,67.90726116157327,39.0606090089296,436.4568566814834
54.301880442059925,80.4660522769849,92.16418803778598,46.39248304481759,40.617860841819976,84.7093461479151,458.32935923740075
68.68009420997365,7.544403861902893,56.185139090872646,24.1781092791862,83.64270365079513,82.27346548833061,106.90611111392897
8.053630562819858,32.048158318764465,1.766884001394331,92.48435385815257,93.58547559903698,57.77074937555374,250.47854063563102
50.68990307600436,79.33827831297172,89.53461327394349,7.854862921963313,99.48643390402192,89.46777949308468,440.09590414881313
8.227334488304127,10.81910387048005,49.262870529727664,52.61731209400231,3.500714163670615,86.84609622921785,107.68512410257405
55.84138109197438,78.36163162272723,18.91903836994926,88.3166993251805,47.21981061347127,30.510941592380924,205.82008702475838
71.27666076900361,78.67098114684465,81.7943946783515,34.39389579598499,53.508988828098836,33.937348425842615,464.47203329673926
17.258000467548516,34.416467266734315,22.871586863554626,83.79082236201755,24.63739564364651,47.126850218721394,184.82782167458765
12.610660314873334,57.145923488241955,87.10881660706049,48.473467890923814,68.33646862401254,61.05922897982856,336.40750891189504
69.03192230805372,93.02529462551067,63.92451015395495,1.1111135765225932,27.067957394809994,87.63067726896679,396.31559130897665
96.00755572937317,46.45580455814482,62.298758018156434,32.32286770743281,90.9849638845055,53.37332917124692,128.33521013401946
79.93901228056785,97.23754013485298,83.96391359775566,87.42653587907574,31.53496044274907,25.889588998206225,493.7212282935644
45.160538692341476,26.220851639122543,63.46848311503985,42.36351478047362,36.02718290734305,82.28398683641977,109.94605759608737
85.13639350205865,92.80374957255304,74.73529023732323,58.72735195143376,0.35036917987620875,70.04832592797734,474.41449958577795
78.63173891643726,39.12042803284685,16.303924421919437,54.331270322756495,29.89968213171046,17.40392284224308,129.59231813771032
55.87847116096173,52.686215273202876,79.89329041899956,93.68704050368257,51.111359370017304,35.015654402479704,419.3226943689028
67.47898514734477,97.41873022693888,88.3245353920834,45.74738055051555,77.20413437827912,50.69231149506297,477.83333674065386
8.713298792209724,16.58166079944383,4.227379167158929,51.337421366672174,42.120324305814115,18.03966917214931,132.15906974741424
24.683109800191026,37.972728675829536,66.27099410167615,65.35583531178972,92.51582547079687,97.33740975536158,195.47274845313723
38.92179327829582,37.7137031362779,96.80844230213049,87.98892721877836,46.17435331129207,78.90698640164385,208.29990175546118
17.241883114902045,83.84914962789354,46.63346203993508,22.214518393252412,9.561549015916771,86.1003983658069,206.3218249270279
68.13820631924607,22.609786159138135,37.78956456500618,12.577561044390196,31.471110919804303,85.38288120812574,47.1848997326434
45.40998112445024,50.07188783554049,33.75098414381538,51.83456969430155,23.86737081196365,46.85668939190775,231.65339731447943
23.140948955348385,39.90937737488795,93.45757888618263,30.264605353968943,36.05388183912625,40.46649158338901,85.76692799532626
59.05261379585025,57.29073716163753,48.21333570641608,38.344400312688535,41.09000378099692,44.965371431501225,316.3782094620819
11.728695895659413,61.45715217514284,10.870180526374828,81.63462411360476,11.769238822944672,60.86719871952039,67.36737158146043
78.4437531789772,90.30684278353608,78.4724095826172,90.11181140535908,91.23382809627128,0.8671384360730117,470.76281648660324
32.39750249979474,83.0170494639389,2.02677820723961,89.2319134606925,25.136682018184008,25.81533794298252,88.08747997482548
56.07816919212536,58.40987449972652,60.62106341952196,81.589742467323,28.818851194497864,68.95543085062337,352.36914494864027
47.2103449721769,52.89999268965144,18.009439534278336,74.44501906878035,35.83027946860792,61.90245890347068,181.05890080041644
57.17978474208305,81.37635565505317,45.223053501363395,86.35817880969657,70.8032031249715,32.28515996240684,301.2301491099795
61.80141916602777,14.630179549146128,35.89364060545249,5.8934878676272895,28.648190696652776,73.10329978082463,31.84070922291152
49.57709791224452,38.748211066124746,5.878525518450706,35.41676943242189,27.677050551474903,99.0778811506915,90.2074742508762
92.88318083807688,44.48184348638799,75.46676210253227,85.49058670834651,51.89670000577669,65.46382122319496,207.3088634207367
78.47977321942378,80.65506391129904,61.885303041127834,40.739779450232284,58.63304894487972,63.25176922061983,412.7979936925069
61.924983903460706,36.30042660952009,28.905606915791694,70.25021257136319,14.041161925542866,53.14646844635208,150.3292384906064
58.42867841535806,5.963352777868947,26.906947465379048,26.936967789894062,29.081798017076977,14.34937819591795,74.231194191742
33.847921546207026,54.47913656661768,24.55242691907906,66.67574682524928,11.277090412941027,66.60608416903082,170.55329808229428
43.305056715016676,67.92990824911402,56.98442409953483,13.571083921538696,68.01899524275235,52.25559611088837,307.70812613591363
21.631226094019496,41.29389521139058,55.79230562231417,20.21318475848062,1.35033466273069,14.626744877378872,41.37160378087272
35.772680462098464,68.80710137618502,54.528914759442706,87.2646546565703,13.864293089902835,78.99279458004793,280.2829028132956
1.6514327342310842,27.006696243839745,87.77295552921734,54.77034168136511,3.5061280063755196,79.78194014761851,111.99497296719308
69.89019302850413,52.991271671312475,90.10915234465091,96.18578768509815,0.38012173230258517,3.6497101473342064,490.1075157775385
30.376225482551746,50.22947077493727,8.321317870114775,96.69852482946591,90.87254291554339,51.587475122196125,105.06517625178108
44.86910869553651,3.3256110301830066,30.897393863189173,89.83474673885938,69.1420567764266,7.145076645766302,228.06893322121738
20.71071910768326,51.99750830276817,14.899596797311098,43.90252767421185,49.8846716628583,23.198573086183384,103.925386559797
4.0661947870784925,87.06325172038862,13.56397258124037,14.260083853484929,1.770546360365044,71.04660702465596,57.63939100203753
25.844665935711063,59.83361329498032,26.80670340805976,13.889425732530148,11.531644456934265,95.95959785486295,158.43512676748682
41.28728390506552,86.76584863929394,70.21110752314007,56.91512779521243,43.747142686945374,79.06044584295934,348.9570860936541
89.8748889322273,27.791118939574222,81.06926334703782,24.586069957153356,11.25936356826196,51.44696198814931,57.05369441209008
76.34280476335952,87.05740629441574,8.612457389027083,16.322704778034456,42.126617412642766,51.07572309750886,221.0006127699936
57.77802042868263,45.04596641926963,11.579723295128709,28.649814436185483,8.287629721666024,62.852686677693825,63.10096967753718
73.53364472065296,70.67273569244477,62.57568476420216,49.54794421501474,41.81965118137253,67.79336456587244,402.8490084763399
92.48439763471231,69.0650622961447,24.02733364752493,35.7664666723967,90.90110177481412,26.638251068611417,315.30666185311804
80.35917494141896,6.634364500444512,64.67105718676073,25.186093627321938,79.35907364002452,88.98791747044777,105.92353880266103
23.854733150250762,79.71018088329114,64.03104656410855,18.07401066289145,11.949310114351396,1.3452584565487924,283.7454958500068
39.22764689696392,89.66131713194217,51.86992723404131,81.15426310318145,79.17587659945838,60.34557522302498,279.61386256155436
53.287014075829084,87.8436740503877,32.62166822014311,1.3702195600172717,38.34176808398047,43.28159664455777,247.39337396007357
72.31232965695301,13.057675001725755,94.81268805481413,55.033109239552516,95.39954583968638,42.59120977693341,176.8459005668855
58.481779890399906,66.08432187081549,31.8339102030787,99.15671771466424,59.74992721920048,28.508729737873615,257.6231354367752
58.93514218973787,27.348380528602554,43.47657715943002,20.03640693285683,52.060507389516516,82.26167067788424,76.51516903837522
85.569822299481,0.3186727390047439,23.657212655112826,47.841672386904364,85.02858571363868,47.13781639063953,155.20335477335578
15.97278009908809,53.82426915796008,5.939528096560965,21.893606809733846,16.3107871087657,76.0022260112041,60.7202985856836
80.35698526693722,88.40522279136256,57.957536784766205,49.567781921967445,60.04509033896286,49.399381317225476,403.74384191402476
54.76857747607814,85.92785089953175,22.736969568875843,71.01238052904209,92.89223226703749,59.65747873712749,216.5008371812608
96.8666881655705,37.21589086167678,69.22058583158253,24.151760035894654,67.65546965981233,13.283272742063035,95.66234883365793
22.896693596620132,22.05589427856439,66.9843619657383,0.24530142002370248,53.56998657836976,79.69766209819639,37.989593444906234
29.66145336841175,30.741176650491266,58.080209813810534,13.516050331371055,19.492405459597684,90.75272567421851,40.676784484460484
45.86344902015789,30.87437776956916,89.98892349616101,51.416755854557806,12.61210888733305,77.66572702013312,111.66198793024874
46.60052229776663,60.4425173265153,61.58400144341874,70.76306362195405,20.030764328201023,73.618312330113,332.0453107963822
62.44394101774729,54.63593824658326,43.499877634520644,3.473263679645633,28.634570982042582,38.35020340921385,308.35942426519046
50.74152091719918,24.367322288681247,76.01140425427417,1.6867057938262375,76.07214718880535,1.1146395787986707,56.62391461981622
97.84032347873753,7.2594569441350565,43.04727493566808,1.7023819323917277,54.244127884804996,19.283286532748846,41.37565338414695
74.01973820557423,13.749228070319896,27.797920479308747,9.03554502305578,39.340723150136945,9.054677585661064,45.60959625120742
41.21145029301269,22.075955384693557,91.9952617350324,90.92243585631408,67.89983769058159,92.93321214370175,229.37475809603526
1.1395694134594736,14.898127840586884,91.73229109611027,19.23647835944261,6.308397114656716,95.14362454628575,42.88883469914492
88.36184341166216,49.16448943839286,62.98640402894783,95.87730102205741,7.277274373743348,93.60441483043626,196.84869410573515
39.78827501023105,60.141596960873734,31.081789464938304,47.55730776384136,57.6681269933784,46.616235492968585,208.2569506528617
76.4912124873163,94.09632599680113,32.379507234780114,29.277546822826196,80.15780792110776,68.57861109907192,304.5563065400212
92.83310163854584,64.41130857386293,81.66406334181366,80.83108904381558,0.04998597635041957,44.818611835330444,517.9069757927124
75.89408030073997,28.67511928540687,84.08413317637216,42.01124508953704,57.478517528074015,87.4243634040073,124.2574524487259
49.58856351718608,83.77513624767003,21.122258390555082,26.884810538834436,74.62539086696401,26.687425473034942,197.899313159908
13.362309571126406,89.90540490521958,41.87075966216418,61.004785143497585,53.666695161287656,64.67231076666425,179.95343274539067
96.54142866432748,28.797591145096558,55.77338662574677,96.7092883639454,21.170614664560205,45.2866381583795,208.23800699308296
83.781601433164,15.941269804542756,53.78639102163748,88.04608847302741,71.74607876373422,99.19771578381325,226.31443208066878
53.096799849278995,59.068363883707676,20.388239837202537,49.17686168684276,31.96156690640918,30.643769143626066,204.1008390534064
60.02636917633622,47.161510205601544,38.731122348073455,57.58961681973768,34.94031418667568,28.671549416202723,139.63745357014832
64.95938392287522,75.57067409803241,21.124401730799725,38.75791350907903,97.54755924368641,8.084796132809402,236.33386586498708
36.74562482874939,46.787214837384916,13.551997396277704,73.14462407853985,42.612353261741575,39.335836641821444,176.1178954402988
36.68991506912829,14.768256670503598,58.57218757871585,64.20679482628621,36.00257004166851,84.09885064075681,153.6153886817404
40.99579089998,68.60217088954732,49.186269996522554,60.305124155777314,76.36685923968743,60.12854749607054,274.6414222377789
55.77738738617259,32.371770564593184,46.486636604114096,20.582278115742625,8.67829403528031,59.470826620515325,47.23936205618146
11.914678486038266,19.35606951468898,56.43693958503643,89.81206061425688,42.00587633382842,5.827814033659029,209.02823466219365
53.24360574990662,45.70248133355368,92.26697032886774,8.237181530234139,58.78405892106178,76.00212440486524,57.62320430521152
92.74412634445484,30.324971891074636,75.88924709190981,36.24523959785753,64.76639835485668,16.40482440507852,117.82695804411472
60.34728460594033,81.403113541263,27.608182865897867,50.5563118067732,64.29445360117441,46.59673537743198,247.49685154549337
91.49705691521581,66.2730914508821,42.27754640826342,47.02457616019979,58.881683291674946,69.16924898302742,376.71405471696147
57.380793806443045,49.9527527946352,71.98772710639433,17.24148348606438,73.7363096694581,58.82192111849128,86.09838374074943
51.428013336816434,60.70439509030655,11.287835473584185,2.3572398320209076,67.99645651953189,16.56057374764509,168.07745749958573
68.85329334899156,40.02477170337483,77.76355923311252,41.83680146157823,92.33246096006522,79.25978849478594,148.3063255952021
29.204539661663866,73.8121493624812,76.33189546445621,49.59935165914202,20.329465497483877,25.58330062759867,340.1729832797564
39.52993046472071,94.18371994382103,43.64805083002467,60.9570007635852,6.780454704213024,20.048037755962145,251.5930040668881
7.289987656208597,23.929001536083593,64.25486684024149,95.20787920922103,61.71507116251003,64.90344587311984,233.6163082321991
27.84746395175386,92.74919710806256,93.1855818343306,88.32614020156095,79.62023170021043,59.96528618989155,395.7681962995418
67.53668043431453,44.54973883107055,82.23885183347333,34.04041590003211,20.768877962452635,2.5183254825779766,82.61904637378106
77.15245531223911,34.86174680405013,96.59990673281168,69.25347914845517,8.695493477552773,40.24828615718731,144.59380373119728
25.351606239607417,67.14339141881875,93.34083545757343,89.21756578085242,23.410697875170015,40.6811569079691,390.07193970052555
71.00902114710482,64.86782667138706,67.99065713202263,40.567905510559534,33.63932379029645,80.03548358439309,415.48985282984125
68.03508609408865,24.990926794125258,25.154126482662154,26.094705463293664,8.84137658396994,25.406516805869618,58.378374535366284
46.498840953528656,48.097952883279795,95.34663742329448,47.30178755398089,79.6154078808231,77.91336149914947,150.33436062453794
57.006210410346256,15.179219255017461,65.00820843837383,91.09688823290088,5.80833868173245,25.40224253417479,186.25961354301447
28.98694058803458,52.94415802533844,58.206850956183864,40.55970600185085,58.72188538166798,84.49900661875922,276.19132981673
41.617015723265524,44.651594798567004,65.92268040579602,10.252701746646586,6.607973915705179,79.6678878364367,25.130985234286797
63.25256625078334,45.849902213747704,57.038447026686754,1.0269979207468083,1.5158078057485924,46.32443413445861,3.1150613055176315
92.12073702257048,21.859746263323075,80.20680749497703,63.21994990093888,26.761253626872715,64.26937646762329,145.17277734068867
49.1851673093592,52.40764771725627,19.514123288527998,99.4676130361603,65.04180393158772,33.495190600519244,191.262349783246
91.09773169705527,38.08134844423543,52.14690371525713,26.428017993436303,60.662269954734015,26.944016065663277,95.31962495518641
45.42141812651871,81.21630561842744,61.859721449027695,19.330286812795983,59.54942544201673,72.67779860340733,330.06257038789374
26.255918732074846,11.862226019961497,37.64961706492329,53.668824859688215,37.737658544694675,83.20961286802873,133.7540107006627
81.3498315871729,47.48281137917657,68.30609198691324,27.22659807577701,53.75941415612456,12.927657497550115,92.08478606084121
3.0109158418852644,46.31148614896158,77.00991732404346,34.050330479612064,49.76814460469443,59.545873686857355,102.93836218251022
16.83546416316295,70.55911899868295,8.417577942547883,84.5639859044095,58.089874120577676,54.70099744499771,71.55018320682497
42.614280541614846,72.12252714234903,27.14841282629392,35.68353340978817,58.011755621188655,7.985918244929069,201.55514624606585
9.817835909649808,53.68791331772432,40.682702423240436,48.011321036480304,46.67915845658387,72.10156766954304,166.93404825546605
50.83658334673012,19.212381996439674,61.71336906856541,8.805996233960423,98.6314809651033,2.1001591475293124,86.65402914349315
94.61110417212689,85.18740888872803,51.241004740477294,7.744207271725834,62.343040200864216,54.99475882878445,415.87127702198774
33.32530139829273,76.76638371111085,71.36858562017852,84.2519137953103,86.66849588889082,56.874391579376706,333.1033031663567
38.286208006960784,28.137596094796315,48.98318038059195,60.56165550464788,53.779535721394,91.07884799285523,158.76898601427155
96.74582315821549,65.24467803375767,42.389115867236384,62.260774544535025,72.41530089042175,94.37848549696479,390.22646343086603
28.940557123363764,90.33735689502575,82.49997872414127,9.985366957957687,21.38546942208438,98.33515445713338,361.1013183429038
9.67709062163895,54.551616829571245,59.36251679875596,42.57376139762565,29.531428461506316,3.3915166191780033,231.96153534974326
57.961566086767625,87.88386213656871,60.46865039825767,27.347331098980334,96.97476716509163,5.485859639023516,356.5441916108209
3.9717654883289377,20.088638544608926,67.34415706030002,99.59896705874041,51.60767526347663,14.293812886578216,235.32330680191447
88.56615510011996,34.18278544210436,45.053913694932746,96.64103198138955,53.4891199420815,62.170332405959584,230.72444792223615
75.90398295771895,32.805720266137264,40.24090013301927,56.133610003991876,3.1230244713422395,30.55584879259402,114.45333713792331
54.949088987885965,1.5297393146228466,47.76378275431341,1.5560527671804603,33.46751138102994,41.507790325810575,26.539363501081876
96.91614912389376,30.636063900219547,35.498179978518216,55.71343321808815,11.851806073045545,25.048475700159678,119.72313068730818
10.29883866784822,14.610577187982877,88.93884584045854,95.63541649008765,99.59189340280427,75.5461873951185,260.9851583621383
66.13941917422095,16.843185616133326,70.34138343496127,77.1165241612915,2.7668416931837414,23.168503795156447,156.1698375078116
37.74037986688875,44.3500343410851,85.66684307875933,25.889495923473504,47.052019271490906,38.804220144956936,84.71540533699064
31.100852658793688,75.82911576895552,31.87313131493632,74.88077571851554,58.347630074225954,55.41820880783672,189.30809124926134
55.94021116588156,76.49536084492827,8.402711202621694,56.46994850721515,75.77327228745602,66.69539989749455,169.2600171238798
69.14347650377756,88.84694130205725,32.253894480870706,66.9013003100887,46.940926013098164,69.59680484596957,285.74732194249134
90.65955131019037,32.15354987999953,93.93753237380005,62.15151710073904,0.7271094605997952,64.08018676370297,124.81201082389794
60.0737764942078,70.83046395263133,40.99414927031746,24.25611473932402,89.43433292575682,47.15653757696677,293.6639636816306
44.96753215473641,17.207832043446846,21.598082248860827,31.389245636871564,80.59446373249469,24.52413877767732,119.1946158864894
90.41444341762546,35.19827414329244,69.06202513561381,49.3654121818234,34.991785178419846,69.54549962657782,123.22507398854069
84.12696444480858,74.121114827591,50.671986218867296,35.61299913970834,68.97832877669103,43.047155145828484,387.669362878057
11.378440472901563,26.00907161275553,44.06124545954677,56.42183429353662,88.96314816982972,28.50389068524034,175.11787230595405
56.34102019363001,3.091105072031719,80.04176380285003,85.1909025478973,38.16242052786246,64.23086408467582,197.0954994652983
26.293788880752402,36.23960110872415,2.1598628514670204,92.73612721157407,80.31834812373593,69.29988080196956,241.6950981097633
97.59996111621565,9.853838681366344,25.87430082039913,3.1376653735915583,93.08867915458136,63.508243666306264,71.43740615539006
8.696686228007511,57.226067152695734,30.75113338941606,61.22463376105488,72.06982026280279,97.78583985728766,129.370682432975
17.79285933718373,24.639446994233705,19.950607240241467,5.163435311085185,82.77711637181658,12.291598450309237,68.27085208244198
49.67393025639063,77.45450692195257,26.00364120620158,22.722106352408368,6.135272876274078,70.92521592139069,215.19756986268212
36.04996731723714,20.865923804491825,9.833971820312303,79.05325873378865,27.837283740038455,27.302100589446077,177.59261608560422
2.2738364463543936,68.90501281347598,81.50853363550318,72.13529999491088,33.956088886019046,26.08481290408198,290.96445884014713
25.9572549389815,43.11378177993872,92.56291116825801,7.636790622646417,16.02145281926245,51.04599717442204,26.488598218776545
31.91814479559988,66.04935925319595,98.15756363625694,94.65993416032052,15.924955985809564,86.90685859649948,423.34683471589904
45.83534940471925,31.75645619114936,35.91861426823948,77.75246419347384,72.94536237102987,53.83979843084501,206.56668204666857
94.73571279276536,56.37098472157648,1.1863666846596677,17.36555168844659,76.28958790124581,12.96967599079364,240.99156537822222
65.7009353861292,6.328347989915583,35.55480549267865,62.62977169489488,92.1531518931614,88.11864132791612,189.76674971500273
50.60202217427615,61.92093728414413,67.99321002766477,77.40988334013602,75.6876713025438,36.71538789494946,364.4812905325171
60.82941544402646,41.294507794251764,22.391341475829417,57.007941417443384,7.628909334608025,62.969118566336824,119.35611936911238
74.40686693055828,98.94282287522246,9.894213489711067,30.976348296916136,10.8315288459236,54.26755013883942,220.64691454038444
22.01347291963217,36.342847731627536,72.6609744250374,83.0787597897332,12.658042345294051,40.90992046259302,175.01814922117222
57.68582611012935,56.9943995359591,12.40186914468956,26.73534348504716,70.09913367860123,6.781191805357645,187.62110728173684
34.66288882885171,48.65195835523226,82.86218084393659,70.98582889868092,71.6174204772162,89.9005958434302,192.1038521314132
93.23941669891387,40.262932279919305,21.914372001438686,64.21202041674958,64.90154072605763,5.8622362810976,173.8551193417395
2.816785147008205,16.79451885414491,53.60909223677831,50.13211670351725,35.82409130077778,51.39084506723799,125.34109731757894
7.727136444934002,61.916008120230956,71.87919091262839,50.900257688237005,19.68495490467378,20.362833516105795,270.8950093065344
39.94027706378159,65.0183839533918,79.98289022489513,66.94213189857186,60.998067782678,9.929723125577139,379.790808446587
51.46183368670606,77.34900340547559,68.54493964333727,62.29460423021938,38.289044197578704,52.50363548271719,368.56187296844564
16.053203067940014,32.604449473701,71.47737723207747,70.9946389832438,32.19555872523878,71.43621570864191,164.52616907415475
70.74315090046703,84.08494498884116,5.341532082116207,96.21895131071383,71.12128820251783,88.79361263864203,195.5532395385743
40.28950234517574,25.832407548532498,21.99456259645858,84.58632939418898,32.244691592454814,75.68965646749668,191.74394290309633
76.05709438002806,4.852036900561629,45.729265640436736,96.91276746612793,86.22052965883277,15.612517039807727,254.1799056934388
69.41148882606822,39.792558602089926,19.584590807416834,90.80641267479281,41.76666593711415,83.93047335077354,210.8494915055655
79.33201118791409,6.008636597483175,7.033354273650683,5.292737562006877,97.77108164617519,40.590640001162804,79.02523227633638
66.10412816589401,43.86388332127634,26.73738782500631,42.09659819347764,32.79097207458872,94.66882308706955,107.14687683916739
5.1795567692275775,86.00503999198679,92.33114877844389,69.63967744676151,27.992122560432097,59.065029264076884,336.1079126476226
86.05014653941963,68.13556867497087,75.02190420595595,5.04050122298837,13.774128036836597,49.88064959515928,477.70203106939493
84.66256024630694,97.96591287303752,53.885079967179095,25.667652140348817,72.56530016255816,49.91088210176796,400.2541805008942
49.83761637971389,68.38127804730145,2.731945138495473,17.77102741972374,1.5071747028317373,99.72779592882891,134.15584893401888
15.619902322052958,46.74677130910484,29.915178893730655,26.514203887134958,5.876812160650058,76.9413362130828,57.142176286724954
54.67744742053271,84.40239449733585,20.93596505019314,43.903786266945296,34.947936259970625,96.77076145225081,209.96949622700777
20.94185580169582,23.962432545770838,76.68074233866179,71.64771276486678,0.3384925258444027,10.838460319356457,143.53237029782466
1.7089511861458684,40.638635465997794,21.941415203326663,61.299190978752286,7.439829117204299,90.34980196683365,127.80626233954759
55.42758791016848,14.504906775936732,19.89155967246391,49.01983011357238,43.91569648521186,72.22270439365269,128.78064776679307
57.34750136290435,68.90128259884374,44.67257955543942,25.225349992039824,77.07979451529113,88.39203138887657,299.72278185129886
2.9698537281421578,24.962692540917033,73.39483823374498,66.99808043332318,21.728083112889685,28.987658736180887,149.20581904566913
31.679008592135006,60.916504016109926,83.82405487822162,93.63844897506578,20.173729421961394,47.35926305967853,372.58171355411315
68.80011108779529,48.123011507058976,18.884817764925664,11.695643760964614,81.20265771762435,60.42149645888234,80.23314792426626
43.33177757836805,83.0730994392458,73.89035070323547,97.31680893399682,19.768517883776894,41.38333463102807,366.9456714072442
6.3906378112417395,88.38303933450729,8.057744767373109,21.272466828922266,25.74674918788469,26.905957707825422,44.17870121391023
48.55706667094287,7.351174410791906,95.28534961631354,79.4793762377506,30.175611566919237,48.8427119185115,180.08168057234465
25.34851170305292,30.415680664092083,38.18577379127998,21.613772420109857,79.27180364256189,57.12835643819114,98.71780739001304
42.42543402917599,30.865143434798735,37.753668160667395,18.288914135683786,29.20183831770361,78.71618964702584,57.0191150937601
5.249526693818563,37.830040946200015,63.50906637116448,17.499198237336056,33.137277639567046,84.76150009586723,58.19449082236905
92.09680015696937,71.78664542260267,16.139190313838505,81.28466433544443,62.47891300445592,40.00649615691558,286.7291664908582
90.84847806080866,19.83622154285014,38.146125855596914,79.95766882209115,28.197067761767624,33.46105320660205,179.65328507741964
36.047836632711515,41.61983677758102,65.31441928197574,43.30885660936863,98.83394841260828,35.35874668943819,155.80147710756307
66.465496444319,2.068590535319914,41.39830481487677,13.960304984381743,37.61927162496988,62.799357217875986,54.254100106242404
78.94117630349238,2.883660625576856,44.68745455889954,28.885887045554615,52.06895313180362,34.70560031753885,94.22004128337176
1.5863919557008277,82.74128231629582,13.375030830144642,30.93557601336805,1.0133595843416998,48.39925406673385,50.778587794758316
29.496649589287927,27.212695115408447,58.19179835196214,16.282592259973192,82.81818155265202,56.35307467457837,90.5379116068028
25.828239841791543,47.204118899308654,27.792224239192464,87.79798193545312,17.1370630450567,77.05096939251521,187.59190800244593
68.27557095516879,71.72018454600925,43.02738452723377,63.62250769451682,74.32793598565577,51.378010020200485,321.2847732332402
29.409759025239634,52.73675276470351,49.597088415998456,88.2636002053362,31.06861077221782,91.9897197365914,247.1142070190937
93.71485471416048,91.17393627967097,99.65957521194942,87.44661255609277,78.05417792860493,52.540158809643934,583.0956500272241
95.12926878048499,81.06330397713182,67.74825827760941,73.18283153544711,52.218233343720485,24.781130369574022,474.94207592284545
78.04854485907462,0.1177436705325774,26.69610199037702,41.007493747367896,48.899153186783586,11.118950361530821,116.2443947254843
49.59133117450302,88.5893565742784,58.03104842192651,54.45271504650954,11.916091506364578,98.40618740123438,327.08699741300035
69.93009826054282,92.52810601221938,87.25022501471541,3.3535041615777694,35.708951865314866,4.166994928000689,480.201033202861
75.03642335625996,63.757633050160734,17.213379733440316,71.77824759627549,13.552102280787292,81.15689722821557,247.837887457691
7.6195924606052845,16.927935943075646,68.26168323053649,0.9039163183644949,60.329735702563305,50.62940706465419,44.0386476285233
48.61633250460283,27.18828512255026,18.14866191382043,73.13411084497578,44.35641353502843,12.848393633333766,177.31771116447146
55.525711938883795,92.08609603472671,0.985266093053272,40.73568283625433,8.071179410503749,27.61011322146266,142.26271117289593
73.32115753000176,83.41419754743526,65.60777616441588,38.23531480285761,5.897552152773322,13.622800248677292,412.93011040045997
47.69329054202679,32.513542394920094,89.47011719123083,39.19691115679193,63.85134658121173,27.773266234262383,123.08976492043206
34.002166276954156,53.04126029429281,84.67302722401084,79.65723856631189,80.23854584078094,21.264571640979256,381.3610109764233
14.502810344486228,33.923930176478976,44.341199492739804,80.73167685607694,61.59814918890141,45.449962778612175,204.58205814438486
53.04799398749341,81.05811712601958,47.452713842934756,68.45259928101964,80.42960001115787,85.46673210553494,298.7044834190052
83.39918800726306,46.65858700775218,41.55756295248533,39.94538399510136,69.65819526312772,22.477510272852374,128.65150467439213
33.259951015588015,30.789385932042467,39.67581645500743,40.194944998274785,37.62924225135181,76.88180684746368,106.73035957249584
80.89282565482672,39.78270060954278,20.060421741480518,44.95934004588332,12.01468131745721,25.130466521211524,98.3289570139867
60.33550542495038,33.63092301446664,86.40196250171897,43.33521190371881,52.63402500221862,45.060875241546405,123.51424130899065
21.376818722168743,30.141734495502494,98.33725742679016,51.9978181870685,24.041742526337696,60.7097603649342,120.8248561425734
94.10728786645649,72.22518515072211,95.63275209345484,94.59005263274462,86.96026281036463,82.52864859134307,569.9828519932331
48.47985126127752,19.123999359883403,27.91647683746492,39.92035104859284,62.32345217023331,76.43818465327296,123.467118616349
6.298205193920592,29.129330817716504,40.036171528556864,5.787507013030979,87.8595043563845,22.262056455941924,73.0766670755311
96.72522863276252,45.20737583016011,11.67045732711257,19.05656975828579,30.741461025223394,14.267629162014561,59.63216223422795
23.04161998195723,34.29818237538552,80.2967141534378,43.177779911177396,32.76273384371877,12.734301601794929,109.28947351295793
65.19217680327353,22.575271101807104,96.54303020497153,81.22040053070295,49.586040964590595,23.03542080175429,197.1510297366193
2.778717200738512,92.84873053626978,38.779543942860116,73.67380344972658,41.63657334679177,78.45590917286049,142.67519680185669
40.67636852328987,95.16880982380572,3.9307968505513324,97.17502195278459,80.8710420862136,54.114183760917314,115.44871028515432
24.383565933058946,69.59240125455607,59.24783777917176,42.818353148870195,40.59806057523095,84.58883601576726,268.3263470597485
75.52239893561213,91.49941675808164,86.43594177652687,94.08941326216981,31.334135212213077,88.28165606432489,491.3317935568744
76.47961320964333,48.715791960464806,37.29822042440042,16.481498763511826,66.8728128261081,81.72919591595418,79.77396650529931
14.851741401416307,18.37787431734046,97.07141905189253,18.671988123389504,84.77941148444411,59.993943120168794,96.68956428588987
26.899600583241835,75.7601753061364,76.98000929336092,2.3742080194701587,83.79473499210525,11.348732886417935,336.67903398486783
79.33544633850364,81.42303889537985,26.237809773187347,11.686210495817939,67.47021771210433,60.57769804229134,290.1709500524148
11.104277758995018,24.69456162147371,21.73971004119788,48.42094635942485,25.03362958020041,3.654684120847118,114.36543342498999
42.96168343956796,66.79540474077457,2.9042660759451833,86.44771642314994,24.205939649660944,14.063768866596016,117.56913986472804
10.113436369370088,15.396625312027279,22.383085603530994,92.86615054148186,9.600434187393937,97.77218532288568,192.45260501413946
0.4239517298339601,62.05771282663891,69.41436010727381,17.671952878842568,78.51712817067623,28.466895056398588,244.01013970004323
92.11617766382774,36.25041593223342,41.17276281059111,15.696485079915279,63.41801448126007,59.17295686873526,75.78558029671261
95.80663840245634,34.39690414293315,24.200904849367078,7.685870989348054,68.08922169135847,31.273011797046845,63.03419716264704
67.41553728329738,2.8391787117485467,49.48027251976656,12.54283297989469,49.35877795705029,61.16849381757598,59.636810529724585
83.1702862924571,21.64864535271568,83.43204478348912,4.536773046839782,86.07589439669539,0.7278242302802496,69.32667217136633
53.725925371438386,6.856257875797533,56.587069169235185,80.68296937141301,45.63863548332212,36.05550920450412,193.3129835811515
10.439817155791198,25.6477897894558,41.2242726558015,0.9258989567822229,20.38877767369828,4.227308045108824,16.12394228515324
68.08007156066454,79.37652449927768,9.27997274005783,72.09794962241386,22.32010437089029,87.1459677053644,202.68008349186374
60.674667669295864,28.38509536917586,8.54626073059367,44.16394483845081,66.35117772743364,51.69279544363449,134.77371408610517
52.715485576101706,9.525307718221853,25.81213454739939,30.742211141598506,47.41565863843098,85.43351534794115,94.6753833300987
49.350595480695745,79.28258925107696,83.30068417730647,35.49011254328405,93.27909099851006,65.27040584418728,414.928883322312
5.298716744238829,23.351361737063403,73.60153980174414,90.26950262801027,7.69567754360615,54.04266758561052,185.92597953654484
62.708714308538575,26.60695775867469,48.30951146137554,92.11598710518437,72.60371645791713,57.02655823321574,235.05457573091073
18.70893149594509,38.35490416073421,67.71472827941427,64.41367475065799,54.79366684237635,69.87666440007747,167.18291629097942
30.528057435047472,87.62247417786328,10.041504542464374,87.24989032876141,24.075313720236615,93.51835054665226,111.46540948624398
42.34070433958268,66.6413225254428,56.73426291136225,15.055530241285497,84.56466173823287,85.02439990632674,304.4216810387246
56.85380441258796,70.54183636599298,78.9089356590774,72.12705725014239,7.3891603583941645,10.199608032957208,418.3157858382408
55.49909202243596,44.065647781849506,74.03425877093028,32.71382506686462,26.891041921103543,90.50639695411351,84.25137947850172
84.2640263103877,76.66550691656904,51.823867962115244,19.71536943903478,79.25005590606605,19.58047812081406,392.04360364337265
93.9484320487242,14.002444677754866,65.7889913842389,10.78066470670298,64.24325293141068,11.834308227149926,66.53160646539344
41.183632389617976,23.307030572986033,89.44254669470075,12.28602427457417,50.442645034187564,34.89042295195953,59.881900073079635
93.03950434115322,92.5202920083099,62.21549129117262,38.27848269575627,10.291195412941079,39.62795287895031,450.3529803719872
17.55497328928801,37.18393675778007,84.13979657421105,24.43298581710186,13.90060351133272,5.701521688637589,58.59639409213662
5.078071777810811,86.75956078327579,35.60174968316729,76.24788013868488,64.72535934231517,59.178467145054,137.30130333561254
31.850315845987932,73.9107828771931,90.24356917538829,29.394589131971372,73.06849995810984,33.55104610811246,395.47828172882885
14.710997588076646,30.20673209196246,87.59791486231315,20.0825796077285,17.185026323737006,50.36560068274196,52.194677642072904
91.96219577070653,22.062993240638573,35.42308492263132,79.67526782071037,80.02595431628157,4.059244818110052,215.36870366281784
14.094500659360254,37.32800051495255,29.048743591868853,84.2098461103994,1.804170645591907,83.73183010497371,169.68261167271314
13.933466134937367,49.98716505270687,51.362245585569376,82.98482354217742,94.89445457582612,37.37037228323281,232.3957652874331
9.472331825820612,65.66950105674474,58.32120814175666,76.47168342941642,4.373959172550035,39.78538794397536,227.80505806069982
45.78959064817114,50.1154753038587,52.963373981857245,11.407232133235269,1.9730350207291192,20.95197542357162,299.84578555692826
12.529976579567547,6.050955727724816,8.63210627740515,57.394219650090115,96.4840245065028,26.74890206154883,182.3272564547322
48.911546442546936,28.998991275244258,58.31449092543107,45.480519652139606,63.84972066812391,47.86950846894413,135.65584377196595
23.504238020613165,0.8741119170192602,21.306127905797624,4.239654566419526,15.24297711283198,66.98984803754395,19.14939311182144
16.438465917328525,81.60655912390902,76.51673917415081,65.51375369912755,62.41150468893487,39.610390657989,308.9047519028491
38.51588321610827,16.836891048308544,10.195779561835327,21.317260860391517,23.291921334491672,64.26354707374603,58.9388666549272
57.11494160225944,75.64311418333408,97.20676617322498,59.98670306932612,65.22633697715827,85.36359314621332,483.011035611936
10.956234875673355,71.48862905439567,12.67021415109032,56.48683198989166,71.81296991913484,52.668988487218456,71.7363367179995
43.79869280089639,55.72318973923901,94.22218872398837,25.272326471214544,67.19646219267474,79.36796464844207,439.27439253620025
65.99697427253523,33.08139644088913,74.63088735292258,99.1201771201141,49.098084717505564,63.86226231049034,232.6090135424821
18.52007181458484,58.19249449273717,6.346549221030761,82.19169643902981,90.68312075301888,84.52444461282764,68.51310181006976
8.405615140445665,80.06687734468109,90.93768832151069,46.993103658911515,28.981830250730578,31.59195072343963,339.2959469764016
60.535648473080414,5.222418951723185,80.43344522516868,33.05553825234482,82.47851276372037,93.92441083235244,123.8460354392939
76.83743967953465,20.357817510939658,18.430000279475024,38.662526694704965,37.05491321787291,82.0153203534247,103.26349264192096
60.24396775776116,21.509406841536837,56.44777783577698,27.866112168612844,23.051642775068125,2.2784135159727104,71.86837427977338
82.63795266442804,31.11761157239422,96.40291558005293,53.840252195749194,28.06363511851221,34.523728417654986,127.32504897445693
0.13224635608661828,88.49308366146403,40.075392609242066,0.24765332185766598,62.420474795871016,36.436543411710765,140.59449002256378
27.928198862223276,87.36107418771518,48.9496328349056,87.10708596980894,15.26373216794581,60.9501507630068,241.1442120777278
24.098645971517463,19.464177698421903,46.5406246686883,72.44313986323061,17.803566779106127,28.273819589949767,157.34877647183552
26.358533990923583,2.0440584497745107,5.006799437700604,0.01792955077024594,11.735285616861491,21.05130213462807,8.250559033343535
78.54550034550051,4.265175950256539,9.134547234577328,14.359704360466752,10.880200634193137,44.170875526728814,36.3355491648687
50.40480270333879,1.589016213625838,55.240393681279784,53.23053870128468,34.778693381481695,9.051326286216888,130.80616276960654
32.56466847209799,34.4937964049164,27.695021333269352,74.16450484091467,87.03874376777996,13.15234403090223,209.25613031927531
1.444054583581622,8.938199226263134,70.08550126559884,13.747669900544224,87.50001709771591,9.803581199232347,88.74535176948959
30.33694750431203,79.20130428526195,85.89293602977114,77.32742105387051,45.41879472678887,20.45238686181161,376.46764486497904
43.08529044191862,1.2457134150523963,30.304107320636163,22.69438777081043,66.55720981228814,73.77154925900136,91.97882241022255
96.54328881062897,37.03480337971664,91.66724612645251,17.276478937772467,16.853431192557235,54.858737392022284,46.350359710335
54.34398422611593,51.21414783591687,70.35084033648064,96.25927886967973,51.77711187032682,77.54950232351976,382.08790174297206
5.13633013381577,43.604600883483826,92.51477691856171,33.976411044781976,56.99366934913564,16.643798401843224,107.8483906339589
47.23739282307415,49.851046319142576,5.637338961719296,16.510429213982135,11.96629915313796,41.03797303434574,41.39726783516085
33.246514143748726,62.56482710327056,86.5790050790071,96.7603207162414,73.94801928904268,8.223253919185069,386.1428031358967
53.24096776509803,44.065039507389194,7.461764686499473,49.7539882033856,11.727209467606137,23.65870792807251,107.7170230340955
55.29789826901062,35.477476843768216,91.59528858059663,74.63894520060653,83.69579056671765,41.889740113024054,207.8649437979154
14.784468716648647,5.040952622842465,3.920660905477724,7.935189755096939,26.45421223060753,20.13829049694673,34.38832807161915
87.58449074398898,8.987128462218042,46.7383484769852,91.08150468047164,82.33362933855139,8.05115209391304,239.79654989792925
21.579626248136453,72.72775423655919,21.54626110940816,43.28876986063449,66.92259797155961,21.409105274654326,129.36097950326968
70.60873276167025,98.16555400988887,7.281050852249093,20.906733809196155,41.890473434663136,53.36017385316877,202.00550988704745
7.059528522404923,98.04274350747494,40.71303341787972,38.027689222208394,80.99672093390359,98.07091182938959,160.14443826859133
75.40959243771806,82.09254120816267,48.71181454234074,94.44212629752985,75.99696688277551,20.953653677166905,359.01533199248775
67.57314772413939,27.539898242081417,18.033069987320594,19.31615469650311,37.971838970394685,2.6257688322468886,65.2125966722825
40.90841200074724,61.821205718819826,25.571280819793117,28.504055355663215,83.12112603876558,4.727490813315716,191.770512871144
86.21672636412465,45.30983412924883,31.010718134612127,95.10491939089157,10.927430357460421,72.34363751376877,197.85904003200542
91.97654265715356,41.833181266496766,30.75715508048409,5.020861054949577,58.38280136998056,66.15473305836231,50.90968306888555
34.29702456233299,3.7733804699241036,24.152605307492415,68.6139400178106,54.20811634532324,47.13547879784888,175.17356147734748
52.479464901592095,23.921028692233804,73.4093691681522,66.26562970808888,70.13532149317082,55.611586935970124,181.62598446139734
86.4096974870653,38.800267261281704,81.53003214616352,48.32938796431758,26.76151001194047,96.20519716243201,115.3918329369935
53.97800845384222,27.14229800353084,37.726056389592344,90.6848412565208,24.55344408369723,70.50811355688916,198.55709337162966
19.979348163416777,75.22898864071767,18.466425452789835,26.33918258963528,37.5506920070281,73.52134403802053,114.58085949330635
49.06792799824334,69.07166406922542,1.1740887761895413,55.20360854098016,90.39252522847606,69.72736913944458,126.77913071227175
76.8461310567949,86.38342433641016,74.57338986512156,50.663125943597954,86.62220356801372,95.29400726266326,453.12219216991275
68.5149904545917,62.03463795247516,78.54617522170892,78.65783847259912,26.884609988448016,47.95884173547488,446.19908941246047
43.09698290179925,75.57631904231604,1.7846484097602922,66.94081592828982,44.648808860923324,52.66181205830558,113.98872668865916
13.393417232773231,93.33831144498156,18.179846198786308,76.64802937576883,50.412922995690224,54.46899206832886,97.11300477768515
53.827918266006094,98.85927827945441,74.33793560877922,51.42252870268227,54.87949038086527,39.68856089729418,394.75257029574254
47.361400168594415,70.72171720332439,8.391923207020223,40.62911311165301,90.15702565771976,18.68381115726222,147.7752316460568
51.88704283828239,46.42344295470894,2.8306890194703227,0.6652892033929159,54.417469569718854,90.53850607087496,39.42280710558903
50.008070273906554,23.33033081659801,55.795317246160636,83.44515449598033,19.32666574393086,19.66527000391404,180.41897501271228
23.88628159354882,45.07456375175969,11.526211763705652,83.6683895336924,96.61030072811565,80.34379731065327,234.96398957706577
9.882217917127733,54.47633793946428,72.65333070721375,69.78731977438734,6.90316519343116,8.14563421309078,278.9922022680675
2.8830235895185963,36.10068849660394,37.012669446715364,99.38961352327544,13.074405315387416,51.79722380502082,207.9313107673221
75.36373792140041,45.278284496403344,57.789884239331315,73.19804037130773,14.982932838881148,58.240586751402546,156.88413372983226
65.12125417954721,21.62025868475832,27.11817962147952,16.665528014473253,82.48961256056197,83.89781595306843,91.07378482133987
42.96457734602882,7.980763952502789,74.8123825311124,71.26382464175558,68.86849343844159,91.29419396277582,190.73559469042027
58.08495552413788,58.14289917413256,61.660909550030894,4.516148106307927,73.78766685433459,20.546488211955094,361.02557223545284
45.946813956014985,84.33683848090519,22.517225837933953,7.533704458980505,50.978197580166096,76.51570417930373,193.6773253228063
78.85486375183417,8.594729628575127,81.16400422462763,88.64636674883677,3.721844364411231,24.8333611044282,179.8980245527614
11.321160106573892,77.89291520506055,55.33621384795963,12.469834734069584,15.446575294550657,72.15029622355755,221.97964873429342
75.37298059075933,43.45457250791497,96.09084311270325,94.66356054116112,93.04316473385713,19.878016746037662,254.4573363960222
80.34005889476362,99.34783435752644,46.54544200156454,86.38129834659824,87.96303613496839,26.882834696156145,363.7591942423849
68.70743700622691,7.91693404736209,57.45696576050881,60.112826793782844,21.62191589283944,18.97837838008243,135.3609947125533
36.525295093733945,91.3649389035525,93.69649689173146,4.811696037577329,4.947450564102218,14.005770985849331,419.2509768553949
91.77370926202948,45.14221245178965,99.850768852384,15.888279482483492,70.84157084712244,36.59350160906275,81.36565855795268
56.070794345284995,83.29796390323374,44.34308062707743,11.245629517903211,57.586891413191154,20.58936418387265,295.3777680579835
9.206345348264177,85.67403879290725,19.945863393643826,52.91095716399269,1.4553265454967046,7.3300923163876375,92.82638524841383
88.13711528005626,7.248565579469524,70.6244626712045,13.268737238917904,39.558620461655444,60.4743919804523,54.22850880099462
24.188724882172895,79.9983056849651,27.513757582589626,2.1708493980914234,46.833935761902865,22.622047523160926,156.76996374449593
87.10487035768347,84.70539545518663,43.63045512853535,96.46042356932631,52.44015013782359,23.36458694755953,370.46876884408243
91.03662205503153,64.9878396925654,1.7463090919601632,65.31260986829149,5.146643270359618,24.186920495280727,233.7036369594394
55.280144927460086,67.72159944555327,52.71085624165922,15.318040650739961,99.85805340947519,12.628028297415806,322.6883591644575
37.19462990015894,15.621293488860676,3.373171382348983,38.90155861327802,89.5053960023365,69.61266910469988,140.4568944281916
12.845726588326045,90.16972087757493,81.00561726706422,12.405695235812564,0.35290067739126574,61.62382951535079,315.63397690553984
55.04278443068262,40.88436010950678,32.61026616158171,78.33859896517595,42.465779804047585,8.572638387457621,186.4032437931852
92.02772162420173,53.06992693845688,86.46026304742529,55.69051632383471,69.738552538014,52.45234547170512,532.6802247264928
52.524005001259745,37.155877019762194,84.4010617580412,47.09970332967879,40.51635775644466,78.18621303119322,122.56085708886884
54.49799810271586,33.319620633546364,47.45436332143947,69.67361334823828,66.40976342175954,91.98435241525715,185.83406109170824
52.09126195701839,13.65099329476378,35.713212909296665,93.55766775809052,5.30143751832064,42.937148371501465,190.82634177900547
54.95857750052392,67.35941581108476,13.90914884957356,68.44263485203791,57.602879839151136,27.856481111726737,186.07846472481728
99.83664060137517,52.63808207779772,4.828946612112206,91.10085960935804,1.31052895350382,68.33107205587137,266.49291464583064
19.65495459443398,20.392594179708155,58.3536461022953,78.16720945447412,51.04015754288162,11.827386646003147,192.06252918896536
90.90278114906731,62.16556713413005,49.6183166947142,67.59567952074788,34.63105765137898,28.11823805127277,400.921061304168
76.24102653855378,7.732089431262201,46.916982947678335,62.828228392864474,44.689018881437725,39.471046013485264,156.93877000273534
33.39042885323482,20.92943682957815,20.710227787306636,37.44657592044427,74.09916457731805,2.4270791587238105,126.76256704501117
60.96922161209528,87.68116585809209,47.57777462607385,40.11635024413545,77.54338325577295,13.64068577321339,318.9452652214967
60.96411482255155,3.68171175561125,56.276969733978945,33.58937300951299,94.79671256115225,28.548701445473633,133.53644481183255
40.605042841887155,95.06093598394095,62.23985352012158,94.45470572437513,16.38491366564333,94.46882740764863,319.3520944251434
64.2212972355365,11.224620784724904,97.8236901415157,17.71080235562379,94.33091280570942,17.38194665349243,101.45324367524417
19.76612398031643,31.079897856847026,10.316768736199355,60.99529296169358,87.40789012682565,10.8759794251855,183.1761090121651
42.62853232707866,11.554898914726785,20.92510097431789,24.81908250692726,54.6962448010056,46.693191035363014,87.92553637455843
59.56169540687527,68.6977364885334,4.495912754366205,68.2080618039748,57.39211693885882,17.642574339559637,164.6399331574699
82.44154579709954,28.116979461822368,11.277450465181039,72.99748178580816,16.75662907744617,87.36462438332224,157.72460392582863
10.459014324964732,72.96762115960675,44.21624825242018,87.32625065351175,86.78412023049972,88.0556890030433,180.90440469588245
41.5143666475825,87.39353585853634,74.73458634402482,40.75478376995921,0.49910624196629616,10.699183930290058,365.35696882304313
61.229251828199516,73.04828995503308,9.13204941579927,44.431065647603106,16.597656488186495,34.97424406464486,185.03530252579623
69.26595646110489,61.20628316058517,50.17270257398133,82.84364960766491,42.19854344175226,63.61997535216189,348.76935016169693
26.62599468896939,56.659248092293524,63.44822617097762,5.353293139002069,12.47027360470475,52.86328318386925,288.6337783208452
9.31102822233052,9.119469919703327,96.07917989279534,20.749849980839407,29.49618890556295,84.24643684254505,62.147032195572876
39.12534272000253,88.70939947394652,82.50115409372034,44.839004759842126,72.51356092791134,69.93006338222695,386.56739612802755
23.37508191004236,43.23308925804915,45.68666339658638,6.262433819714386,97.13313413551484,62.84910194642682,80.51806153428916
74.60739042367354,83.66153342887968,85.32219518229951,59.57101725698981,10.770398962012006,92.95165414817687,485.1461591972321
38.101889575659584,1.422300697572132,71.27432761509458,15.616878329007777,99.69309153574208,32.57930344543993,101.018920733035
28.284584966838146,85.90201022968107,1.1593591268566406,79.65733789590574,55.143363186938686,17.715811357339405,74.7692193610936
51.22504892882406,25.724100601678977,65.93408203642504,87.66031326155331,3.1971083895523944,0.6397367402368959,177.55860239579332
65.48334485393146,33.96717076166772,14.045864362890459,75.09229663126213,47.584184674158905,65.2038943454969,183.4935225344355
40.31336837858347,0.0918702336746402,40.650202279910296,72.31997951766971,34.756162002728196,3.706280610479662,168.96927243724915
2.060992255773453,2.9348520565429914,17.49261919203835,42.46566344329984,5.134989682779755,87.72667064802744,88.52581966454551
95.91328000139416,6.132862280866247,45.96668309963883,5.363026495965794,98.72585309481524,91.43104966519272,79.83415015830224
21.290912528381046,34.62159035255292,71.24492860259399,92.83953780086472,93.08778071635385,70.1808226919409,250.84052210317714
51.39961887933091,6.713297491262205,60.81740078078558,72.01790199936015,8.920688786776365,8.751166783290909,150.28028614946376
7.974601551285721,77.43298274239669,83.78201828370587,44.23234551836271,76.07940926822485,29.426045692095183,313.17356787118484
4.209495605442337,65.46023479825253,46.26992936496753,65.48449289377272,99.43372578250013,61.49725499062206,172.4684917909922
76.34004115977932,66.79683399495818,47.85124774046623,51.54379095708489,49.36510631005594,89.48966609054837,358.3294699910801
17.37219433468631,55.20892978145292,38.98462817338073,86.6923392755863,61.470643474502296,10.44022060085309,179.87668444354833
85.96164768957807,83.0656077959394,31.817162362359884,83.02419686983656,10.81438809716656,81.88768975537661,326.26418749220477
56.36137194328652,0.33892408253204387,58.11647285256433,68.87312871542551,10.345571645750962,46.43439746240904,144.98815758287668
79.48779249968301,26.606900670053168,76.96881275502999,75.53609519402669,14.348927012079715,88.80826528484873,161.11643929650916
54.2840508961147,36.71160352262245,20.18775105487196,44.59585241465119,15.39931249801042,53.70966203150513,99.97122357790967
37.38768271645982,49.507517003287546,70.16705755572934,70.87559123205975,47.592775904718934,12.235569642870935,175.06612559742274
8.284239650332248,58.566560753407074,99.13567415208044,3.8699309250659675,26.088833331636952,69.63467794953725,367.68545865811217
28.230200448000787,79.8988975487545,52.32686182604559,52.315438552213045,0.4311463029445739,14.29914909662503,253.7195175111615
91.77726675741398,54.25357579975718,33.28961523295209,19.75370918407078,99.86023122537556,97.41792127660811,345.95682020886727
38.183008653260394,68.36856936918369,86.21782350501321,64.30136473185364,36.97463632048238,33.21577356697457,397.2199039006972
20.744178102606657,12.071581513202512,67.45854640102993,42.61270333541971,81.6556295453253,23.232715082794964,142.38434735256712
90.47112483733758,76.25441918038298,41.92954224001901,8.87770307636585,51.1016706731833,35.1479049178978,372.9312099334105
37.80387607514045,3.7555004839466277,26.60998277159252,85.7540816374418,1.017751927176247,31.146997831904912,172.22058962390696
14.459803178587372,12.82554516183655,65.0866246036358,69.93789165768062,75.30266086620323,15.13490662037007,192.5876459217035
75.14390651099369,26.29638793947713,47.797537301386974,43.62080154453511,40.744186331475206,98.00809354901914,115.76253352110287
94.82749248713527,12.435494634881284,71.51146829059648,20.789971441508637,23.975176286413692,9.96016641131574,58.36256628350686
26.629146020008765,2.7998334755338083,49.04498261627395,99.06094453036629,90.90667288373844,86.07729843961211,261.75656007934947
23.970300204874984,23.690779520367634,62.52121416941324,21.796717291946845,85.62018298196814,32.39929201379095,103.52756267127138
0.5208241884941289,9.982100373189306,87.82047650816227,88.39476604732879,33.78897993843503,33.728591800035666,200.44181805156208
95.33026385096218,60.50948744150707,77.40856593065966,12.994572074065402,33.56523382049371,79.75163958344935,509.2556403847143
37.22672999812537,13.67303710580986,57.53541572974156,2.0840322137289813,8.910254942381346,73.92034836678175,10.405242887124905
11.765421973869117,39.65194179241847,93.89442288856469,51.61510852811062,1.8912160859629656,9.889394959074627,104.55406831639532
61.36658851215046,54.33929351484572,88.17810997354948,4.765226688472146,82.78898630614002,86.41845697600809,462.03985618779933
41.38056677084626,0.8873365196786054,53.453580404303025,36.32722814622915,72.16509646876433,15.265508301741704,123.17002382059334
94.17501124415323,32.160946654088264,56.74333948837291,61.24027908037862,95.46602820240798,12.893729094749052,189.30677790244283
33.413223904936864,74.41731471118925,26.40302010007861,98.78790124817957,37.38184914827172,59.40381045452223,175.9436301126173
80.87759414183068,95.58910667405463,74.54454634521397,54.725450074754235,75.04338639753799,34.036113096829745,463.0998975628256
8.820294683810669,25.509493887623826,41.50560855824265,28.733704506609193,52.19455480357802,71.35161434258038,94.00359737572299
88.16407206044092,38.58170552288972,1.7962536437627463,80.24107662659297,2.608760585673897,24.722633129913273,162.30828566315768
64.1365078421536,68.50098451812083,86.5802755335774,31.365028279057185,43.062414097990356,21.40722663757112,463.37223397290495
99.24574723291761,59.85908324741583,45.030054138650456,89.48190193758457,72.90413508042715,67.04564722447181,405.71955756757063
72.97660557910012,1.4139436192193489,40.22305217740604,95.16929929897935,38.37224022509754,26.1417671973479,217.199166755527
78.22260364927224,32.540614891737576,19.958313344670675,53.839729736069295,30.959952972515627,11.652400196538759,129.3514265528995
37.22904018491959,68.38228794485188,20.231625482274563,74.59909274721892,86.8897533287246,52.316696766160156,163.88328965025994
91.59889149957537,74.41811523383343,11.325508705149423,99.45720574952563,71.65473309377866,35.36649913799897,268.63650921696143
29.53965704921824,9.92067348088984,31.689335417800734,65.16559593881969,63.07273822925329,7.755592880017826,174.4821086381167
62.77418957709525,97.8912663943339,32.08789077887835,52.27351006787146,67.773240856511,47.45641732618482,269.2430916688123
80.10966870824005,10.773910024327904,66.90281498259353,68.52735649407535,9.829026208662716,22.560624788271134,143.93503133421459
95.20026123918788,54.23488685026072,76.93794187140229,11.979862879996638,42.62461055048651,48.18565973608856,507.2834496478777
94.13298765623178,1.666991914592686,50.500804288094756,12.048800592790322,43.227886512321476,36.27126578728307,54.35712174420567
31.63228750364121,69.38737591024798,79.74091763562434,51.63464519764969,25.645100725465564,41.42375977043823,358.17393048378824
41.37378126294341,14.732989820564924,35.98987155326828,1.0725508398118366,39.47435231291174,15.644844499684108,29.777148298661892
20.51635021213788,97.84417443051186,20.876491037110856,14.395123789676678,23.648468216139296,48.11683872649327,124.35859416023268
36.435876231171804,32.72802380079754,44.92613560678761,42.79408604623613,42.13164373292734,33.69549038647389,115.0803227055214
36.04332060810916,97.50965497839066,88.7793292031053,50.40465256943516,6.500174811929849,59.31093513498976,400.83595373114144
27.201435179700262,9.349627301886375,96.60030665241068,88.14683390952052,67.1277444403913,43.460124978798106,223.28308892731496
45.76256925234697,51.50537059311746,80.14820433192136,5.331370333342312,43.979972349769994,6.190895641412519,394.92513829259224
29.71709901374243,72.0568067247499,4.746671151230708,92.50028424019662,44.507898733529196,79.66715352323261,90.90609656366357
38.88723985317139,32.95209545509674,25.34403261595697,37.386371063428456,40.46066979011235,10.24211734748296,103.09521097993556
90.48157299996977,49.747149192194115,18.27492499228103,97.24331000505299,19.195629878031596,18.06553519767752,207.9235609247281
19.536047975132476,25.637648720445682,49.42300234333911,1.8563904750292681,95.7691679726295,9.161964190832384,70.75119853089917
21.63942891615436,95.47833980637992,55.387030502407995,82.46931632552298,38.200588905852264,15.628980596589614,247.9531790488139
32.14491561985287,77.25206427379212,25.051734223306543,1.2680746501682494,74.20913635697049,33.54224552316366,168.04335883120507
41.01164963244557,99.12852926026622,24.67957603042744,35.99947919483471,78.76241371962792,45.181996772885,188.90764018760996
21.144972084253165,72.51607538536273,41.22721948933095,55.25792262158864,89.21298623437256,35.61361540180478,197.15769842329124
57.19425584010028,6.47195391802301,42.94537285319395,25.87475243446654,20.84550569796656,25.201585846027275,66.34135885750968
33.74177126304671,71.04857722354494,1.2750269856264818,97.05404105306675,8.454050256615698,44.48735124395887,88.81702260730945
70.13209773399879,79.60331417611994,47.37628961674963,52.21697374548305,38.200386427388175,29.630415286952083,341.14725799362066
53.24384666242853,59.21312029526743,75.02508738709095,53.18284864335302,53.488226388920936,42.349447087416856,395.6974225108896
9.625726719927952,48.97639185815876,59.73270673254135,90.00382072694129,74.88317904427781,43.494285015905234,232.42586678487703
0.877002964615059,16.453110605516574,63.36510788870988,9.595953184175821,9.107533723311079,22.956506451348634,25.567179974669397
8.154976530258118,19.5294496493745,91.78308764684344,16.821971174153582,88.67540038626181,7.948783964099293,95.71672261869043
66.38402106784903,94.76987809529628,88.54751400127682,10.869389691183128,70.57638134387003,7.552478621033821,475.8763516740915
0.20374622306693624,2.4519755009734134,84.93060226709692,49.057321241759546,79.27218071816459,73.08705840665945,153.6051689862343
21.947763416108835,55.017332350598714,0.6764882850364806,79.45949807953153,41.784620765862854,53.969750253253004,57.23711753789977
57.94617350535357,50.104370644639104,52.4319308375168,86.25066066202399,77.40766755797654,48.42259723193478,328.3771916946927
40.08888295729744,95.58141360257221,89.72758574324338,79.20670697541016,54.08967760994926,2.197710992417834,414.26875749459543
12.705234545590516,74.43421049199088,39.97667885566506,86.4917365428955,51.26226297544645,9.41803481332264,171.681462358804
74.17770511706196,47.7821494552134,13.253088757533217,81.36055376492824,4.233435816064368,54.09637715954325,165.68451260110155
73.02055856520249,28.939731762409295,39.63412004198194,65.74413100115699,88.54706498690994,83.7629776384983,193.47120749315093
70.0630741947341,97.98058281125502,92.60209489557496,22.35626981158323,10.207724691433938,86.20223782682885,499.2650176213476
33.463016761581585,30.813243507539077,83.28726534632693,30.887987985552833,36.586671743358515,3.31085232328181,87.38664619145662
59.059233253745155,28.892418300833455,95.03508365117257,70.40532952352785,56.30564222533591,42.717974103663636,180.22460860479083
73.50945339834186,93.35416914764517,4.662532989518042,20.03705607009301,28.522309950477652,66.66689016422394,200.0924989591678
36.14514287148868,52.00473900509217,5.538533689545922,42.66935510057597,42.8341246274518,50.797285970161646,109.74772509213243
72.84170365633908,29.073504021844933,93.92657504425512,34.33114672842685,91.43302166595262,13.376301491549636,132.66540862302054
52.71885872892852,29.261705028445483,0.4458727113094363,36.368831369703905,72.0765576993675,42.1305448065472,123.19125312896506
18.35977615060821,71.11843052643763,75.56010005867006,2.924549735704618,21.723392251222805,63.493797479299,310.35979058186575
50.61293725825361,55.32963682915092,65.14690136823651,55.635081526154906,90.082427039327,53.606545244192546,354.54649793446185
48.999961598893464,44.727940384118355,18.831811266482223,27.285535650950045,24.552135590535784,26.02260314017486,71.75756621527513
33.31502440433789,91.77146115996423,50.21855465995456,31.246039807209915,63.724305820894976,15.47014832838931,259.0525023206857
77.12426809609481,1.3872937902005167,40.683866441165186,2.191589273463279,47.37662469823049,26.293157753140285,37.5468158356879
11.451198383331107,11.354984635623754,34.2356798812568,42.59331954076393,4.200812431401369,17.915177150861172,88.12720778350882
39.79852914869396,6.1812022659860855,83.20353608590906,8.94954396789862,92.86416502555038,45.808715124197455,82.9040034536825
72.57777053943829,24.489026224736442,57.32127195324664,60.310161990316914,51.777358282107,76.44637471824296,156.86447477810873
69.7021467744681,43.55262637401363,42.09402567916102,21.389330774876402,73.47171343115514,8.417117821407171,94.2088609515614
10.19065780238696,20.425964660910456,7.171398304553566,33.9468737171049,12.044864513559572,92.61387479564772,76.3251525937015
33.71335485513589,78.25615916506833,88.67070978517218,57.07456462311704,68.92141874142257,83.87500913490312,394.6308713859423
3.5996251542162128,63.388763723556586,78.84082166788863,51.91234313083532,81.33988242535489,29.868071941012776,284.94193872315077
67.38957514073786,76.75194400873596,65.89730099027157,44.94275214209039,68.6001875278008,13.952795121634287,399.11449131779517
68.92805180562146,38.175109509050145,91.00112300480137,0.6073254749264456,18.207816528072374,94.30234965286792,13.960122519503553
35.61325045263575,59.61812267127814,48.839761229804225,66.23241723293101,23.58726298344146,97.18573944993099,259.97229043590414
1.987092005116886,41.06077720606095,24.68387866301076,46.25719852460784,8.904244988372856,26.945680519424076,98.74736854107667
73.59933515598817,17.76688442344937,41.65404520688174,58.07395831428843,97.56458433313587,96.20850790842539,184.44312566177197
6.136429408126309,59.96893421991864,55.69726756482066,56.408858999853116,37.917640544623254,78.03659732637863,210.2815099971881
8.261400382309969,84.33114057495277,36.83705421299804,48.51563164327738,92.29043925686679,56.31763948558244,149.58319070126805
42.48210178524051,82.89154483141937,78.9552282003997,68.38856966684047,9.360018852396902,44.354556542931554,382.5485531645002
27.60904097592587,10.045941911864343,87.95843350902226,18.02552546629198,31.617770928875345,45.48833598342065,58.1834905827967
55.87510054928667,15.443662478374776,71.88408854678848,99.22450977267303,71.81036098084212,8.204361886941559,248.71627223193553
55.400149410112974,42.78076405100971,44.45415990029764,55.654966046992385,18.214211582101612,44.52904794431758,124.0598802014559
18.162822334753447,77.20083648674635,14.872374286124101,75.61984422317431,77.80894278211198,21.043646186666486,97.46036583831797
99.69730922301761,61.58582693024244,66.30113691365136,98.06829556497489,29.19175422308674,31.389393057662506,481.29725225532377
90.00863388449368,82.11444847794507,79.40524993381376,43.51917119190324,59.688957586921276,26.01314423421588,502.93995947958234
77.27839511638736,62.19762098050775,77.5052683890303,6.538538450576715,90.77970631646299,15.843902647961405,464.46442715257444
34.333173356050814,90.81932410378265,9.075897819696143,94.64322916976204,25.79512805669344,11.773902078141397,117.59857575906354
71.02724310575562,34.40587487156341,30.32383058304722,50.777936184080275,67.97538615598503,89.85617584523693,149.13864267735008
18.04424388950413,52.042450131565744,55.09182158158459,22.073735378115835,75.37725330774039,35.07510775445958,237.93198525930637
54.48099734092706,12.016218250489574,37.006141315164584,29.116941711588694,22.78280205114901,64.88503886733493,74.18184485898169
14.210445144916706,26.591230621817562,86.19494646001851,88.55236529802578,96.55994931488519,41.37082179114696,244.69669511647118
16.63659795193395,13.34981975471744,82.57493013056401,62.064706020313196,34.200294894688696,70.2263553595961,148.06961846690848
64.19698783658366,10.544154397913442,73.09009526571761,59.614762502430764,49.77812320381136,51.57332879486456,154.0742112475295
40.919548494841784,24.30330981877643,60.783969069788846,50.67872615139065,34.54397067789616,86.19109969145285,125.53823177730861
78.52039439936677,44.28640365048702,49.527222098617884,19.012649300560337,48.93094555087747,68.67546229671491,72.27696048673491
34.89401099650692,6.949351758044042,75.87591967221043,92.44074324647356,99.99446862966985,82.50242990067761,254.877614533716
46.29209373631845,10.927299239972822,76.10859632250394,46.08403610120686,34.245454862198656,90.49368040555436,116.13989060595279
71.84391607826541,44.49021985697884,25.12752040179167,95.48060878852846,38.430432349331554,25.75147215020327,217.862520221589
86.10917116887752,91.40619429814659,78.69284859447218,93.81361363589761,84.45414399701055,94.17830543517526,490.6978980028465
91.78068906794371,58.08380935372717,21.407646175852012,27.009294047702404,44.662825080845145,10.083544854523396,304.3784842853413
6.1138405492898285,54.23778776896586,0.9436454114173598,62.28239797427905,41.379173381925995,84.40677824371767,18.587360313185332
17.73389013932569,52.64350618716767,31.08692934248769,73.71680437334051,42.10999040978557,52.49363188451497,153.13897804702114
47.681476082719556,15.367496672074022,0.12147895541030351,15.037792228414704,17.379167847795795,70.32038262842009,42.24100195028646
73.35687517383205,67.17039293487132,90.62598185445698,80.66023796468322,0.7541672490079199,78.19192040019729,500.58312442517956
65.81033038794845,8.001965167323167,26.642871493879106,35.62220150232167,25.352769560663813,56.28436873304818,88.99134169710801
39.93035669917303,20.508309367043964,25.032548206963313,70.81183205366979,13.895941058065697,2.457227376483284,151.35082284798557
49.77431607620194,53.549354593232465,61.23206112823666,68.08038718337322,12.10649511273928,98.44599589844111,338.74800413933315
64.77254797934752,55.61926633798735,23.116164335136023,29.95627747098145,30.77388310746423,93.22822130296856,242.8379451213449
9.963568797476052,22.94862786679005,38.666038752283605,28.72280752806634,88.88263468145358,92.83448033954517,119.66345933315019
28.86532615319496,94.5588121271292,28.0821736099246,71.02119806768135,78.54242158378314,73.38932900176928,170.45092301772348
51.0757212456999,22.68647091528142,64.16456123285596,16.754160848081757,37.70625413937492,21.39142478480175,59.902699593725956
99.1816461220773,22.287932407654953,77.4952856407952,68.19418789644082,65.40177710358654,93.29026593013495,182.1696197653922
17.934169739171256,31.695151221566896,27.4025535260507,88.58345940178017,28.94865766259863,89.8397858571285,197.4309791673794
30.750225007227215,20.290120987201476,74.00608095634475,74.32429860790441,36.84955990123632,72.49518658273043,174.44328914667423
38.19781414807326,54.09403567632138,39.92310587086037,94.71390341689776,14.117920858818245,45.69400763611711,235.22540591819444
44.91926167105992,70.66925273138064,87.47220469842337,5.12548245783292,59.07440532125061,75.08942580478802,418.45087062213156
96.09012595206377,38.38209397670581,64.4050460262054,9.067933768584568,58.375387224419676,65.98347793767154,58.998638594262914
93.58181497661725,47.986001461021964,80.21920340195746,90.59393803709473,27.437837651216757,45.078882706636406,200.39436243004118
53.01359492040565,46.208213688465605,68.78984457902858,8.43484304159049,49.640320431583504,52.40593992954478,51.61791038528943
24.30112820114281,9.547467144037736,10.174335784382126,57.82088627350418,43.79128503753408,87.49912102953277,146.29567207328222
84.52896057123527,33.2406724771853,24.698387689843983,84.43531934423953,65.38317981827568,66.64710352373102,214.63886456127204
88.32510831887322,85.19680624372535,1.4698557261648815,20.026846088113935,74.05099308689648,36.80825305457633,225.95726583876012
28.666834280729915,30.9266906573895,77.86896053058608,91.97940750436754,94.32125438754906,80.49719522969532,249.9836930800194
82.40480830244175,54.85663006856514,78.85065095065453,4.162964437462213,87.00434828946798,6.969766620754758,481.9892990833952
37.90268801256421,91.07746217282727,48.52352030953627,56.6513299427286,98.2186844003225,4.1646691043321855,264.5890411147875
86.13266503443842,86.16198979295737,40.83434730804514,53.81953781941511,86.74687824933666,67.33844088884378,358.25187816425404
96.36441319875387,75.23363408317053,71.62017153286962,78.78667386770665,58.85618797531078,91.83194049822946,491.5816333619283
49.19194250384895,85.47580215597583,97.06026018051163,95.45133304737435,84.45004371183252,35.04453559736951,462.6907668914131
4.954908198011654,37.66072010953599,60.87548089582269,84.2145002769791,86.97406020849353,6.01743190470807,229.31084269990365
97.45964155138238,93.41157477516555,17.626903274479577,54.07393050571157,10.335627196157148,18.028483021437445,305.34326533913446
50.06053631498063,64.59346132904645,76.24111142628387,80.71890249230789,73.60533744125995,51.7027984664288,391.99523077944514
63.33094133357442,30.695376293390876,36.45599299922995,49.604752813378326,43.78341230336279,83.21034378353745,129.8578942391106
56.37944797506205,92.99269117742969,92.19498127152043,85.23165514983337,39.70427042953634,67.45374331958925,463.63105438797663
3.933963862561307,71.78094665179061,16.834220874749395,96.91704558919953,38.424510300829326,61.48528174547724,68.75468271802615
81.1421511917152,39.597779305043325,3.7579659706902357,89.59953430561762,87.33853160392218,83.90734144799421,240.33604073398078
51.07948920118932,92.08894573354947,25.27229834966085,71.44455574886248,39.873571929736094,35.318413973640496,216.15176722678626
35.609916272745664,25.452268709544633,68.57294200221685,32.477016202825205,74.95187399162184,30.018306801821005,117.42034419978569
38.84099994644553,0.07335752298406328,69.68407940556374,87.81922402701402,36.42885895328014,85.66934440595425,201.13864932132412
20.224956515925808,82.34986207606937,66.68373171743185,41.47700226369756,30.317247793596845,84.35122369359672,283.95545230082604
78.58622468782094,27.525036045040206,39.62688422311118,71.54372170645004,47.61992057448753,2.8087819506940392,176.42138781504136
32.149520537689156,75.79239976883058,64.82732103521249,3.1693256640058953,77.78863378244355,32.475238122587655,307.26942496746665
97.08212008638601,10.604513268425231,39.957337446391335,83.09517943499885,41.908425993515095,90.29665775760132,195.52625706545828
48.169399137735205,74.0710777800835,99.1034741883087,8.848764946154486,91.3231659754534,2.1622688641518506,467.2856575034184
20.971020318206335,50.053122792807244,34.745438442252095,80.12602173273244,83.14848793081877,12.973144474800058,174.03658534339817
2.050566871975412,34.97659901159488,38.81165378762781,11.20137137894206,91.48337023384632,5.609310331588846,86.44110192157655
80.4664968227178,91.86360349617945,15.65273200376771,76.57231214806352,35.588556523193226,58.2711018831027,255.95080406998147
63.42600059620129,70.41358124704482,65.04597397627472,11.079909501614061,83.242644851414,22.299945801374367,386.22591040746477
16.54316009108683,19.398291665905198,78.21883644029566,77.49957704248307,9.247787813756393,95.4904065174085,161.47260555459562
85.15297427992395,84.83895028924323,90.31463537018072,74.55626648909747,81.90539123888905,7.389722904673679,528.9836594954425
9.195541348110902,94.52517143597059,30.613820029972317,35.410606362033505,1.4255575236616358,29.881729841236048,130.13722347518035
17.81941376121988,65.9637142516323,60.0011169726036,58.250710276770135,96.81646301392057,8.644551407758394,254.5524438071623
99.51686093845031,28.798904102470026,72.40217370786647,87.50921407805097,85.90354212603782,57.46931221177341,235.1509076443284
93.69120681912145,35.551957641300234,12.91016243240729,95.64488517805623,36.77290573569712,19.980824345934987,217.03080437110043
55.39933627620517,6.046189993332174,65.72747169934134,94.05854465313804,19.075629749511723,32.49933495450068,201.47003013093428
57.88057334000908,44.420421594802306,36.44240466930727,68.66752089387374,67.16423863267119,91.55053455959805,184.3500088306173
29.583466937483983,14.921667597188847,78.06503843756238,5.491993511930671,71.79165195398107,62.23252797124208,61.238143391648094
71.87898908054227,18.88665687905422,32.117177981819886,57.29879965416116,86.85578247138935,55.08410612508614,175.39664703829484
79.58444445760453,84.08271353386209,4.303250692204196,40.32934937405452,57.1267302095972,43.50665053227696,214.02248856672603
33.836316290092114,35.93312271199892,9.213984699979905,25.271379404170514,2.692871492481541,8.84828657071598,52.427768853078106
61.69972146755137,43.5884670357136,76.40236874315399,57.220301853846,7.588811113632444,52.07656001058915,119.75277148723471
51.08117675559235,21.249315885196918,48.228703135161986,62.153133946127724,61.24201434177735,39.09589200171618,167.1756779314996
75.85247090960233,63.96047682945131,41.243093104883414,52.58199788864064,60.45275478160798,89.19656743122559,333.9820031410978
63.36583961252833,28.083355198723513,21.641541060006574,61.1786647940734,50.99838882585953,34.27880009301853,158.05620176624848
24.451467742739595,49.049343575314374,31.515286886617478,10.316845522383266,36.960096745254944,80.24186354616329,46.50575876644499
50.18215442043871,65.47913408374424,27.16944311267997,68.15365509329133,13.777304209360874,74.56506222392947,220.54843694547668
56.74875976888717,80.43384724355704,70.61064184242983,71.99130996840285,50.04941597766255,7.372753737048921,389.00914587072236
62.23340062457362,1.99460685447852,78.2264493847153,89.58824482128269,1.3705886773392795,52.34556742008649,180.13590171670288
0.352170246304051,29.535985611855985,40.47127500651765,84.62595913931132,46.082979215109475,42.32756241790343,201.51000372919927
95.76015688237378,75.39129528264105,7.741331317003186,97.92253295326766,82.7870945973556,99.43521355616566,266.4950518154456
33.60058172691765,68.96745762896468,1.209605644223355,18.89156101835445,78.71118082009716,26.387028441710648,88.23507407207588
78.9065906776748,90.05469957444974,74.78254343193466,18.28943632130433,48.50982573531748,63.56808059184289,459.00537870595826
26.435617183311212,26.830113136987332,83.05306615448458,33.025580572611005,27.567022592656308,22.385080529637293,85.34807696008143
61.67685865142882,82.04975975642,18.616374220636622,24.717104854903248,71.19046237768345,90.55560132922882,219.34945640080025
73.20420056273764,36.77493123051572,74.78053610695615,87.17791722013776,10.908641609739888,38.34788755633859,181.99188356709342
95.26958518480542,76.73508283035544,81.87490187282576,14.005160592108258,67.06534007396081,29.121322892958446,524.7361195169037
58.50220318332906,42.58113716196228,8.305648660913423,89.1642813895516,99.62877682171585,93.92514184868054,248.0687065543043
52.69163458750795,55.754172868117266,23.436204862083223,62.71603087075404,59.11522394746175,82.94527266296026,213.75580348606115
36.72020030995259,18.849064064207035,86.42538812983814,75.75014700512189,20.225710622880477,69.23453974931377,165.6582914462601
80.54075382216949,88.99143657767127,62.419997812160474,6.804699188938523,71.60449385749503,88.84562829913921,419.82187689798536
67.37813225289847,69.10744943494963,19.99072261890159,3.6077164217077407,36.381124658077326,41.072454517252424,238.4128597984017
81.70983852143144,72.72525300101545,37.37768755803239,14.367225855859333,86.12364593488941,1.2947392897577403,335.09650275669196
31.63642665490991,59.2178246561323,31.869226599161326,40.982907180524684,22.715998853236542,73.65084771459625,190.63335973433942
10.503965968997175,47.729951016414375,29.30660747592776,49.820396229171706,61.62228739218014,11.61126791657654,142.7763936328695
60.546952875621955,37.415742754702485,48.05801023284365,14.878863966918898,90.09652712262387,90.10248440771997,92.8252969196745
15.274508115566121,50.47304429505495,83.5439689656447,52.53192795001681,65.15810767412425,25.18957454246007,330.5901616686717
32.65794123913904,82.66057759086462,31.168479754791544,79.20704098493482,89.53776163948862,6.953524164152148,190.734532239618
89.16302069900081,76.8236375941538,73.89684805458809,74.502679011623,76.2005337343854,62.022149654458694,481.5465199385603
47.512770475009425,10.172708911805772,18.24279085819449,26.876461308278344,11.303514734023567,66.59467316226394,61.665382930373184
86.91083158656058,10.832400683774745,82.54033672882096,40.159285965035494,15.316135076965553,34.540313482179954,91.03986648394687
52.383346188384785,47.11886765595102,3.475096840317826,73.18622588436003,7.226786940903962,52.48897194400979,151.43120262735283
34.9285177607634,91.16309008743677,21.266704632013056,6.647807870247558,7.926065475242705,92.44300880227574,161.7547606139542
92.25452604111774,72.36352126589476,56.899020010511514,89.15596460684431,97.57581388081623,18.43650083357199,429.78288513958466
2.9327987119663113,54.65009492226209,93.59427562707916,15.225836530043546,25.5641335144849,6.703019122920306,334.9119614746928
67.62686487530229,92.03617177717597,92.46598589251192,61.5733569761713,78.96658600482145,6.673147715189975,492.69811281204744
18.446599605686497,10.226022583149962,93.04544822592653,33.432687578559275,50.67736259604694,94.33445265501726,102.3395289743514
21.130721153852427,97.37144973512162,93.17743222755114,1.557456474611374,26.87345634200383,69.91274295174594,378.9478156810601
90.32135758715914,57.10789153482408,50.5790861862177,93.6742526712695,86.49922518031589,61.77491086489264,402.8301956196598
32.245542943669925,22.86098160829676,67.04710491804748,15.331052240842569,85.21528826554994,49.64881560223841,90.3128062675701
64.17889952722075,68.64998605966952,83.71330412482659,36.69113408837927,80.88893999715296,67.88024803386527,453.443813254945
79.59394765658763,91.21298614899824,45.65798035700751,89.66482655914511,56.29529186335469,97.11430946804168,358.78780039099536
61.283506259864865,17.66600494000894,61.30043555282095,68.08573693454801,52.26856697751965,77.54939648668852,172.75947075335978
32.33096379682704,96.9475815015985,46.941608390163445,30.10062602077902,47.04859202281347,54.254570995663144,245.12303885763967
52.84308946216115,20.292643288441525,81.2167360393595,32.66598777882297,96.90291265180214,93.89121857077227,133.1640144139074
56.07461934930856,42.66288362024703,5.545998487681825,22.5806491914756,92.10222423138103,39.901039987544394,109.63285534491791
94.10163847352904,23.611276466283325,63.405225708353086,4.820428060981808,19.75548511033738,20.614928395138932,23.469695699199782
64.62482395174143,1.0889122901197035,27.771369414099045,68.50394751351385,60.57815411284432,11.039994205482962,179.41260290601872
86.8234034959238,57.2639597974211,87.76074176096992,83.47140962966735,66.01708816349915,16.970124958307544,524.2211049032042
16.393254269177305,32.003440948130105,53.54146270335387,69.50109907487217,61.87060192807117,90.65283156552681,182.31161949939417
54.88257786224139,11.194472889542117,55.27216894146372,67.36019506906892,37.14186724279801,65.08200834667737,160.71969720809645
44.01777959774884,35.91589231341866,5.241314511713668,11.362513522230955,95.80480513798611,72.06134171933738,89.78839064105219
5.660489644392541,90.41468987195373,21.637525100740728,70.4997716115751,53.83896519029457,73.92190918926488,89.88256196357389
17.060702692552145,76.13244688475936,72.49072123092489,16.575288087901953,44.63509200397435,25.043468264186718,296.3692810396175
9.815619083396765,33.34106330255675,45.24339232431645,18.58821234064284,78.95612679880827,95.42275910386682,92.44571344045147
70.99089709538215,47.397564511048174,23.035895099409288,1.8181410750227944,78.26593397983078,41.19211613591279,58.422435935927126
63.73001438302652,62.765551842371806,5.950924155027126,45.00750229423297,35.55501508174235,26.39367822258877,180.15327050016126
90.82569103304523,12.764127942845139,42.93006592692933,90.53340515758758,39.8804317448747,65.071532469802,208.98311253658744
2.5490005450480746,67.91986577166786,87.55651848103439,79.73967093748323,49.71613183691965,14.907408847590586,312.8203160462406
14.85913291043598,70.6764566618278,94.03711100308503,91.33965460438253,96.83645274866757,63.68290539080026,366.2777207868876
7.219321086810703,92.36142618534859,75.09594502457934,96.11425500645561,13.724627427061787,81.7287894736609,280.8841103030544
22.829059633313086,51.457501910398605,33.63053232020362,60.56803557054424,81.24144562923887,89.58276493182476,174.77951220399538
96.2941368998883,25.55392729635072,98.33653321820262,48.757993668912725,3.2765106770052066,6.122086691999384,99.8095448117291
93.67616603292943,76.47350198639747,69.47342275022851,21.599920399217343,6.042703030603203,92.704867363268,477.3473947081234
12.511604849701508,66.03501017635965,54.85282946253235,1.449790096692749,92.20808270416994,11.01943666230396,223.263915243117
60.724047488829626,44.206482986020056,24.253288978938926,14.95301709099548,25.770675213016393,32.51826320970791,47.945506831102435
5.2670307474102955,40.958003940043106,70.00685824825763,5.790972467172429,89.98964997106054,15.05227586777269,74.57469991408723
56.65999272989344,35.29694220887058,55.608959787234994,1.2076246275656732,16.248660195893173,35.61123483484493,13.789311392256566
73.08688324046581,30.564243993842243,96.9549720503445,50.6829229817716,80.83793347317237,98.34208128020897,157.95239939476386
27.12204138941312,53.326153366275044,22.224999694615367,33.884226389883175,74.63302061484795,34.122893684624586,145.59260240468657
65.07620140193623,56.78705009640599,27.478983534129263,58.56114567200186,68.7897862194911,55.21633260654162,258.86694587429304
99.9986566005355,39.68953421803831,2.582391909439352,61.278164778640864,90.07384505861702,7.651204222211538,185.60802109831366
47.04924409001712,52.70791891560324,73.99011016165659,57.166945178531684,30.443171460080944,80.16013342654973,376.58849579084085
27.723113459492733,19.369522611874668,60.94253191703201,5.0266673100743064,6.086747943783033,35.348252432634965,14.314058180796735
16.666534521846476,33.98004874167775,94.4800350176554,5.34483005592552,46.30960104747367,53.333413566740894,43.106380845082604
71.89546045277321,49.74848763934957,15.004809212132885,98.82802176511967,88.40228847536673,45.87060168174541,259.53764546299607
2.3896327308116194,44.60384583800094,65.49412242972134,97.93586479077754,22.835555268824315,58.87823695924538,211.8566182697321
73.49076979829225,56.80920527038133,91.41638971752354,53.25222690473187,26.610265067852968,30.684616426628452,503.684288507063
3.4284016335703216,47.583586421885926,63.37767174821237,18.29417362044564,30.13862364014822,83.01020716775027,57.68538378899504
47.71307394788252,52.15245669329247,58.926048630565745,41.976995200284705,34.341939546629604,60.933678832347326,325.5238550766864
22.09365009765313,76.01393142851627,91.09684184203928,47.28585501975493,65.36746191121658,99.5325411039508,374.0730716912703
60.23025431748427,30.218352238259005,4.462232048590886,81.0524819497232,71.03400441938093,19.65620024702819,211.82876699301306
6.081458561074838,52.03953984330594,86.86164570577208,74.83659109552116,8.332875238144322,57.93085563101851,319.21940637288935
81.07588129707808,47.930006945879555,64.77875798796867,95.94268026681073,88.49389057568298,29.60044734011419,253.83108393659953
56.203679989824316,19.900558768690235,71.57923929441846,94.17627579702764,64.67065849963338,43.60134103538419,233.62201254379863
73.92978651906715,88.6852283420288,45.54987022325595,41.11093155288793,7.536824921130036,22.214136671786022,344.24901207906373
64.94244720749842,24.921250247782577,34.841456332789534,89.88597722979681,92.28510603085577,81.03439380463064,244.37152868119267
61.789962840203984,9.203901933545888,50.90966020651065,53.81154708511969,53.890783371650016,55.59388151468488,145.34664253039438
32.94474165302908,2.8186458750752097,23.70136957199096,58.68466232336679,79.18534760630648,98.92044200592335,172.7990679711481
15.224127229907724,61.195808129193374,9.41910910765814,87.51903185551645,28.36628439515827,48.26151495210613,71.02719995157281
64.18643577669731,23.102545735781423,84.91941891302865,26.6000486280915,85.06500197949694,71.16413552843717,112.74559864183085
36.44008086738434,70.14559972078214,17.307327226677817,81.07101366408173,53.96378867798539,51.59140784658033,151.6758474618332
66.02342844937264,56.607754368261034,19.66042292341691,47.75004039712339,75.08887294823087,89.68764518229905,233.87005135539079
61.339817508089524,40.71876223212367,26.571810303983547,77.12039131252551,32.14215952075211,36.54490184994833,176.7402942895775
77.71081815606128,10.344024226630433,39.7985721062079,88.41822635994507,62.338732023922525,13.673352242657543,220.4735651366359
72.52302551585086,42.37432448937939,84.1358644501711,7.886877067277275,51.89752703833058,20.07502330135046,52.10202306138596
20.209333989271137,92.86860603140421,67.03830921353725,15.438934748547862,35.233464978627815,75.54071200049151,285.1574172205582
8.881500383728703,9.72721151097774,78.74954852276682,17.467527133597937,28.602598230920716,3.146663597529742,54.95687302884038
1.2114948823800264,40.28092965167116,89.98474601174733,20.114382528584585,77.97722289099849,6.4716276584184325,94.8128210808681
71.97673357110641,70.03509502196877,74.68388454220768,88.11047674126173,4.7322863731623865,35.774442673398234,441.3354298254929
22.308312337413717,46.708421996630456,90.09808131286124,17.968477202184918,95.70238547680972,73.69320296448392,102.92862423813665
65.81866990433953,84.89163251471594,5.506234206250538,82.87554807729552,21.652274908299763,64.81251907028239,183.8184944827257
20.0805601374064,3.7970139532118585,65.14222277602136,70.5988801604445,31.462532703564307,97.99625628993954,163.221533213384
64.96452631888687,64.79009082495247,67.33813639059487,8.999986676545157,70.57295300794848,57.4376294812803,398.09479316429923
29.63695951056584,61.23941324347473,18.288652276298468,78.72095182654336,9.593857422912478,43.11253503299219,138.10268174345924
86.03222660003102,83.6782594287862,88.98509818875768,45.057114261522216,51.571914643495354,27.3486549994725,526.5284101607294
87.73491793995628,74.76876740389208,42.46231335157303,95.20423780024069,59.201684530742114,38.593067431652926,367.9553915803963
39.77384276923539,85.95771167647673,66.1911688025194,60.6401589387217,12.263991309666022,21.663096551251236,331.1036977319063
93.10769044648535,9.314839382903084,12.817100303533902,3.4841846382270947,62.64216085602523,14.724661715463439,50.817881875671844
64.78024716855153,40.587407026736344,29.009376438033485,89.82310847274624,2.2485874640975623,54.32280147844215,181.22022817036077
13.98517805822327,13.16438970278353,5.404274227055394,0.1888191144681306,36.857343744619754,91.79105057560719,26.177778850170085
89.68886133780903,56.03372550064645,64.89239548147899,99.04497260993195,65.88986557559696,96.52835982811538,451.3455375296991
77.03379940679753,73.98697409683531,87.14800485758504,11.1521261955979,90.28525194491867,76.62974162814604,497.6025155185414
38.44229608645706,25.76603073706305,45.59610481961539,16.333310777771192,4.286097819200718,56.30363956687279,35.666890028982884
88.05420340014204,9.481858285804334,71.1678825209493,57.19292135663168,4.804741302256732,76.95515714692017,117.74916162484307
82.69635873858383,26.82886407892272,3.3519550214022753,61.92748311094496,67.46028030944977,97.7488846214954,171.07716243850476
22.763839995140156,34.171383030841774,2.289147422016813,70.12002496340148,70.78829565565671,48.31315865333071,189.79185688576266
56.901693651942566,43.7289610085416,71.00237608429033,40.38154295796177,89.85491269596947,65.87292062057955,143.66152480310217
85.85469144297478,79.51049536403627,30.25709996334586,40.38161009795763,53.82416050787274,39.80163443606391,320.53657847914747
84.88421481929733,36.457256284496154,41.90671532404857,21.121304337359103,56.13960496157291,95.10196221582,81.54033214781924
68.25475671185002,27.001869646268716,42.72295545330228,55.60854797906594,94.03247893104732,2.836281059248935,177.03983120986499
21.92507636125044,14.923122869939442,18.41345635471121,48.19956786419151,80.14094247721675,88.64464456431979,152.49779546243474
36.135171145709485,43.40038938246376,66.49417023587489,64.00872548590154,33.13841247096766,72.26031205428689,151.21433970148044
93.39190687838843,22.41006505609987,2.5578303328365637,80.63806402875034,97.37987193429645,61.84980613324982,229.44203841150818
60.69308410993431,83.36046577220127,3.8430967695524343,68.15122956576883,30.57848508046267,20.991339860063775,165.1835489682693
9.898670829718249,67.86918159264793,39.38209766501254,72.26420052666307,11.252579918571637,45.52571622320214,162.5840189018395
45.10377331852881,48.024053786272646,50.84352580482923,23.136381357167867,67.90465879342582,28.16816177322877,93.8060238697338
59.77237760785747,80.9486976804876,51.88917688250982,54.34522829642198,94.31669828294832,44.896342485688955,331.04306310842804
24.27364025819211,58.06685440101488,46.755550032981006,78.4796396407108,50.61399704004237,86.40479067663934,224.3285257609138
22.28061641432173,94.61491864661289,7.128471396645242,85.59194666524957,29.44536425332547,46.452420224656976,80.65119092406267
4.1391730292731355,16.6146989037954,27.40488075506301,65.2443742719182,98.2699389010702,6.278539899161695,199.27770577458554
9.624665649347985,88.05197869684051,25.276111595284867,82.24866031550071,80.787538540033,58.41197401934642,112.528054706867
70.2450492026806,1.2115888019374133,1.303575703663018,89.04061883607933,67.39461690733252,55.573525221420915,225.25746950729143
32.128736142091384,47.234788543853114,87.81006139944483,36.00556210457165,11.523660157315174,60.83710303917399,80.07768631926393
30.198044884821627,34.66549759806649,34.9349118367455,45.463848382799895,77.09981643207368,97.07048296180312,144.89756826805137
89.35665534072503,22.1516497769216,16.9938435853929,69.36428899046521,14.331618348060825,28.660767701078704,148.760710824573
61.331487094894946,42.11747537980505,23.17591684724323,27.379966765733943,4.787556744387411,61.818333175957086,58.11122325253908
20.063112707942533,78.10996448523773,86.87089470249512,66.85692846067178,91.2786895246675,74.95943023891604,354.2059132285893
13.528448393766123,6.074189948693975,32.256840902613746,43.16960563832332,88.48947006019654,14.8424233998254,148.28184031878422
95.93733687562563,53.8905791887192,85.83487854888027,56.16326526583892,12.530936211948385,42.764383447939245,540.265417110145
67.64003659674634,82.41352682174359,35.957644488398444,11.626970143173732,13.527497739141214,37.13897238875686,294.9518472012604
18.022869891355054,51.72328540685034,82.5795149139691,95.69059315495865,97.82233931437591,51.53661424793752,334.0854769272795
72.29848499335988,38.51745008432063,20.91736639634737,42.66543629148397,74.16666030159256,61.57469974829668,137.24753479408272
70.49792823784972,93.13803700175927,50.844845646798106,54.57498263619185,1.0516912521168043,79.13717671283028,354.20178035841764
76.1629958019332,19.705813470881196,13.982994029045193,53.314136967251045,85.79398240483135,60.955219104749105,166.68406161788403
4.176496038875078,80.70348312212683,83.86502629561919,47.332353476063595,36.676081183359855,31.706948625619948,303.96883213185487
38.74960147880654,42.0393492515098,83.4502652653472,5.696849527403103,79.89588650728228,94.04525110697875,67.3208196099038
61.64126726940257,8.496447699092613,76.78612476068517,8.532323880963444,66.74555779682086,22.326788802392617,63.786538219701484
40.984535969544844,48.32963362592726,86.84958879664529,87.76649144369541,42.71970188955216,69.71828670141765,205.43677421007735
17.345127098210433,63.85302690523055,74.56062478696896,62.88726478277906,69.4743985988297,44.66107321431717,304.32500449991744
26.48395815885144,49.838303222600246,80.60606900011564,88.5255501236185,58.993158884513065,90.68284580780026,218.34631146639614
89.3188200186507,59.53395325733691,73.93861607585454,63.04353367505111,34.170104345133204,89.99464795427419,482.08220631211765
86.3010937975699,8.667353802523259,71.45340096689107,47.294854718498335,94.43908554402984,86.37697793735684,160.69706931781755
84.29812808606604,28.894009660393294,31.16397153202738,31.131462254475274,73.14209067321981,15.15529054660364,113.46238798020441
53.49517761615409,95.23689847806833,75.90716572090098,81.30007746464409,95.0607362569492,39.64225268688212,399.41302406353867
65.13469063060238,6.977188674024671,61.84705392516926,50.77506643468972,8.887817227193484,24.770725597293165,107.77160492841487
99.36483963302649,81.51627930549755,62.40385412176139,17.427422132797588,97.28653321301353,53.68294503221765,466.8255885087311
78.28038675020093,7.666416747976468,26.223787185616388,13.782142754552773,84.40482978806172,84.14137348933764,86.64766636074874
20.551882710648893,3.8189308767031527,80.88773126874538,72.45695356948814,31.05121044848673,94.58569519367931,166.64975445291697
49.93600649292299,91.09864398183055,71.6242284555012,30.12979787369552,55.90304660971454,28.716952195185208,375.5248158265616
75.45963491353447,48.99098437902616,36.67841843228848,41.41408070176305,57.753693673083376,80.31944419047306,123.25574697468446
52.130636701169266,96.51315765355486,54.46203074777105,61.13009844850106,60.49233703465317,82.7471629132489,320.94369937012186
69.54340452442437,84.71807732616527,39.37784792712134,65.88672888660038,16.770303646855144,69.6549810963963,311.68097905598563
54.54907358545093,93.53297077050343,86.41948203182925,33.804978686864295,6.5962569422590605,43.133634862276296,438.84087107502967
2.0188105512922605,68.4444034242447,53.376085590691005,63.23776933148403,57.815133407560616,33.83794324175348,191.86332594564917
14.350261772187977,79.58624403908709,43.74107175068431,39.519165878456306,11.89357265446277,24.842411011481968,188.96940555786503
71.39700704650899,30.042534912292673,94.19117573333523,3.599285180925005,11.927776768135912,70.11869346478173,15.548014099545147
14.520627318050593,22.756618431947693,44.66187150831957,11.814288288216712,12.514991134420017,1.4432684857836664,32.389070370527435
93.99420116096209,30.892117766720204,54.42910055824578,24.367329201650634,1.231814787539709,39.386972735471005,49.59692875457906
41.481872805561714,17.80849361741723,37.98518750915859,17.15699927216393,88.02329582137135,8.424159370049743,95.9303056192878
18.176032392893426,56.420036823853515,4.575575984076252,71.62279693351675,6.84579357167644,80.17879322115078,61.45459692650045
94.72361925310993,88.46519316700781,55.68736551651813,77.95838564733207,89.38087318994819,7.8861294817443195,431.71482744058824
17.58574374562647,0.4241953426821099,97.13231117652148,54.48615502366743,5.441695812231173,68.2175784174257,112.78149711589668
45.15710787904914,31.2251143319069,64.16578755351358,79.74148931992934,21.65937530247033,41.05611709938356,174.64454135158792
18.968320065700304,47.64759815756112,7.786043698650458,91.87069195194559,47.934139291587506,54.42102117591462,217.29528140800244
4.686849351299516,55.08286909004638,2.3594448031982185,93.72831887675378,19.67207423417885,19.761994000383343,19.975180189442554
64.4410571158681,56.0889291245123,74.3495223941012,21.431077465656823,88.64691294594444,24.94977362175096,421.32597116902446
37.17298367844649,27.479559458313595,20.45974389457075,72.38724141286927,63.01023141655022,29.596339305805074,188.8816448173237
24.17429883142461,82.43036890255395,43.13932554747836,27.711019317469663,80.04165567063805,84.39348485619396,211.42338649473578
30.507874451146,89.63827948759825,30.29247700316762,48.626167516908104,7.140574856439674,35.952382373908605,182.29335563895165
63.43438143665179,82.73290988548975,3.2562347828690275,30.575801610093613,26.706815246473848,67.5843442904847,169.98277533167106
60.956178249256766,54.14803269763051,47.69017038007664,89.3364919455177,59.271781141245114,99.44762576356455,319.30604195341016
27.804090566052565,56.1939851871171,81.9096194974732,55.97258399365367,42.793272536283865,36.79777110513902,356.1938946562876
14.208530188185243,44.24122576282983,48.287280818235814,20.887293327622192,1.6236256069924293,19.457699189692413,42.91112458013909
42.1342099854998,82.28173516586392,88.47812652883917,88.89331906954084,79.4463299486687,19.24438652767223,415.00896781468657
82.77463616365542,77.66699885927456,71.15907077037905,57.93878950430526,60.533248161514486,33.56498402469646,455.9933381054652
22.393040293201715,30.954762559235494,31.424685743220348,83.1222092837545,83.02201494097943,84.77702116953841,224.3598290261946
36.39246204651886,38.394595614241055,89.58817573678158,27.58859662948322,37.50876762745444,6.683629803633173,81.43333059818454
75.06904094541311,1.9457952556591218,90.48466825735757,73.93163576256401,10.988956755214641,55.63096590813246,155.55554125377827
61.05587559056295,16.58809931990569,24.981198047660225,88.38389479583093,57.89124472815698,46.4545686316983,217.29166090137173
6.145019958728426,72.23214846078724,6.721798703187732,8.347534890325047,70.40534887017415,78.78525635421731,38.88884535797813
83.0640243552236,31.375848096906857,8.570992614824725,98.1271011050023,54.21180109814935,81.21119918450283,234.20246297870915
80.90059249190091,0.835476054244888,55.09722615236422,72.93722030930672,53.723810648704614,77.17725684110911,183.48110807270666
37.1713324256807,81.89482562208988,96.028496157767,85.6721821780188,84.63145806177351,33.398432474644935,429.02806761638624
66.91289707114582,56.98776947132883,88.12287337517803,61.27969611813903,28.415248265432623,28.522420018071827,475.7122994909877
2.4679481378433787,99.92248319172774,12.471319646358115,30.053306571134087,92.02705528569467,14.784818886344075,49.81948910686185
55.61385758856455,1.470148841558927,84.9710702966944,82.3605128136305,90.5160603959166,99.88554301330042,228.0822679044026
16.04616343760985,2.115336241985999,49.594537479457735,45.30700633383351,36.33736530720931,60.139490781873285,116.05016838271354
92.62553139751755,61.57547036471286,8.088160812523759,67.0902763276682,17.691363502415157,92.41944261669113,259.872391337627
82.80910906026536,61.45581255279272,52.76244339762468,11.243636358406683,81.70936054026258,3.252754116755352,391.6913245423498
53.83339166948859,97.66535015095285,58.91060271491367,82.97791612763746,54.77016244180876,23.83145732805656,340.7705886759193
29.953863703477246,35.96580341788125,23.888287732029,79.19334004744763,90.78529114744089,83.26107029369489,221.93638389810388
82.7706766880673,63.68671557221889,35.70787954284861,16.6969012770149,33.94666140517163,96.15774117717615,331.90427012013834
6.711829912822531,8.077445333034394,25.792301901405068,17.39637484978647,71.14707677087932,50.19435085423075,84.59570343918847
55.375176095272174,15.282503152095629,29.87723620176802,30.864578818097964,72.9552485400201,63.31982969925092,112.79783161421
3.8550673910659805,0.2586311103301764,5.466600440270907,43.22709521352761,33.4852536886214,16.495394189380896,109.8938680090902
60.54317520608542,17.27572401840607,52.191172475489786,44.811845852847355,7.514895329800952,26.7075098289963,94.88411843655538
63.278028755356544,41.57285567716907,57.28884764618136,18.83546279272632,57.485557141516296,75.96839016234152,77.91081558451404
79.14347961821765,47.325556166756876,57.54925853431174,29.4524269483307,99.20204223047128,47.676523351788994,128.3462834579913
65.6399087675582,65.80996004298616,22.714800234862043,63.05949636946701,19.72690750984396,83.1954267258833,243.60157274091264
10.26780639015331,84.44872207947105,35.71173600283717,43.568040454692415,16.649316377122435,73.36920160062218,150.66059198531337
23.60364492590915,24.656412254489112,70.34320823675854,55.60654072211527,18.060451435227932,54.91698341467437,123.85539744889009
31.482040626942542,9.868933684330361,56.293084093529814,72.90774420930272,16.580688587885906,26.660633202667306,157.42197043012558
69.63333558868766,99.08080611028672,19.484742951050038,79.52087492280849,28.990013843116934,20.20439761115641,242.2799393003943
89.70616475927994,33.30166849398473,98.96952946813529,64.45684082761036,51.681971601424614,12.302530538627432,165.09106177621794
10.612671178111322,88.69222375451339,61.479985191738365,64.84958352066195,58.500155558457614,8.459345030932742,241.7116261163626
1.0889842102925873,90.30115091300385,64.40525953101415,76.06270908472284,4.668865646304177,39.4814202690236,228.140868884281
26.72272418126148,52.286220533933516,95.99971850925112,60.18825559885681,92.57875944309787,23.35741442432323,402.80582523553267
91.85695148477096,35.690859072590996,47.827910959946216,86.31194190208403,92.15296823744082,56.027429376726715,237.13096157037663
19.068209991835204,63.12518742358567,34.42410324134316,69.43254104134607,21.356871982469926,6.809836321548623,168.15488632428907
37.6048288483187,84.36848648837784,65.48458750854954,31.13528767661795,98.01955372777066,31.404350461684206,323.2081284007201
59.467193588254915,29.70683221043138,29.135573364543767,48.58113382810505,0.3393563472543826,49.84953600467287,97.39981709928817
55.85904058332169,23.920753860670175,54.385602390412714,52.073807631785684,84.01908930069456,14.381279145455617,162.96097777405754
66.61987561665563,16.856645974432837,66.17355580639094,61.830333033876414,23.625576418159078,57.054649078707634,140.1985695604642
75.98297218327974,43.50306065014862,17.793747812155324,56.471800724140465,85.13783927590683,26.930628846985282,172.54008894141572
25.547980755425705,82.93717180749812,9.187435645025289,47.46978058074768,17.320252281637284,17.704672653424304,96.02597664615277
51.60671682114146,90.3334204444473,62.84282460211333,2.0689936627632965,29.05112691737697,38.416830303740454,348.9666781602503
81.74698447960212,26.798963205792546,4.9874389053514605,42.2335782820612,16.51030858253446,80.32152027596078,96.02437257189652
93.75200844325971,78.91974107580671,72.46982084663215,27.54659100924449,22.57612420714368,93.53459997054819,488.02439407136177
77.91924656150358,12.805132836203137,55.231398159322694,57.780484543773284,66.23434293474081,67.5796808548363,161.92500914186513
87.686439578078,38.78396660192818,71.52102110686828,56.53874600058082,23.529320974073332,43.72516531067655,129.54801668301297
59.45684434087725,13.843452721386718,24.898645247316875,94.87142780071255,85.79716356446157,5.776815966945281,249.8008700965482
13.27927814723191,93.96619015435346,86.44302948222484,5.453135759011163,63.75712110561512,54.94336285747592,335.74879855586676
55.01871862932707,80.69694615984677,96.19056101967803,19.582092734826652,56.582562793293135,77.13805635855961,474.2137601421907
17.244508154865567,21.98632544176311,59.39549555506807,25.151224941805815,8.346250817049627,34.668081240569315,56.14482545554637
40.59755577175809,11.476003612963048,86.36058468078441,11.53290360567507,36.19332937732721,34.18440629276811,48.401137775479185
86.14500787956541,41.2104915352058,60.923137787063176,3.120990750183672,27.134006019545843,37.94301971142497,25.235785714049435
19.39749676155741,57.022047753354144,29.71478384549332,26.638218470139808,66.29823756681348,43.22757023301163,152.49548536312014
41.39502226054299,23.713790818337166,50.50038675429067,46.23175904306266,17.626589198099886,76.00428631798263,104.80213052479525
95.64469817817546,57.27479204813935,77.63732436276851,96.27108831868398,27.99158073382031,48.76066745340057,510.84238071512846
21.73642809681938,25.750674950698617,61.31282634228209,54.49294872365319,53.29710396972782,61.69590171161312,146.29387022611587
88.12843513398072,59.5522273500666,95.98354109811652,11.009506837986027,6.771547327630556,72.0962360854503,556.2634816783595
34.77749602682949,69.83864753973513,34.56531006106918,83.44549255014795,37.97306247137481,83.39375246800367,207.92232528081584
18.82125210436868,22.524435293759872,36.54649470157231,10.274539553494721,59.4195694150906,76.0600094558378,62.14277769755286
47.171224519645975,1.2305555406710966,99.4074685173799,76.89675932637931,25.636482653209324,3.553152932256476,171.73905651000516
23.352475518801896,59.36939681151103,28.54124764808903,19.190312438853063,27.113503509766335,42.88098658614011,158.27555556531632
42.87349916993709,77.19529788217079,87.24308970963376,32.66679753281364,15.448025493134521,29.264619993642917,412.53456190856093
63.41015760725897,20.180992761717608,77.16437157407101,40.8903361848087,13.033326484882856,24.62528859117118,90.9040009090354
10.659719268286516,30.04624467550714,83.7406341082386,41.845823735866524,54.16982721761665,0.34705974192172917,121.61052652406471
76.32227638054187,57.156396404410756,69.27442353872021,26.264189229544733,38.51879857913484,34.60342439548707,433.26617333687545
25.691717174220297,74.25125798479263,58.28790866631599,16.769816382888624,72.39998703320727,85.52704788458463,268.2369732676567
74.11887906239048,56.42215496173273,71.10248310601168,3.783104369404433,9.514305545038281,54.1374982379212,434.15588852701705
65.41514698023634,4.227703057574949,68.9347454604229,94.50320298904177,47.144979784870856,69.14748212037094,222.00789182749313
3.3025352137415975,57.56518303592455,59.640080693428644,59.562546487348826,64.58690991177609,31.90703978763887,216.99662046135424
47.43078400157389,52.57036379863671,21.043280456871305,71.0745528600021,21.24449042480653,49.61832316776194,192.22844160298428
97.35533372377272,16.017036123911765,57.96511798856878,12.2143924230381,37.22938153790242,52.79909023825638,50.489351922607895
96.22140344211127,48.47972364481624,59.916210245007875,87.04334944536419,20.026505423849038,56.466774995443046,188.1052526874227
96.68638398281311,94.39678510376496,45.25471766705106,28.310847634680602,48.46082041786504,49.77023846274315,400.10747179171153
36.729288886734665,33.05261455287728,1.5992135138336194,47.18281848299274,87.30872027921723,25.36368613390694,155.48174116143753
75.27458494585412,96.74988529854568,84.59713800889871,72.42679532164512,50.9131618591796,25.685327149968096,484.2764453957808
75.76762079842031,51.86671592148808,51.85445675460997,16.14589966095409,16.47566750569427,49.89757764423302,370.9096506371857
99.68721703528017,84.32741197060783,55.953271660945894,80.74674989876559,72.64276650548014,42.429593448043825,445.0544934015111
67.11228911571392,55.934995647320044,30.977938963544982,87.93847256783464,77.8491900731135,55.137169204330306,276.20350916169224
54.45565515478572,33.132168203816484,97.73142035892654,89.11719271499999,57.83197436788319,21.798013895536627,218.7167674875182
62.85899976840014,99.62565149265981,11.684189181348593,79.85592990793374,40.9331942578913,11.16782424338404,198.04216155572044
97.96533656415491,11.915064721483237,48.427416137266555,35.19452503892562,72.34632898321377,86.74767128553103,121.03148036610088
32.243763875129346,28.537654545050184,88.70756867468386,51.24629623777657,59.35191794286367,24.806884665397767,144.0389350355577
65.06784532110214,74.63732792334787,39.6453584771399,89.98346024317281,34.78894344615999,52.556003895752134,301.42836797274504
79.61320301472539,1.5915730748483292,32.070310351097,94.04504912361169,27.41418294296726,14.597378199669608,207.28002630730046
6.548786166564346,73.62104738943077,23.552588269960385,56.580167311671005,48.244297612176354,55.25980244789913,98.80602436127222
15.594325423444054,89.73981553260558,31.143086525431706,85.48388580740358,30.224429847365506,87.94910001315073,147.9866163976211
51.38592272650121,8.692626805379632,21.435755183262494,3.329051571552788,44.329476227328755,79.45685279614153,37.6887365022357
29.75174382054091,38.72002015387174,13.6748077690657,33.707683585045636,94.12456892647619,99.94065154131972,133.3025654186246
95.4077478886181,33.58075138514115,55.513109980952066,74.87154008203328,9.47166886490236,19.134202059882778,156.3732483694982
79.13360106519724,75.16981958757455,22.894006183488756,84.2409319433493,0.9890071195223449,80.81548472653223,277.96302430520376
59.51357346260392,43.66246334717797,73.52150631320123,47.70981913041514,43.506588771362544,73.64397389547183,125.87425040078406
45.09569433519781,74.19075326573711,56.585045235670826,89.3269526805314,58.508469552281596,73.59958145388741,310.78689416284243
22.041874048689223,68.8580713376741,94.83476519238401,66.92795756558657,2.7431189398005373,46.27977584899652,387.0263632950671
20.656641667311636,92.09362977244665,14.71811549241383,73.12027372865832,19.08649894145159,24.537915640439834,103.15500839172749
13.174474748853903,92.05749414583003,97.98344214175223,17.607432976841253,3.5654129326064488,75.11370191219359,375.8782343682676
72.37514680008094,0.577154758558196,66.76278494499505,53.54449528895957,12.335838285434619,17.191346847793586,115.72407737772336
64.4399538160155,6.917848178774277,32.434246962262534,48.2435493843023,8.444376408707999,84.83602112803852,102.3981622547002
74.35375157211101,37.98621298153198,36.24064299367342,6.335099248933629,0.40013538998762144,36.0551941896858,12.950293270858593
33.43036488098649,19.20397183536987,72.35069425307967,74.11380525304538,83.90625781960598,4.296624413501449,206.96199097981497
37.46174083903906,19.56567383521557,8.373353267529005,78.36862155167135,81.43975468688107,87.45518735559176,213.74507138415944
72.77123889813559,83.05069544270077,36.794808077117544,46.06881410643937,9.556849212177598,47.279374869719135,310.7099255152504
54.233084470261396,21.770154105996685,96.85824805142342,75.83664978977166,54.608666802977126,94.2460768511894,189.89936634162729
83.18550091495517,47.60767304980974,79.4429901641808,74.61085358188568,28.685623961308103,3.7475331536370615,169.30164393668701
49.13368649951503,75.70970193039415,57.85429822630086,68.15518009513553,19.712771524191986,16.482724782425972,325.3242600408406
83.1678573713314,70.4846053591504,1.3775086524576152,50.39471615913739,64.27484767861323,35.380392598742624,212.74092371193012
65.00539934321165,71.70587395575309,13.187196186440719,60.70682981100044,16.478228605083935,32.752963859843064,208.66868501057164
42.33685433059756,32.246762511972904,62.87820238315841,0.430023539599933,79.41452992340714,12.678425426627005,56.45021802558487
29.48260432452574,90.7022410063038,40.58292579104973,98.59549835274287,11.97164681772518,46.2561322713878,215.74675107998843
61.95766310439089,60.91768102543526,64.37744572363384,64.28370620688315,38.17485439437258,71.24613027827074,380.2152177936957
30.040375427585374,38.91784947156145,6.415106930125014,69.55007159158497,20.20231322295577,55.980643800087,153.24176243923898
44.429448936031775,47.02800081531423,32.85457730431386,66.4759028014856,21.913517451601162,2.068881603049022,148.291267819092
83.07162182734405,69.65175007565986,56.002095037047205,76.94577635828497,85.2998709505413,56.478541521491564,403.6863871980254
73.70688200957962,98.20640241136572,87.93431441946883,0.03203354062075725,76.7961326820618,24.68211962161877,492.03730549208996
11.003790159074345,30.541178508817325,37.91563207969754,53.61886490635352,78.89918638865119,99.75447118613042,162.46716028476288
30.676196472471553,47.64065168437981,71.81699371868132,21.79834188515838,10.983737353839974,23.088197547012822,51.28529991800474
41.954032002813214,75.84553924175206,22.063628745842234,83.73231773644612,53.4773546394431,69.68107429816654,182.10778061748084
91.43197633188281,92.943780678638,8.906693896903095,92.64775217735945,24.492107377806093,52.108278458732194,259.75336946886785
18.785028338685304,31.472888471439887,76.4854404896465,93.40727604149352,56.37618236030122,83.12232471396398,226.27787973519787
2.2015932022578677,1.042473184291992,14.616627913243107,75.09740738158598,41.15346506199559,46.56368674485816,179.00224030656886
48.661940581158994,95.48507942784327,94.8487366308691,61.16696112653954,44.10664244691974,42.59083716497896,453.62542966093935
92.34004723221294,70.66176460975205,98.31944264674394,27.12874823685634,20.411868524307774,87.26316521474638,574.9681673441362
40.3242123227869,98.7123601345993,15.562926140132404,86.44687619572508,43.27019077198807,22.7847523553662,155.28077229743067
76.36869477961454,96.81215388031733,2.7733922737817718,4.1456056953315334,56.859426478352205,96.22948092286633,200.62860990727256
64.27426055735204,38.877632103455184,44.224807020135536,38.50708607906211,83.04503476770024,77.74429622386364,135.1456964955144
7.457193150354735,31.3923169581939,91.59354344964673,1.0252148821439433,27.47117430100492,48.93093179616431,21.280251774991328
30.948381991731644,37.27523389720188,83.7879344060745,89.03944008194603,74.67375846594454,6.637665133151193,230.35051109005323
78.04869468896415,80.60259555423927,37.45055491198921,33.11169051821607,20.42232849588801,3.490228339268342,326.1986789143726
13.673414391718698,49.56852769170528,91.39795598329202,9.594594659259847,35.752004576381566,14.330390909145185,44.21559252198679
18.504177730954787,23.321488007063063,76.66779972874915,68.77091803669909,75.17232988517418,55.92536680561923,190.1624669930201
46.82608805924744,91.66517501827781,17.26196573594123,89.66077293643747,51.35615403678534,47.91194178943508,177.4821002239129
21.692524295370006,74.92939081260617,80.75086029313093,86.77047343138311,81.17593232943699,36.434060996155715,336.85932176438325
5.100147863394334,17.898505160890988,39.22070389140268,2.808186917923561,30.161261322455037,82.24772986188074,26.729256761565644
20.37878382013455,58.27088403131204,52.12176902662995,39.26762328566845,22.13232527081378,64.56537518511881,233.37315114354118
17.149753716625703,11.88787327382851,86.86817625088156,16.770072198965103,51.68877448244816,66.39435163471042,69.72228653564392
65.06380947769534,77.52887260666047,79.94359340261443,55.58298885793581,14.10909459408306,80.82920238942862,442.4621006033889
86.11579734586576,20.470482462678476,51.11414529991875,8.663384362729643,10.68684155367402,28.36031808182967,24.8075578130311
92.60423786341464,21.74091234001644,92.40927500330993,23.207096464347078,69.17859607316294,68.87630483518915,94.8392101799082
80.65520319162954,77.99166327403346,99.01056667293685,8.759158974066105,46.38428117963328,68.21413916305391,548.1749913343529
40.492601143987315,52.520138388257706,14.23190221235341,30.63139029282039,21.380088190842773,75.8385967281421,151.04316060320522
23.081421191719485,32.01010997038922,59.46401120043947,55.29460096389356,97.97262559274442,48.93610250422755,179.1700398427082
48.10307152677401,55.25016110576561,82.31188740825705,51.615007363131596,78.87177618959069,28.751473015337638,408.3492847458347
36.087726372251815,92.11913119161859,13.131740932788837,98.77601012377217,53.158828932200166,20.67965164422514,136.18040919539047
94.50921087438671,54.605396864317335,88.66978149719951,92.3929729905516,15.062649542672634,32.18692155563054,546.6172624261651
16.26313476066824,81.10451010735449,9.349969415193627,47.053680809722266,53.994632281132596,87.25278296349549,73.3827298548483
52.6557877351968,13.70530087299906,7.721764322235369,12.101142346622106,82.31485477348419,16.308269545640375,81.82268303468314
81.22404603775048,72.05406359390565,44.368607239332434,92.15689853491045,93.42675966409017,43.64941213756812,358.35024043203975
91.71756526578054,51.54300207615263,24.83810503296534,62.33766352960922,24.48305455510249,85.51438184010644,316.22728077983004
87.67305605268211,46.303559044121144,68.46755398418814,6.459271236232766,77.12545907747567,80.35521815937189,66.9063638266985
33.4037404188398,25.53587116778462,14.863200673418497,74.30028586347503,79.10804604216678,95.6732201622537,203.9762039564668
40.05956504272926,5.24815702846716,44.705385825192955,39.201573156291325,38.1371505822666,63.92196176900264,105.09915172016926
63.76743481041463,35.127596526969604,22.889047386491324,51.33339304078508,96.50766611924074,62.65163480112624,170.22215236503868
3.7552081858192143,14.06809502802755,59.102104336685734,84.73139019672017,76.77026646304675,63.94883111928811,223.20196691757306
19.755552692863876,8.328350276734698,75.06228551924562,0.9881505676483826,61.308826843785155,76.43037438066838,44.89247992594637
2.7702860737231716,47.31182691857045,80.98331030657967,31.025821366653272,54.86157571525371,4.128910223862525,100.45474573398414
9.284900963793241,35.91169008592136,94.56829797549936,63.84368334243851,82.14027415790439,63.550235343981264,185.1855585954101
20.025781955292153,45.04942487015195,93.01407305946108,31.145579792242195,2.183673196701885,69.41336239892651,63.81973082217571
85.05648946658484,17.693847030640562,17.174009863266537,66.35674210467435,17.256446778905733,5.967404944796328,144.79299695458272
28.05874183598024,73.9534994006071,53.12639208700237,71.22580727071274,93.242469907708,2.6154952000675524,256.0892268944589
75.6204671529727,81.9030762754399,91.82443766595033,41.901862024881886,27.788633034658396,86.6029804256704,510.4366997132579
59.777102478190834,20.184507937745998,15.095092739252824,36.44101888500683,25.076927844148422,71.92136433891166,90.43588726091755
82.38014273559988,32.103828306740276,14.776240164441102,27.933506246103732,96.1203233334499,90.95378098053438,123.15123882562239
82.49336032739487,20.35177755881329,20.942629527835564,1.088544130408653,70.91145641177754,85.79310989095401,51.81510774906158
78.27416322447313,66.4724491780771,80.61483215587451,57.846260313770074,14.55955830471104,50.08850720678375,477.83732060674356
63.95470837580436,63.09117800128479,86.65416441715101,90.5169502077849,0.6247387701811435,73.64581665706966,463.1763463995394
92.80179861388717,1.4282307709549968,40.239906013661766,23.628660071976405,39.03169908934052,63.185402676952826,74.57950950649118
16.450591881413747,66.9448262014002,32.86001566903817,81.08288484293466,46.987023430392505,39.44808955649572,156.13653454516796
38.85702747623162,15.705603943125002,34.51746084216558,89.80075983582522,13.941982412042975,87.47455237021862,189.36090736008052
74.31688973313675,60.24780538104576,64.19334546634985,19.65184033987615,56.48114515506113,31.041214225896997,410.46893346506636
29.5128793772636,11.910337046396469,22.784780627119826,90.39507500103021,7.657907159321509,30.030054398347016,186.15068501358547
1.2692054995341762,55.62138525985154,74.95676571109058,56.365413259564754,95.2609263994617,50.4911931554406,265.52169373765247
47.44834333996878,70.43459381500217,47.75799593123049,38.885095015893235,53.23729033352343,19.314213304953398,285.77384410922866
36.98607615122381,25.441742606012753,54.532322527805924,93.47958102409277,84.41377918618699,60.18252594112513,246.0488074785164
66.13581988944354,45.31279984720948,72.63023168854836,25.985063449612156,66.07865991028422,74.7080871470994,98.22518883642326
77.22611170259621,45.29775968079759,83.64506812256674,59.035600140297475,14.182678267318504,15.63213740726227,127.99907506771791
80.2080036825214,23.18221101745702,92.2615661362049,72.13924966151521,9.096377242701049,29.469608850046402,150.64596339292115
38.50145018911032,79.97095081461097,52.141236139360245,16.957185213017524,34.16593998419454,79.14637478596464,278.7479519605367
82.59875454574812,34.969189048645475,58.350323425136544,40.28850024893963,96.8236974358078,96.64264481228105,148.3535887029447
86.94310079503711,40.86516683495853,90.36781858236414,24.87458791187328,35.75151275402985,38.463532084658326,74.77523475156745
28.10336563641006,75.25418006179376,68.33853983819401,0.14635520906781663,72.52275291931247,98.39730339388473,309.44330352470416
11.482139513133715,45.08317767721738,89.54111810594868,47.558290044291155,34.1557914166737,71.41885960359848,119.0256340802539
46.92939869262399,46.47541617516671,49.542634783161546,67.7365791926692,56.93119668614367,7.113883121901043,175.32499606563897
93.83385898671564,54.491840721572515,91.6676264649065,27.30201943319619,20.425197005014372,61.438644686010605,555.4213400939618
17.61000245580685,4.213422617533736,23.61372554640383,23.338437383294963,53.70108803853897,71.22988382821168,84.2676363935672
72.01040849891503,68.13705352257176,56.63135220488468,2.926864253831307,88.62212149497388,79.31432621419889,378.2357539643839
76.32749842284676,35.755434374277286,61.920173843074444,37.255647020291605,4.886302303267643,20.45149051832632,77.93170565287056
10.200640090604074,83.2642166233308,62.98754786193543,56.285230977288656,50.155051054435575,4.227311251042787,245.95801774328422
29.245689231140137,56.970793689588376,39.80834614130612,5.969403098065351,20.010587415756763,63.38803750573874,212.44343457242175
75.84416460574244,28.96948762390408,69.80349319680627,49.22550896771811,25.82599264362191,61.38952552537285,116.52921278597157
45.87521109788445,62.23558847444782,66.93576302584117,21.25544426557515,54.2991644230105,5.999926347167717,348.9631983351552
84.58998131798748,12.151624547499551,59.56285645588943,94.93523580968184,56.65659745147368,4.934414763567729,229.53008983539524
44.797020762862935,8.726619183092133,11.984172069715326,61.73964489755859,85.58252350099241,31.457540817437867,183.38705624581186
5.568206974270562,97.95374399289022,96.7008510109816,85.41270095287472,96.91768552009529,72.83750427027171,352.37349597411196
38.24480614351533,59.861975196869075,53.048274485216865,10.136152807266352,35.18185715787756,91.09074294862535,281.2809760570474
23.0168222630165,76.27884714574725,72.76326973064192,71.52383570870552,47.02512768442634,85.66527845194045,312.213499714788
79.09804387616326,52.99747110781687,69.85920350353327,60.05662272821814,95.76137554853187,62.0655043031462,442.2523219527746
25.793560134368988,42.23255107010348,67.48319072178384,63.683375462916324,50.078294731738836,52.84558928128988,162.42155723804984
52.76304623500144,93.69519035457559,50.74007757176773,83.79861754923107,68.68352800483899,30.25635265235075,309.4978870886906
43.66639250145361,41.49088774691282,35.244978342441435,89.65625178985113,13.805669105444828,88.92235743314826,188.97647195351362
77.22024361755645,12.962499327444899,15.804235222033736,86.91581300666058,74.82886826781719,56.49025336419846,226.2118338007932
68.51428525631455,1.6106641481512751,28.45594698939118,11.30720595493504,29.545357520883964,27.90188767456797,43.296162174488856
17.19165108389894,54.81685067582265,58.39508893918954,76.64211300998105,86.14320479082409,80.91962936161875,247.36193899691074
89.6832827748133,87.19437944609724,93.2718745301419,64.33366636891037,41.6266382457977,56.31761102888264,550.6597677925299
82.93330361309884,89.36373598905453,79.12972626693947,19.386389989285913,30.350347185441162,13.739250841421935,484.28730096703526
35.73112896849607,80.5911864873903,18.923301346348453,44.09896961795524,74.13189835187453,65.0346213849162,155.55937713345975
70.58318233612304,71.28226186985147,31.146790904027235,57.534030444407335,48.31958581328502,50.793721374085706,285.471724004403
49.657036127471876,0.4599637479784979,89.56534005355311,16.639996445547244,47.50659940441741,46.084914612608266,66.53461247418667
9.29597332364025,85.19470718431482,11.27231781591841,97.686024193372,32.50284934442481,39.82938762808701,62.69304566481506
31.45140291988435,28.040097017674114,77.12452621845274,86.75536567458154,14.848242903910325,33.96871619119928,183.9045013819003
10.57174955817458,37.853598965242085,19.805600433706093,71.2358823546978,45.65720179060221,7.226430107198468,174.43180596281712
60.413637460102656,15.370034690003841,25.041973892780266,4.787346421360505,16.943495610950386,10.87690598196106,21.43513977038628
67.23646173179661,72.41177319314966,71.49038034555826,3.8291606402238276,11.744205987749911,36.00404981632248,418.30748553894546
60.17444740491326,0.9633196432907498,6.112941826425233,40.29266422070318,96.23601346067655,62.18398676859811,147.95053786387996
23.4579153092227,92.24797426427898,71.97494319810804,12.769951584486305,85.44834904044482,63.723557452562474,310.5570894664349
91.72231013764367,56.59621941166857,92.79863137325339,94.2544539285718,22.8957224172922,82.33062437043255,554.1009851504961
32.98167753007316,90.90254005700633,77.67798791868493,80.8331609251023,43.182633454937466,43.62133697536245,354.3271515405802
53.972077444431264,33.88070083321553,55.43688315130899,61.81956225053177,71.02362269282519,91.85932524180299,173.35566038604117
40.44714190648069,90.63478651067732,32.465445606984076,31.211016870939503,96.75013109185248,83.88557866250774,214.746914390646
37.52695117649617,71.1909650185032,2.7041616548379888,94.75254136566768,39.76442875516353,33.886315485988405,103.28194373317338
60.194753971270956,94.94571391359908,21.9066462778451,51.466683060374486,11.006088588941543,48.44777971043103,227.16014690063525
15.27336538542765,60.28130725481715,99.48204769697108,46.87960898561685,42.712711351889624,72.68723403049525,386.3705804029679
88.40120482022688,60.11669606671445,5.116577661752464,84.38748279388695,8.916011874441942,67.99201145566461,238.91103386670082
63.311599493057734,57.57762729389431,39.95720556397335,16.7529309745562,89.4863996674896,18.34380315888816,298.12921820655106
67.68016578462033,87.39681609112662,75.30420759754767,20.524673410855023,71.33084860743931,72.09196909859288,432.7651410529677
87.46315319778579,57.64438405611002,18.334584724803683,29.59760919261284,55.70484761675621,49.543111206229916,282.82892953127737
28.4618966794561,30.92863236310133,63.13516028903198,90.97632588013288,84.60125419834952,12.467889653793929,241.17352969911042
84.20933206822349,25.72340055998028,25.969419100545654,25.31079358725714,81.84692824793842,1.6407704389734934,107.91443694807117
58.51588600452858,6.834059613318411,31.8803008122585,69.61433796225813,56.82864463490931,3.3124364646210824,179.0087271689528
90.40364182524542,12.510362457891,12.024312340221998,40.86432861048078,57.577891142964866,28.99362989713503,122.03318102103697
0.9064371387589976,76.08918810339341,20.06006774928546,51.4761870372295,13.101580358146192,57.46665764744544,72.4763299693966
73.46392365037242,47.47949392650222,74.93354047779697,93.91943730546018,36.12201893039347,39.337349979633885,213.12428786219579
51.471883409863096,57.89885056185034,65.90767237478164,78.4364873582977,91.49172316790187,46.934193858036025,359.35656183639344
82.98848280632303,27.086301219279118,4.007450673201629,89.79392730823373,83.1213864946201,33.62862070459768,237.77282516270154
19.593938664446696,11.238774448779143,98.46256039460684,34.54305262223048,94.88449637461915,62.80392604018533,135.50525270669436
25.85366559653043,81.07292824658003,64.43561908831971,86.12946228254452,96.15931530661324,67.29137027400732,290.15883080044506
30.5744032052508,0.06521122219447228,2.4688267117250584,31.546602830786874,8.895245881221891,93.10827294930871,69.31987777842907
39.83868450464335,13.870112640035314,14.748215064143878,58.68845775989644,34.74037783331377,78.20080239364273,141.6951800031125
84.36231741348612,32.398934133354985,58.49155080187868,50.17282228220821,73.1725921207409,77.47641147448952,151.56645904893503
25.686733863465395,78.73429568835864,63.47082052914702,17.667203517613828,76.00712814146564,3.0086791873087826,286.36470651067805
43.675345798418206,35.07255642194676,25.777291940283952,94.58002863414612,92.31635212853834,34.6486704712083,253.78150375826908
54.24975592925667,49.77797479951628,11.25867314353105,26.743830360988063,58.83698048657655,26.55776013541996,94.6735470625797
4.735011929250355,94.38715469822847,73.37324824108792,56.21519320606614,93.43823425880394,93.00046597131468,268.6438986669336
93.97744586905141,11.445901690036276,86.22217897811115,76.78680198724287,98.20092770672579,79.15286527381194,222.31425336919378
5.886172148949864,58.25615649554222,74.88295003192982,68.92563736361255,80.0693116814759,85.18105654973843,276.80575548412907
4.499439972472519,86.25928144069731,63.45621791229872,62.731594349069596,42.779143738568656,13.350526249259909,233.34536262422682
53.29689510235909,57.621586990196896,63.97449866113044,69.70321927413298,96.66899627253822,95.80456423498524,357.15298306985426
14.412816352225178,69.79463344239382,64.96164176408057,5.5903059079221995,11.816687278695671,55.6987856563897,263.3977870548449
88.73567661952153,64.00968624690525,1.3707711433417202,58.83237153338556,4.416095785993102,75.83762201314569,226.63689055049986
45.62542551817159,36.88353045406036,63.19805251574836,51.89094206807122,82.06592183907573,39.5031455863789,161.22802942349546
92.09875329648447,56.0500267595625,29.53923758574357,79.48291141513467,77.26323134531886,58.91011178709887,333.6342147913137
62.718758657394204,24.913948589305146,60.432828832254124,70.05015661100035,2.4004396854600762,82.21428130684222,141.78062100182274
0.9109999256314505,20.614241772718124,88.66230114814213,9.933002578595318,57.41177098330308,33.232453060941516,60.05424484550279
13.782390993184313,88.88349566425963,86.85204999379825,47.26527485318627,92.29865851625567,75.42761850065473,338.4381524612547
40.44970244117818,63.93753842579956,36.70740215916162,81.62727118464363,61.41512864299109,38.13495951742444,229.6001636600111
89.03532741551662,58.49933201563759,53.07483928113589,71.46843921642619,30.88344045456023,6.754416234285799,408.35025602276716
91.44129389540169,54.66816863850097,57.52935012319317,3.169521833199662,2.044093693030935,66.45178628462072,429.95596016968034
55.287785951033655,10.139082129302645,7.2633591134801385,60.717740711221445,65.56746680925374,30.968553629663454,167.3327081889205
77.45690828607243,64.24709449185343,53.92569961756587,84.11911269873076,86.84867439863885,63.05401657275874,382.3822193766616
27.910369164279746,95.88163899993864,83.44650457556916,77.1072876048198,63.59229423149255,52.8526668683731,361.83868892519143
31.183362206699016,10.352101896637954,7.429186864589587,13.104497942173731,72.02664220558039,15.793540617656932,76.62764542825373
17.465689104527183,48.08622381126263,85.97614117316331,33.86008877871242,95.86235511689345,76.06196291947562,134.82382613925023
97.67202010658781,46.34761936154194,43.35958960179519,52.2870612116286,89.7598278104437,37.95128235166503,167.40600189056778
35.52095080256558,1.142648014401837,35.21045264995,72.7247933267939,80.46342684394344,11.093386968747353,201.7739854443482
53.46870296925045,73.76359794638756,68.27064024844665,64.60281153480743,28.604915490410054,40.990488892212575,372.6189982926894
63.39815461190253,42.03521563262116,1.5698155899359079,54.129230616126755,23.118380533502126,21.092515470183503,124.441327605705
63.20364854765598,85.78377453299409,47.415857470820875,91.47911252839607,29.826360717108834,92.99774689553057,323.964622517013
78.73195253819743,18.257254115495126,79.03636387954688,64.750817634809,73.57127830861884,16.749960191397683,181.00153008565118
59.77127657394491,77.55569688519296,62.22051011422531,46.86811875381043,67.73473174190143,51.65144695369245,367.1999768346509
97.69339620888204,95.38282611127006,94.96916563201255,6.245894298656685,70.50422879685293,90.93367145978681,576.625570234249
20.655284229602934,83.84192384148648,31.985172539296848,88.45810056319998,9.144670316936566,50.889469267994734,163.5863144615463
25.601185538401396,67.24661503187377,20.782791329685914,84.83706596223922,73.07960139075382,9.973005131395352,136.7427334999042
21.255423931937944,26.11384228998813,0.15959833366725462,68.81842839000787,95.99232105179041,7.654848225984923,204.83148151626904
15.380190443960451,79.2026116455358,37.58771861544322,74.28971740349807,74.56357286201788,51.655035820207715,170.0074912639524
76.24804219193926,69.64657623653532,73.51397338096025,58.00346393972545,65.9529922883504,99.18025117568881,447.919012313209
11.940432117847688,29.326690578715663,22.31692700578619,74.51580838871264,62.72520897566416,0.012986113091462137,192.9392630603902
32.06327566208653,6.505481431596339,62.39780670150802,64.78515837342938,18.57547865745697,42.229104775319406,142.57315180707863
11.037877666545636,63.69774064429424,53.163725849960116,34.62518348056971,32.81856546768773,73.88134621754101,213.6677346412245
47.487586330893706,92.52175594247525,2.0150987081090976,66.20370141264095,49.00034071428557,83.54325789064809,125.7718113056161
83.54175302748631,80.03649570073998,88.3316619270884,52.701606161461044,71.9435943505024,79.96163999579757,518.0151993135253
95.20103935136967,75.43676466527806,38.2576219967954,84.52006605632947,7.755158998941669,85.4540877478557,371.9042753672081
10.271335319753671,99.00079104184863,49.148169319224536,4.912748851627224,18.44490488054673,41.78742234432239,197.69693091667006
34.734622631726644,57.35161760395049,37.1264843622487,26.923863048203867,3.4206029132971216,62.19597317995721,216.77925184718708
38.678461914216314,54.33048169601481,37.51935676479054,93.770452398659,56.74574604889676,63.496573011087555,228.01390346230767
46.883537484318396,37.45069158744091,24.135393872788203,26.494406863071006,45.13689566043506,90.91814238503663,84.58464068844656
10.640295481955874,91.80479437490959,38.504137516645855,39.43955910931927,36.62777479501946,41.71349629132754,161.36522001315018
81.0383295077632,80.67470932689186,79.32735461188813,92.93247066822244,23.971108874286728,86.7228559492085,480.24156491101644
20.490133121286615,52.61938603938249,1.4616760828399356,68.950659477339,6.455582101693347,40.11339543143324,56.34119909315631
50.19637199024012,54.601084703607704,4.649769882687826,98.47470307642286,56.09138496079951,93.2649906083875,141.76512456500768
44.152378973704685,49.309992196524355,57.776938562448045,86.00413270852097,22.208087888223073,89.38525920232378,187.5539269387981
13.592104361427603,70.24625709575947,43.421249899262136,88.17223163179617,56.495102652639574,99.53007710969551,185.9546355509865
33.86101235208755,21.743958652085528,19.594842572392857,28.759903467036708,38.41733503223469,70.32979949531781,84.41194145663769
13.93510514059625,52.83677023515162,66.48666126168138,14.35950341223542,79.71366222729475,49.36489241936805,267.54107726737544
98.42923511047164,86.97062494295172,12.29436976413587,44.58934024097636,3.2283749856354738,79.72304919469289,289.10338195065464
85.17099393416049,55.802850380825,46.39527378341817,52.65893573375956,53.46744660054318,63.1667215122571,375.3109430773648
86.40121797391454,69.86591770240888,23.609726158009614,29.22277077773997,67.78229679317592,67.34591933127534,298.63708648782
17.480784316544106,15.33034904506878,19.550116438535813,61.26150099594202,42.67020181154425,40.84447051496654,152.39214325996502
58.65514675183711,21.526151228046487,4.356452886449369,93.05812458586836,79.98771580969995,68.22448967231526,242.10765023852667
58.9102046968361,23.763861438079857,86.76493921940504,96.49288662826426,14.482961202363487,61.746802910313484,203.12384609818295
78.14009428872457,99.26051521677347,29.6461191511901,29.603219618469957,64.48427509983942,36.64537011036189,299.11165275097676
47.57125923858874,77.98590229256862,25.028482602744184,95.819391137908,30.293328903720486,40.70952689633257,206.52783720607647
57.41746961099754,95.80125269887884,25.274084840339384,70.10628382182543,94.21507785379299,17.905015679620707,232.00297096868172
4.784030300180742,33.60405783675573,77.51398425501576,84.4672791631087,67.54676789569525,39.706493931345385,216.21729585320406
89.54110082217646,65.99509762359314,81.64055644996338,14.386284298732676,34.51315173065732,70.02134167735143,509.594699630313
77.82759608155591,67.36004683424885,54.98521516412834,53.723834285901205,73.28233157345667,71.79527449758935,387.0172432783389
44.54831688423595,6.759035093139221,17.115906351530285,30.706706213629044,87.97043029651111,70.7806264804606,122.99271363481586
1.1446124533770363,18.63168036734091,19.738527599066337,97.75784944633389,72.02600114111688,68.13094360627336,245.9338996914496
42.447611623962665,0.4780169224138042,14.18711019123229,17.243438694459478,87.59590691569005,15.512102911968617,95.80401222990199
46.89500353921916,46.230684236576906,33.08374001781493,81.44190778687991,93.37063501643112,9.778319317644634,228.2432600852616
14.076820166260317,33.29175306490597,35.02282118186698,14.279448449530651,76.88302259550366,27.87725209181652,82.37701271591386
59.6798789558778,98.90646151129798,29.104960219695265,44.178220206565534,49.12228468841499,53.88502855663398,251.06705815862793
33.568988514156196,47.86227983582141,28.270466445580567,49.71597745805527,78.39449367824768,69.7303226178321,154.30810049088393
16.05764455219173,57.04783383052946,31.05569790410867,24.124431952939606,76.3184078086801,8.484800435922102,148.83905404485967
50.401366535184934,85.23348059519743,65.94950050150908,90.82200695436494,87.33619989121357,46.75110399349669,356.8266680932441
17.15005364393032,59.03186929135366,52.23091883974931,13.485280934608124,70.72432265608985,31.782455837551815,225.6833500489484
65.11632536537974,12.288324164250142,98.23070665572111,62.350775414818585,33.32992699566035,64.0705505244337,148.0324997265994
12.186677982900596,78.50091676991133,20.521994402631282,28.680504144724605,65.58998822461761,50.22903159047074,102.29367536646097
80.7911777907879,20.079067219872503,84.69228039825347,75.23417270931027,32.20811431237273,90.50437911738402,173.01402543728145
62.2621080538671,68.5560211361855,35.09873078221793,99.21899929073899,62.50000111696473,5.027561301229455,278.5008278724305
22.197223630230724,13.950249351474465,53.31915132718281,91.02283513435837,0.14197834974685186,41.27924855360751,182.14505511353954
86.88095536025939,35.43688077914696,4.775997516237052,46.0036718156874,95.0754966955275,48.917047974083715,158.56019131824405
46.326625024297385,98.89376836368884,53.06279978803502,25.071846970631217,24.77773337087822,87.28072533534784,301.53636181886606
91.04151156570278,47.71561143796327,30.61071254062694,33.56103381258865,2.0873590023489874,24.16418348099363,68.58321892682159
71.57895969592447,92.96994487015492,2.2046447139889236,66.17894959165889,82.29382935715705,43.871750953543234,186.6636557387724
47.659692390941835,27.36351839596346,80.1382639157639,41.33407748544388,4.216020229332351,58.649419063219874,85.6193691314204
28.387616936191794,77.8979339715081,93.06676957655128,61.9641777708735,55.40549634225738,84.22479061072559,396.702735858409
9.060692297402417,6.257219205473252,57.395680979973086,6.696507900210225,18.24382029228793,19.766006779509638,26.163690005021998
81.4294586648272,19.063429279118182,93.78964918379543,87.73691896368202,45.331080265543655,60.88052184511411,207.2055941132446
42.066541104930145,65.77236764969967,1.4921916804855884,46.740965607414,3.891732633230216,65.55769015716592,110.38902364402492
92.79947668694992,57.211110197844825,89.94723300204794,81.92840279048501,80.59801162370943,4.890269247892876,546.8140072245426
23.883548377025953,8.070393880521841,46.97606624863281,67.16334715072102,21.81304406917477,29.10271447312489,149.5958251498644
86.64541204604139,90.98381152424466,32.695537690997035,93.37462388924217,7.304473711261073,4.419088038515562,331.0479120335931
0.5443905278788352,35.51557256757651,51.60993068643377,14.709935708002098,86.4323177335522,65.60887230181906,89.92249382949073
38.745653892874984,33.239948031503154,5.951732596127057,44.8167905208299,99.0661526714539,44.08081583360206,158.9798879116775
96.08539876631377,39.366884975288464,41.40499648269782,24.673528843248082,24.36878514731586,82.01636990286984,66.40520728961727
49.37692936979944,34.72523427330175,92.77643143558572,72.94339051275315,50.36571536844432,12.546010449578626,181.14278178341732
68.94032398314272,20.471070842979312,38.877977534719946,56.81929227442922,98.10909892250915,56.11227845547728,182.31495379461484
64.55666643536124,26.1942803220203,10.682689303376225,58.130000486517964,14.385946254432081,59.108185915369404,126.33016335113838
42.20776169169225,83.14038156082752,28.482712835790203,1.890637450922128,25.395119620550478,36.24235965855461,205.20889915449632
89.35810814848566,34.472181799332155,97.02100913423033,6.739986147426869,15.645769021500822,99.91329805078631,24.43201060990431
86.50004079944155,58.73048978337748,73.03178244673573,76.48988992457492,17.468229560193304,93.66317548990656,471.86134056217895
87.48462540124922,79.21574692855815,58.890439744061155,95.43131032737104,8.871618821729864,41.45199263704244,424.8281026073371
8.007304407722593,27.641148871073483,26.66173185446742,6.648099567567778,73.86243772627093,77.40929700992187,64.9999055435252
83.65286972773312,55.278521888689646,57.20159847351729,30.37163990032984,68.52499055453268,2.6835986290925873,409.33776897664336
90.21119213369417,17.544111166410058,93.50877192156152,29.792845942624602,7.8643110536586125,96.25755062913075,65.09070962281024
79.57274750839328,50.60335106464539,71.5682632377121,14.59602827277422,78.27016417338814,77.80544806258243,449.4207901029755
55.3583739556554,61.59993326795499,56.750077224425134,21.092446677292685,35.058551662421834,23.952258879371414,337.0212051746265
60.4254715284477,41.46066354327375,91.62997244653059,53.94844572132922,46.40449403594147,89.2005829515594,140.38003726781747
51.354942410284934,3.2573032580975547,50.02916450135218,73.29947028510581,37.55384008010277,92.31239560904575,172.88662862628357
6.7291926878683235,45.6203079329602,1.2087812419114718,66.13048292937943,1.8868392101623832,34.49146872243875,133.58175330587252
31.168450406940394,33.93550867586881,62.52200014278235,29.236026093281264,18.53431107006963,2.173725552952832,71.44606993561126
36.34503949791535,99.68918877718528,64.37921404183332,88.33754892385653,26.0880927850496,32.89686480654965,316.189847891205
75.12517106856603,46.47278732723122,60.01392160021071,82.95782015883866,85.707837619872,44.32589731232907,225.91112665158772
83.11464384292626,59.3665679784978,87.08111968369955,6.794985655888997,47.750920404516805,24.233511878375868,512.5705285002641
11.665930019179193,80.68023796629409,67.34553790880484,29.403488377428154,48.02308946434021,81.68660461978025,264.87420772876493
72.23352009497415,0.7633678445016612,14.331011636326341,56.21345501306948,72.88423914637066,68.92385191480808,163.4458774285984
19.17466709805221,27.673084010778005,92.44926513155688,52.980250882067246,77.70304412997615,99.91188526262431,160.3526326551178
77.95296422095485,27.20139299064811,31.388190760873968,58.765100076416346,37.43113447393769,39.26552874665222,143.73199428458906
40.41959395047399,46.85803208655223,78.93628752004223,3.0564797627556373,79.19353507137393,86.47369865081079,61.54843407547302
46.566394882349016,59.05288118066577,67.40777165784581,90.63887751555934,58.53728127144655,80.98789625520024,352.34318800833285
11.947715406892224,33.53757466463583,52.80706291130864,8.72629934978174,18.051050660170297,47.94292547752931,30.08833416168269
36.87433824267884,4.200344285728286,52.16347798507692,79.56564306341583,20.11012346599914,59.76540192046996,173.20837255303107
3.449131961698837,56.04907221785421,79.34679527524064,36.48083883298578,96.09493221776061,21.79801077312765,286.33661336758934
71.43558312816289,73.591181981103,50.34891459426568,48.91045843077768,60.097467339406826,89.87710527182848,354.8101589003371
76.65842079755063,59.18848505661608,68.63053219833465,92.56533365431682,14.324753967581106,82.5364282007033,431.85291468804786
4.900251341423322,20.131094728107847,93.76669967039761,33.01173609545934,30.527298876679374,71.59624354583994,87.39258140459424
9.786119220955925,5.375675521466617,62.30088776200016,16.82076248905662,42.15457939609063,82.19826180677282,63.14973055537668
0.5838568632704821,39.8048308951988,49.390755071070124,94.40377427303974,76.83902222169033,40.16321901514011,242.59486410126271
91.7741544391815,96.60021834034967,0.39458395617945063,6.70329102613314,10.441483825249975,2.6181552873312697,230.81642994458184
63.17969304999572,81.43237837292946,0.8377204832805796,76.39134100660674,30.39950536106355,52.33993117753549,160.8812543164713
70.84479403305957,88.64368391424118,4.9823817383840785,48.94423822177886,66.58653387837494,30.80397214207683,194.5503211669932
4.120163249048215,65.86318087989704,82.209298546549,24.15196653968469,27.335708395632885,6.562909468340372,298.032953035542
43.8635304504465,74.40639905623172,27.250197847817038,21.95792050953218,72.66222261806809,99.7974895478546,205.03451859347587
16.58595155399343,16.680528976640442,86.56810190368648,4.123602757937938,57.928819600666834,9.60725116375729,48.79737923634266
96.96204131383314,75.37373631577164,86.3874796599975,64.62416525211296,92.07111484486738,65.20451555214328,544.7612820945741
9.52523756187318,52.632826392496234,76.4853650323364,44.892408829191986,13.803234110322627,66.44285868295167,291.51187151786036
53.668217761046364,39.338970906540496,82.26222281806578,86.46687563501067,96.66623189386272,12.288846608799552,240.60011359572525
94.2833861842673,87.02790402200267,51.149636626380634,13.127404190729308,35.00689818099132,80.60903617193723,414.7321936530005
54.46592292653896,98.45681349417733,89.35029059691652,20.519524888198283,34.56452756602874,10.106485452448622,448.89082440555524
33.55688451258905,21.221137597433138,73.45139697536129,25.31575018989205,65.81787069053631,9.95303679488233,96.70400986315951
81.25805223518906,94.5337704005485,36.749941866414574,93.31303848527651,29.060518629096666,47.61361022206438,331.76992712042363
50.373539361825905,8.097637308157058,31.25927041828205,80.13451574154512,6.7252261205825175,26.97265254820056,164.976689767498
51.632160445284256,28.16842712864842,48.35080787890171,6.440966781259605,31.097996879875645,2.0137830373890164,34.65053137843216
54.66426128830222,97.09329898203708,99.77933861213015,77.25173723731571,0.5206769998870708,84.27251195793092,485.8883383632111
41.12872665811537,34.936931782748296,58.339799590183446,91.0514807663351,21.683470033043527,1.816948484696712,197.28139055580067
76.72997819320078,54.81905326025552,86.43978104766491,66.18167876855944,12.800646377586277,83.78823976913365,494.3641791498291
46.887925618826955,35.27582060906829,30.2147258438062,10.385197506554778,56.42577175739605,56.16477004090905,60.26843524328679
0.5206078350891263,84.74719019238042,76.16894169623684,43.52617175715616,61.41668624347476,93.4521961297538,267.89281552455174
83.10152133373083,45.046487970540625,92.33967505919392,46.12237250015233,62.06208443449427,27.933912017089547,135.68820410445065
65.13120860310624,45.688121189185196,53.235570862487315,88.5160211155983,15.52555997303312,46.8690420321572,187.8999342123198
97.62232398305602,70.97257032718328,59.81450078836015,11.822550817475863,34.38138249275141,30.960894805985816,453.40656271690057
50.28372871169391,91.93053220949817,55.995906516703286,95.22338770543621,22.878446425646338,0.3388729033250826,321.6949945876963
19.88438791219386,49.22354899153915,41.04404570275027,91.13428790872842,48.382095037361076,31.439169326453374,216.1360423436096
80.80110063118782,27.937357906761928,22.942965730438715,25.148203912920586,33.852140549005625,7.2102454190231535,73.99290621014511
92.96293956155756,16.37494529388087,27.88097814653927,99.72209098123874,74.80152944728296,30.121127704580918,251.80525257557554
76.19365042611375,87.38460761983829,12.379185540897609,66.08862443942229,72.46327187833188,2.0649135540907526,233.81127545842602
7.153797786502702,29.807445743639338,40.57944935702265,18.002228791844075,2.3304580476595893,95.41474389564783,37.63577821704986
34.46611339045438,10.099498067331114,23.83440448512959,42.287606599085905,58.219973117483605,66.63065695344483,125.32919438041033
38.87782237725125,79.3144190524526,43.03501409149867,36.79865611142167,91.8769647674745,7.79661533789181,247.81710526337343
74.11680254357624,1.09900417724762,17.026878716201345,76.80466593477473,8.153602390970116,75.58804612229781,159.31685354322855
7.016714615588848,53.2692019415545,59.89958940857571,99.92475759884233,38.169490782364676,63.17017602451387,227.1903494689871
65.03877694063975,13.44936671818493,13.715861672124552,59.89400504228251,45.736473484009906,93.58164271266914,151.80354152337196
88.96228745956589,41.160693957577074,15.148432212731356,16.466189180497558,84.78976463234062,66.87991414543093,92.28521360363354
57.6461218908904,1.0616956257612165,79.2200440388819,26.8771131367212,12.629819161850286,14.765523350997444,62.5950996867376
90.71206431499846,69.63770195639874,71.53949092719112,51.18462829699083,31.402099225124047,31.049424044899755,477.16837903266503
70.03675161158543,38.80828460560498,13.676903385461515,95.58005943121834,20.319452653429558,3.1076546084772616,205.38373571983738
39.26990632508104,81.40961465356405,82.14369503565891,83.98174500116889,86.49633631405732,65.74317485480316,385.67769843750875
15.366416969804785,5.48885906161053,38.293844228703236,56.86269570858765,91.68492378763898,5.447119119253663,177.90483806852257
61.411086659585415,75.43294646928406,68.73804750832156,58.75727221905937,55.3874320483311,29.158919740883317,394.11088292808904
45.846858699954815,70.19539378028156,38.89274953573892,52.09901093459365,27.41123262073536,69.94275480178457,250.74177012497327
30.547061851277412,32.77035689862699,17.34168840478403,18.264554387262777,11.515568783174901,73.63965553704531,44.59000692274798
55.89440755057341,14.5188210348139,27.975364293601814,8.674949347280192,88.890416844932,10.071280564605745,79.57319048601278
2.975938114007415,55.3407673708019,28.538360012802034,44.71151581678644,79.26634915753544,92.75113953404149,107.32410532982566
24.94346938453823,61.81030333931835,7.337708812800781,38.65195818849663,17.873657737705017,8.727511324751436,88.0406543061483
26.230437835568353,44.486252922505784,79.46696496999989,95.87449578503404,58.58147486752051,40.002944385152986,232.75602397733243
90.30279965516293,70.35447578941061,55.937506666857686,36.70168057527184,13.622790476238267,58.24883498693497,421.5382724719092
85.5359173694615,42.86336029974353,45.47524194188479,43.38692401071454,45.55609169658204,51.99807869812131,118.6631122090365
22.170591394220708,79.8313839889866,32.26937235008839,41.24909100405698,60.67339837260801,80.33059862371154,168.36928171086112
59.56682831535824,56.62363573891677,92.41982766085069,83.63438464289807,49.019713579562264,67.87826476525215,472.38646760137294
26.53775800217957,79.83856560752794,66.92832030777147,47.46856827548713,44.55998121999056,64.81861821586125,300.5935160826491
83.74070331901802,65.18003382007784,85.45923824598543,2.3321050848745806,70.77350059126428,92.8889611056992,508.45909215849406
27.19708274218101,95.51412095119281,29.342913727237296,82.35925757010506,8.96690222953831,8.259551847693746,170.69290490078305
68.21464166659023,13.063079246371078,66.92464930722822,31.38042410491885,6.707360737910317,6.720226521705275,67.45600072637492
75.43915623951656,58.44620465430314,82.83514288112899,70.58328141032936,95.7571773804229,21.859406397484747,478.5208906827429
88.5499553433059,62.45252841413437,34.46656285258673,40.98840881476049,37.44618919633375,66.98663659123375,342.0078583423183
5.254303003129845,51.07390679694602,94.21492676652986,35.082226896952285,69.1943878094769,14.144970597882779,342.8880011906791
59.686456989381334,65.92740685308355,1.1637757636862478,61.32520419927421,10.475317242784755,4.791410241712679,153.2893576463552
92.9730124853428,79.67900276123731,38.04293252303176,88.69448975839134,57.41133090219932,36.14251415730788,365.5827950439682
18.418678304895163,96.80930503606851,41.64432778872018,26.10333366050649,70.87101786870954,52.776960435137866,191.80184302275853
93.26563666256196,44.83759804811186,31.49610033100798,82.07803544202767,47.79224357527879,6.282603826459421,197.6106413867505
75.99202344442605,49.1808253429457,22.506404970567107,75.51763110498442,74.81270599479002,86.39616410691798,203.40415640632185
8.285425683381709,38.845190661570875,53.446173523781546,79.20014189468837,48.42378667208518,8.509447800675362,192.29693445983636
60.73770733853586,91.24314224745326,81.44041628434925,47.85805757737275,18.979263365743194,96.34558097624347,436.8857253415621
3.4772236017460156,7.148283440906756,40.912177226075876,34.48779828993735,75.13320718612124,80.21766598940403,121.56884161015957
50.84107867521841,24.133608127290884,57.441812405922335,27.884156531790993,39.732655012464846,44.18397694077868,83.58117157230737
12.187449350365497,65.21009640973459,17.473704868249207,45.439383522663924,42.87036952679153,76.65898023285772,91.62659041478597
99.38869918938018,63.656466265990595,84.36739880910659,5.693456704225975,78.66785696841418,84.11648722675508,543.7576438053235
71.69928281865323,63.50757353631633,91.53251801908097,51.08033433960507,31.30370549994267,15.35576324258171,499.61202011341646
77.76535984343813,24.58664064100009,41.826292264621735,32.33566867990435,75.65882593358583,61.75679441322354,117.63251551331878
5.680214496323943,41.5013484214342,67.48587906121551,40.10250752014177,57.48830836167057,67.8280250842453,120.44683089345294
9.272991891869465,46.28873283261923,11.009843683651122,37.81898401381113,36.95605666116369,25.38671940026567,101.50720769043684
12.267423308135294,6.4398290235110895,39.92568633132235,22.859008967860195,23.32773790504796,76.58481331330556,62.04743446925396
32.51916478609922,54.35025128261803,8.553200464851995,3.4244483421195793,34.192074279822684,6.814690440131777,111.23411359223003
33.129750961579205,14.753221176589904,89.90339943305644,8.593269319398422,12.289406909792245,32.85068640853305,25.789123475651415
23.67373369751614,5.7602829928375066,68.88443537420032,53.38876846021049,20.326930993531967,47.39155324873781,121.00638861589336
66.83327828266246,22.562679869752543,73.10138908296214,13.363151817769904,88.446635250636,54.892310269548275,88.638948310985
18.11787034941952,14.871678654989095,14.755463602992902,51.03553745891598,0.6166148258264448,60.07421231038192,102.50270529591047
49.70080926535151,7.474437181869275,82.42722770704111,5.077996981490262,1.4087832166097658,58.07985175360799,11.142142214607361
5.310612496881562,3.967022244898921,96.76222901470382,51.32935960640851,70.61304007187458,30.63463636988769,152.08784726312922
59.09387826361624,46.34822211548274,82.09818601011465,69.89842561393402,23.064149208056385,5.962342405914378,155.94175567350752
25.87373933097722,65.70555305754135,95.64993921201415,75.59690655270441,29.005050885200735,70.19383467480493,399.45913556949256
97.65910762293105,63.123834529513125,46.708930140182794,58.955836290531984,36.2985970654985,76.65571018842621,407.6290245479674
76.94661868147648,65.06030864285376,66.06243563876212,34.80342536823652,90.78568162056825,37.21733597186875,423.58507143935867
92.56911189043444,37.05926458465767,97.07632056104039,45.930537180651584,61.96615739389378,70.73671670371772,135.23738453702882
30.788459592958095,45.56178396492121,57.13298324874205,35.2928063497988,65.78167289193358,49.940853595776936,116.6327837239511
91.1513531649788,84.8782889000563,4.830832412226971,94.48448944754495,48.3761179267567,25.60558022192694,244.7862963552414
92.40615555454997,38.74641048296545,73.92714787708508,55.293822642209236,29.00705850371701,9.90176359070536,130.89258623702037
53.53666092033878,0.34499666279838026,39.775052963107186,99.87663899802975,57.424429400932034,86.92456902701183,239.95037857671193
64.66169834928532,6.665197915494414,44.23663624217149,81.76465648866345,92.60336348305617,53.83410885312783,228.3516674154662
34.07243295864725,51.67722707501128,57.95537616163324,31.295894232874577,63.23550574669472,20.259398649889672,288.0248989623345
53.86392353097058,75.13993331757838,27.58630449010422,45.292419234042846,94.30479003600777,44.641814478469854,231.2118745427912
6.233770931929817,0.9804546282268789,74.19386917412908,60.528822157698535,32.79378451663799,25.444823197672918,144.01329347704367
35.2751353060033,40.1613282301708,47.55475944125615,85.78386034830274,44.41752861720951,2.496923074572077,202.65999072865213
20.629120138793212,20.52813943356827,30.503027226567493,18.536123985699238,83.53270557817491,42.465256010840235,95.54514187612091
6.263919802314177,51.40556723921049,44.62234744995914,23.57799670334134,22.228089946113606,64.31657763411856,171.83801558064243
92.43525687136625,38.234165884599015,61.356938314106536,74.34406022907318,10.212043806907921,10.785911638995705,155.83655112298192
85.01128075450744,95.30272408186813,34.74851972836552,99.38093093284127,83.55638671947867,43.95460639826081,334.14802093554795
93.20971235565786,49.05744265548252,68.21813370516693,80.36395452457167,42.65279335150031,64.089370665105,190.58486439519356
64.7279372390525,15.422545983309332,18.743896018504124,82.0676699107115,33.845013204725916,46.40053838654049,187.82684906473114
72.51709824889106,80.34833740433054,49.02020942731416,74.83497882079536,37.012131931632354,9.267087203288904,352.8634786178272
7.266505789145972,20.150148298575942,19.24061200631233,25.915265437155245,35.72701229037574,67.11093088188056,76.8394394775735
57.16893071095055,97.29109339868025,83.4820831480372,75.54244615779871,16.269184962884907,52.28484918015789,435.1096177955066
55.81295859519536,36.706175497967166,25.677832675968215,88.2261431970385,56.44015045996837,82.30491832586391,215.96039171605486
70.11500002762162,79.61596847608689,52.18049111349513,39.29584089567566,60.455718703835245,94.18572918717616,357.91921896628696
64.01763172697927,76.52303812585752,3.2075544952036905,94.57000185837657,18.756524828917875,7.637922620839898,171.2705200506611
77.13748223260826,92.64929597811498,66.23317264346275,98.85791314685251,3.904043744229724,28.01362727153396,424.6598098336403
78.4767753980424,79.82083172467227,68.78917079545711,62.01722631519534,99.27212833384841,71.12451116263912,436.95403627920587
7.487312010327162,14.539268222035783,5.24592797490826,23.0980980368524,25.397768424930344,21.83500816781794,63.97463397115604
72.9014410811718,6.933622918666482,56.97947023393577,60.756266220866586,19.9517412765857,11.51336461409821,135.47875133534316
4.465674409870502,67.13971450016079,3.852522481838483,77.10066378934799,17.599312647540412,74.30595760890533,24.648014711110946
15.611262606125697,40.5187755526378,89.03809221240712,11.381941219789171,2.750305498369776,75.52444499261959,24.689096288437185
43.69164923849813,30.55373637134946,91.72721667292892,86.78991336970839,94.49135795058619,77.3762865867278,239.7237773048271
57.16652645620117,56.23904244093585,21.956708849036556,78.91124303442261,2.932755102739504,46.44038143697804,219.76479711213085
10.410411078193194,0.7335287537837076,78.3754419443975,37.34188422983753,39.807689071375194,15.74181414967738,102.5491508096377
52.00262575201236,9.839182455610374,88.88348807633474,35.22762420876615,4.390023530020293,92.50119154879874,73.5282648885465
52.68462781611459,75.80230340187491,82.30895691449822,56.23399218115806,15.542182928748915,74.55063685073442,419.79291874103023
76.85682407014065,75.74587240880324,49.15268388771564,19.174406610578465,49.79972373043421,76.38347268248282,364.17645378235636
24.674985742789712,29.908737607255176,34.38759652919412,50.24103649897068,37.612967917601146,15.63860687684928,126.81115054026216
79.57805537833885,56.40174743968757,44.742448503462654,27.912388050090442,89.905813637129,16.752208959998892,355.5437082079664
3.4540623977084572,53.44388928151713,37.160486867644316,81.0181490376457,85.6220662256565,18.213839720659287,138.69686003102626
84.586193882961,62.501403191104046,10.472317775786566,24.426306368685303,69.49230730664266,39.45538783714528,248.11859692265546
3.9110351579355274,5.345078268913584,35.96538441435941,76.11814910467646,45.389087942182535,62.429569897974204,184.0086597688807
95.79810324857175,42.1292426944785,7.6149993998369965,44.20932698063551,22.801899632355436,99.38863918050802,104.37998370391982
29.293009205746255,36.980758294802094,53.34561993305375,81.37292136643572,86.55088872645155,63.679239541855104,223.33146484138751
74.26346232650751,11.506079048054207,44.83545405110142,29.174272813897907,28.201106825995502,94.3891894363608,78.08932040599267
79.79201635170192,7.75491077149888,56.01985135502042,66.52538036167066,53.00728389147969,41.71718325435057,170.15585944737708
26.054215885924748,11.633417633400732,16.483522287762064,8.734821014864536,70.81940047997938,29.725347517338562,67.04322236571463
98.32502838407544,20.08905675331265,63.190622685162104,98.83066500705804,91.35631240558085,31.85285261478764,261.6107486980227
16.127265028182414,83.58143264588381,26.254601366015063,86.76943210334653,82.69046489083497,25.829911321334052,132.20926735150874
61.26760046063604,55.834488937688754,66.40357342058412,99.0522216070748,61.70071003516243,15.48603833593737,385.58150812363453
25.93074364721717,20.498580717487346,74.09619499324394,78.82533660654119,72.59960035740201,92.88277682861015,208.47039346326378
22.390048807402884,97.43688797866449,14.46980844143252,90.8604588338246,66.32063911260869,64.1450672618448,106.61945156352103
96.45008987776903,16.627934894330064,65.97641733829244,76.43937278581963,22.39203597627735,23.680170018464185,168.5531707550334
90.60834581899464,65.31995452037455,22.139833043487243,48.09870931257855,94.69589809913955,54.959490114789645,304.0102801996919
44.190839278419666,92.69728776622547,59.7438376182636,94.84707637575738,12.922647092217476,80.93490754492093,319.58052985997176
66.40019499744542,97.97432253258584,88.26815556369067,34.713232349596915,18.22422041717363,26.143337103962306,474.9390319665309
5.270869005298695,33.00710006015707,85.796279607641,86.62088317861786,51.128475326978574,76.73409359498729,209.0316990861207
77.85003100106157,43.13243479711183,58.133493199196664,19.351051238892758,74.720451717453,98.5844815055912,91.00641868000261
52.34561258744663,22.37246646404586,78.6395575349254,76.92288761050622,99.881074481414,60.33776404971272,223.76252735800225
45.27496895147587,17.17969584759418,35.38027950164331,30.711457507823383,61.39477313458688,94.0302515517912,104.39925620985758
40.51552523480346,20.78222373530183,24.65532162990153,96.07711116254353,64.32663472784593,45.833968480011045,237.1828666345792
63.2470199469114,25.596652582915603,41.72293169640668,0.6939946647321227,5.49632625043529,31.628931494854463,5.235417704768948
71.66589632135414,60.2203846296492,72.51053386687569,52.060757668170844,62.34751009912145,23.372795078339358,432.95160933745024
20.56514429873023,19.746591977891637,37.10517438797141,20.21781642785212,4.171968937143911,82.73131275436486,43.35601111170498
21.864826797261948,91.55216737356173,65.62932899485277,99.28350003863447,2.579620980913111,6.783964879469895,284.36471847513957
82.34403167451038,94.71736561090019,49.432423260882494,7.2943500317132255,19.328078951743557,8.876025408706834,378.8735605993646
53.496038312276696,49.70880760300802,41.011349351140794,20.6683082213314,11.095946963129322,76.33952471341836,49.10377931685333
33.87475590464466,9.19586636903037,21.29607778204109,58.5171661439707,79.39669216072485,99.7768484585325,172.6120168004488
32.72892830043297,42.61250364448775,95.41884474239919,47.56693045870304,87.41712842742135,78.25531370698734,156.32585081660102
33.275706825084804,31.498068831849714,61.28432468637342,23.590043485948243,77.89547185918116,66.89982205763322,101.70691727332328
93.72904443188133,3.364751572171898,48.56822122165011,96.4376455305254,31.935962273275685,42.23185155506501,215.23046465234378
39.19057139565232,85.89709668021473,89.52482445273326,7.846248561023195,68.53432899634882,33.86239970787134,411.3133140736972
33.68798526649724,76.1784549448502,33.44986977734248,2.482385565444012,70.14337825052395,74.91731428562538,201.29450738694177
70.90330703680314,90.2862907383221,91.03046042180023,69.91903491674036,38.35978929512066,97.4065287940812,495.8648790683087
87.30248518349812,34.36617744965671,16.263520381141827,78.58496006191207,4.219234024782881,80.63236358632463,160.12338394117216
21.228398667244363,39.98382573366255,36.220095696557365,40.805448130604525,94.04145758934163,12.091974836383578,147.43991657374818
15.758198628517938,53.403947511980085,92.6945403851186,22.91154774748857,49.60207515259899,51.02854499744943,363.82638791921
77.39797888177903,3.1298837367600862,95.66206461319815,46.52252638216711,21.893251606380947,78.12581675298908,108.37032888880088
53.57454486094396,83.67203584583594,23.36994763905248,40.429214006024324,63.0777692570209,52.55904556734423,215.73117888904358
11.905612122734766,50.646998290879466,65.63890847486662,69.38701934365046,79.58532682269832,84.88853029237416,259.5002099688701
86.84268022193066,85.93121720464283,59.321151812365926,32.36770747510326,39.727726808574516,24.72265688094698,424.73073189810736
83.87990271522223,48.12867469094092,32.55766281351664,32.65680124724785,46.7409041657076,82.73658021026557,98.03223541049101
88.43953446105726,7.924986142430946,68.1437406358687,43.29434354317211,48.75317164397445,82.99874573354123,120.71590723712633
42.04928672316212,88.29091922242333,37.53073671023686,39.85414392289384,2.725500012822024,22.55608390391822,236.4807952937343
9.726500877480138,92.70527374952844,3.282894268486558,37.991321841394985,92.74272998372845,98.22313352909913,35.8063821334033
42.72273060459663,40.76585405355446,57.62827843602179,43.548092847449794,12.92434463825779,16.311471351087945,96.14322694168004
24.042321039708636,18.361230760899016,62.4862973678776,9.71929578522871,11.376374852881643,98.86180172811008,27.40205396747457
90.44928012745882,41.036150417232165,97.35363212262605,58.70518840199911,89.66701925672443,32.477786103585984,180.1772902837053
34.975308426523775,74.78766175418913,56.954697879215146,97.72063978256656,8.859567972309467,14.221348859369353,286.77971364356245
75.13268956696668,32.203468964183244,82.81931661702225,72.9248267285189,50.69668169134227,47.76462406880218,181.33733064097737
1.950989482898391,85.96177347271248,60.08356534587824,14.960311593144759,64.55716714214603,45.09216944732495,215.16995241781981
17.365692981513913,12.053716466402143,71.90172278927395,39.957548051878156,26.69448528532088,30.934379310749417,98.60123580348093
97.09689287133871,85.90383795049515,23.927526871324822,57.121750228534864,88.34752697073127,13.652367948227695,326.48857622798363
43.61170436350131,23.526409906345258,36.328512798838666,73.86164794137697,69.8580784650705,35.78691969297597,196.6239508083033
90.64712754288723,53.079528690224834,42.632611359055005,80.7698375298568,6.142923939235367,6.667448023456613,375.8319586139106
94.60002304834399,59.21495972650867,36.203463514481015,88.98543517501224,87.89641377731132,28.52736875396443,363.2121799215435
67.32503909269482,1.458585833104753,5.0695485767488835,2.3624142781015767,6.823276786744781,85.1028068552554,9.5011223069245
23.91394662669749,29.91925853704711,93.8993307362337,55.669585638710316,72.04126727662916,69.75318815082015,161.76805837106104
3.1931253618349253,16.776624112729987,13.764708211588161,80.43639544649022,49.50588653565564,89.22318113160637,195.52691146793939
69.23941865108254,73.54146024589888,82.5500154481682,63.14601039426992,3.789268203687013,13.191331206462898,462.02360069629503
81.38510618714898,13.753814724167214,53.963494438448365,0.8140935293435847,19.62470189165686,21.08513925997756,15.36547838284697
76.10515041318888,53.76036318470847,74.54917116019105,99.56672845402979,13.076423893568856,72.0856877747747,451.1849750936409
95.93584829539672,74.10629311902986,75.27433477675108,89.06982797925222,33.71840140453956,36.0357853769663,503.2997924571206
23.18342237186637,17.939379785500098,47.513120843718184,74.4282142119882,20.450495139625367,39.77968119195751,163.17177502171415
85.60063878859465,6.143126430793688,98.82964084147775,25.76650362191589,26.12737664577377,21.412866419306976,69.82217089587343
39.334092762063364,50.61754017628588,19.091757175808844,20.86380537813727,27.544745380520077,33.558277377042614,165.15638202048936
54.10604967183652,44.57371343721954,85.26346075379823,38.11628347264372,5.975456042764026,84.09851202584032,80.41538617522227
15.562533737348872,72.70260145914695,77.81186604021856,24.35867436900646,23.77000011177358,60.20832932943267,311.24786548413715
69.70043829065085,83.85753005412754,93.04374110768259,86.73911331757297,49.86302078524824,8.910852587069895,499.9041896035162
99.92561287916766,97.12974737288927,94.81310903720177,30.399019536746287,52.6301280503515,78.02562156869365,581.6599138281254
95.17292774764782,10.010175817018641,22.810486395361174,58.08730272703117,94.62391019691647,87.02479060176127,182.41134259190386
20.15800940106731,59.26903689095876,40.887682913388744,86.399064905872,28.42938470227726,53.14154566860205,193.50191369952887
79.68543732238567,64.23666054940082,81.3593163609135,11.87392786135627,15.299343156611489,47.695266990412556,483.9712005691614
7.404527549129303,94.75912881977735,94.66043041775207,72.9565362897143,13.378333482617377,78.06184517929523,349.8228253349555
45.813177849022594,37.09496978273803,8.773221256643781,18.487398653355335,16.157796372985455,57.513340493470935,48.28525476780049
94.93226010077449,38.714497001685935,11.046990075949436,76.06931704282293,56.21835094005815,37.20446193964756,191.49147974368657
29.11476888611376,54.099909162956614,93.94365820787391,53.89395087272166,27.14064182466537,79.25747399263685,401.5897259428431
38.059842472606384,68.3977835955476,24.30333446482291,45.40298572162128,56.47296686967553,67.99294869742828,180.21127680839615
73.35391639301079,72.75933219424971,57.335262548379106,98.92450091877298,84.5390534713669,7.1094356039431705,384.05820990185384
45.77920404137467,6.468470754408651,87.03082928712304,74.03100786187717,53.29763020854187,76.7065397250237,185.37035686973366
52.170399586794694,66.9918042092886,5.336938275499081,16.11169554655103,83.00852160135848,16.586247717212366,149.10528293123352
30.658607444740625,43.813668942278206,95.42673846279669,22.27635039677197,44.6377070623284,25.807434115658012,75.79909573717381
77.54886279543922,27.70686730073294,57.90516087012949,50.387621648279534,16.203077132815878,85.99667018925598,112.11739728953017
71.60397695976806,29.736216167145322,21.870872274991505,92.3653440439684,21.01784493551421,13.860413890026313,199.44317954279677
66.85970271555246,58.03604658878731,20.44377531480984,19.97211482640583,75.36211276754064,61.56269970117122,238.70247039071558
43.91882326796269,12.91996170417301,68.6148397473327,41.56163346608495,48.774116300659365,20.429453845375445,117.26514834263145
73.54714329344574,88.28478475962204,11.977748061995397,30.676150773953825,49.10846032269017,50.55363699352472,225.78997645059826
2.8413711882304016,99.1115101579283,70.89119887994198,99.28010166218672,59.90361037541672,86.48046435694131,255.22262405037296
41.71533689155282,79.13255266534736,74.66665714731232,60.614347406999144,63.51718109248361,35.86228318664567,365.6216422444752
10.350738629370648,20.85230380268628,14.185517340925902,28.387662352726608,99.94442653360703,45.83890451793149,126.73642327897814
21.914113865568396,21.94034865931017,74.56699185451473,22.96512294076949,19.190295073128627,11.409851672599169,59.36345243272902
70.5223451130451,90.86446525519438,88.71518372496553,42.47988638494289,51.412345099462975,15.145499482440595,486.8090058199921
84.35183508202311,82.23190368911906,60.290580829874386,21.936605269818177,21.62346896463745,40.59824548241966,421.89662060961814
86.07594111054023,33.83826844166536,84.33455928667412,59.379402987386044,88.30866682079497,88.52279845404696,180.57487274932856
86.56352380893578,66.49690413460172,74.8197691911534,71.49085934520798,62.57642604684577,39.73533237756265,478.2780016913763
67.99802675402105,61.38875750387388,31.13688412540042,36.43410712760995,27.077068446622143,68.80992870995681,278.9741613239541
95.23823468692214,23.421544697803675,16.22828223711803,47.6486480376478,93.4596867957743,84.94093000221554,160.71907683233763
21.233600676555188,71.84344520333971,14.949068345974226,95.4001822883577,21.125516054172266,99.74232046181719,105.40574090229777
26.460476016085256,18.48385747713248,15.419899806369386,93.34133014090814,36.92599033434075,34.4982049985806,212.5308535158548
92.4305565869035,20.292653483457702,42.7163327540531,3.777028251519543,99.64264386509608,42.84780254129744,77.30390720860635
55.04616021356763,45.558140277414196,43.23545345498704,89.79615271559179,9.905484826234245,48.94726141362554,186.52614480954756
0.58325416589744,14.978512766191166,0.4494452919965197,35.418164800063856,76.92624474792456,69.0999392531396,124.6847009236749
51.954474963574825,60.75500091666621,75.3918684414955,50.335644512877266,80.24968257697613,78.42467662996954,393.75772695417135
78.16014192530497,53.61822025650359,35.95803613214647,86.07427323229903,55.80477545460128,8.51406695184963,321.2534812757751
38.93271530476087,42.18044278188845,31.705282676684387,81.24139653719389,49.949810337322184,70.83482071981626,197.4476603105133
28.913491363159217,17.651666858153092,10.019298739367422,69.23148342035792,17.97113832984939,20.890929729876895,151.0427636716104
1.6020057889280737,94.62951401706107,65.91355567473963,89.97701628967305,50.57106120127292,35.39579767592402,234.70245933390885
59.0577208832861,93.67307263624843,92.93214728208001,64.19016352287804,35.16118311146899,17.807461702642414,472.9068176954953
76.1175680785676,30.437051335211684,14.151736601322295,3.584603951565113,51.09502435699559,73.93487872564417,42.93572495302714
60.86592000034617,89.45079378285747,38.58267999685188,31.78637236541474,48.09775748701705,79.72369852638373,287.20417998984703
20.337971975923086,66.79007384100797,13.747393081560821,89.46358760816528,14.788295368800197,67.01535888306253,98.96080572527059
21.9725866285295,56.95904978742606,45.19760392669673,53.49026031774437,44.98430754530046,72.71937465588869,213.1230803147623
98.11360516974656,85.76344329246751,79.49092077153772,47.01034939308701,0.01613443611834242,73.55875224200105,523.5022356247484
99.78380081611417,26.73974446639029,10.887998588987946,86.82270751795531,28.070422783504256,76.89329364662576,193.2947109843636
44.85538957622299,6.172402102043928,71.8992902688678,61.74150990929288,80.09573622728948,71.08331317184964,179.5500351776884
38.38436324171395,96.68220013587387,12.886667043428501,64.11348027779083,85.42490723925548,92.85307484175134,141.0642427562846
43.970506393488094,16.04264530760373,11.229922204196608,83.54339294662944,59.33453322763976,29.011873086711194,208.6209591526067
15.194711392256865,3.953097127100025,82.05800724771021,92.5813075230185,85.5402902788926,93.99243768339674,245.0408182412618
27.052719876597642,11.080649420446054,82.11472193215039,7.5846059198382605,86.32467108915839,69.709064827765,75.59648160208738
86.36869804813519,41.328416682137295,8.81019958678879,41.54818197959705,84.75596344276235,40.39767438091674,142.42553836912774
15.890657889763403,77.98392046892526,36.672497317588196,0.19828467049836096,11.365619562541617,30.989927530276752,168.0803853359672
53.536609780219656,58.57379257318418,2.9652261760177545,27.307377680227418,81.72540462026139,65.24452431744913,144.2198160666113
51.40817809003092,51.76298587970227,38.82136643741574,22.685040955898994,2.5626463582482994,99.79906882339895,264.3952277560324
99.98605503165813,15.78914118273278,38.443071758810596,27.74655913075932,69.2662277015794,86.4412099732235,103.97947765262421
3.5767370424957368,63.45384833585557,99.2509715112714,63.50718249033531,24.69965673718345,39.59145847996709,356.32024289568926
41.73669165468572,28.77799372275357,43.79217973850389,77.28447607379498,21.920094101192234,85.04286915527004,169.9130180184245
27.140454369201684,78.68176596266811,29.127616276756598,93.73935029987885,96.41071410567021,83.65303291345491,169.7977928916523
8.202967491524205,66.52149494049773,51.64907957955608,8.011764882260575,17.412797466615547,27.607203742684526,201.27919725725678
20.67037287575073,8.494176573153034,91.09374096912296,11.910184408455482,74.47527525326946,13.18129922641954,75.95306149419957
8.252402321254682,27.731557076389645,94.13582655667442,15.133359402300472,21.943084474760568,92.180668759421,45.62687793693334
61.01515119302026,51.712655690557064,48.486404798545635,42.514199577671754,69.23803058387276,82.40315856831609,322.24029477746035
50.45515764889845,37.227180906939836,27.00472513933484,33.892099554203135,72.84212208672359,86.99907701281475,118.77368456911279
21.64123682784088,2.7608128204848925,7.937748257155786,97.49260280551046,72.20496801954457,93.33920198898315,245.5286832247021
71.18398315915695,63.52249679415889,83.01554796823292,21.110117006745966,67.63371613059883,27.25598947755422,468.5143757867076
41.65636969941797,30.50708035811892,16.633677756721667,1.8762494747767477,75.79308781907883,60.03076777739509,56.80766042290868
80.96185230641578,66.53459604934294,94.581265401325,37.31665108816786,15.888767357402978,58.436828211608926,533.4390596706769
92.48595791978677,2.118334748487194,13.495299189857157,23.553537458317287,86.01195619917893,36.12805914123698,107.31544425605982
68.0679235117788,38.7138015399513,87.14408402389849,25.13792448189214,29.50562130643901,84.73618702490117,70.92978387829159
91.22279595372964,91.25239186402477,43.4108996909236,32.770527795049794,71.53107139125588,10.694701869033684,379.9951388025567
98.90071493359801,4.168463667813005,28.044365270246818,76.20678387245705,18.161356576845122,77.97028813037878,165.1265173487057
33.59621498385577,72.12438470403927,25.384591791557455,49.490114701037,57.137829591302705,4.916069177043725,172.83660873009052
26.960693880650876,88.50100635179085,20.82076931494743,72.30683356502124,19.667258610206282,6.166131325468404,140.27442730394318
65.30765937616346,60.06409689347747,19.080960189782736,16.131637732520954,56.01660542519872,27.105853534274715,230.0525091046482
66.55272700669155,67.09140449845383,61.93077446177014,76.79780788401442,29.825034907709625,31.653383852361582,383.1395281329244
78.15540667414324,15.138348502564792,59.73336878500418,59.48177990092452,43.580285341411994,64.98724008316387,149.46975954083743
3.4221455917784693,41.45884468325611,25.80647792161188,39.57594831357811,3.118651837316566,86.00458466761457,81.33495291327782
6.9219374144981245,78.24455910816937,28.746885695348556,78.7122269666664,5.761350334741699,12.682232357376366,117.91894346996526
2.5264456813196,82.10180620674592,14.9613795345247,62.90525136042749,74.18983997833531,33.56376257327079,58.68094257413545
14.423251179859076,58.78865869305585,96.56500408394957,16.459012911007555,46.72039196590782,45.17458888431363,374.0356422434712
33.00793714374696,11.861416402271441,4.5396245601205365,56.4123617975277,0.5337474955852684,86.57315312778489,113.19834684196509
85.42020178230165,39.64251734566449,15.482682412881488,36.81304719662223,14.855758302104793,65.21890492382319,84.02512520471781
62.17094007911843,86.37235422796373,25.249985799343268,87.37007118098009,49.21436351973573,33.052138829416876,243.8023004954975
5.267705187413785,8.533133029503192,53.07646228907452,47.84084547527755,1.7987136613598187,56.75043673221435,96.94079051350697
73.88036570095818,57.56020210781359,65.05259024032105,7.101245786189169,44.63772088606458,83.60214963232224,412.3849800935192
76.22845725201152,65.34782031733954,41.78573163020687,66.89901009827753,86.75442446724188,84.8072180043429,336.82120383575284
42.286871264712836,82.41362751713028,28.267252738238604,5.9172025634763425,60.534075796212136,35.20576329422701,204.65256274561722
23.303572638418068,92.04668921948678,76.91746625097294,34.52554205311172,38.09969729684043,84.8081426582975,327.47006347445046
39.1469944888116,62.40431559236838,70.94799178230127,17.461449028933764,77.28864291704232,88.85774614282192,346.18545746008346
62.233354167067844,5.955728002599758,23.96007865708315,37.08560433746291,45.57434849495077,83.73764663074132,106.07325262139136
72.2450025479807,68.9471124795895,33.419122001524805,58.66181429330063,35.62365813785645,43.51037740384993,297.57943337528854
44.99716824277458,48.1708355077392,96.58026476086188,99.61885209577358,39.703686117185825,92.36967461655473,227.03028447357724
43.53642698703791,27.187370259224185,14.79411209494257,53.70100182491298,99.37286059631973,21.334828585813113,176.96300606724975
62.69216664063224,86.6351809735622,39.04002849313969,58.480049075791385,60.26553778909084,1.1206822675868033,293.3705163275695
78.62157911093,94.17200958743112,80.0991102065779,49.49763160335765,93.70277866271208,58.695030365990675,476.90083350034763
72.0964398215882,38.15930573258424,91.00937194058626,18.38414681293695,62.66591859710373,2.4533885033455105,80.63443664384651
14.020608992243922,78.10533269598521,58.29891429011277,86.1468668349846,10.623469851388368,23.499864211950673,239.0977224960045
20.52287811700696,35.2353930633286,28.863366338037277,40.361555307890065,0.013269256841752508,49.96009768015046,80.73239909556935
35.4599150031442,2.910216500228513,79.07387042669768,38.601738369898634,70.9946229692526,92.74412504783577,126.89971281827408
73.74588389169318,81.95420786568253,65.54065027601582,95.89890583155176,89.48193831380323,48.33638174315512,413.75698569528834
38.99306234499886,26.709728037520286,7.621991553160845,95.58335692780358,1.4712701304685938,44.06822108253259,192.19660294693517
3.833787869970884,58.665155946053574,50.9036451096713,58.185077172102574,64.2314475978717,49.41298060583351,187.74722755877679
37.26758701704197,74.11387337119587,70.06137894734599,88.29017827456866,25.946590300030326,82.06107749285223,338.38379385831587
67.64566825227824,47.227064358741664,46.27910812034528,83.90183176726758,26.69871888882853,7.2457988326380285,186.49276675671513
55.612378493398715,40.34060086711101,17.18381400360174,24.933548837373753,84.03755782734589,33.80027544555848,108.69338815388963
2.551986819669194,57.77920135617549,50.47084839831568,68.39291935799386,55.506382236755336,19.97090933733292,183.02793644327787
56.858595093591425,70.21980721856671,51.36111169014676,27.458789694480533,74.02253773767006,8.767973698656494,321.91037864949226
83.61430567116278,43.9191289538416,30.024806708195094,33.31504097439776,76.53093657229424,57.71348746943613,120.20173754940149
99.92037643349649,7.023558291053611,40.33170269775004,4.0181037382731155,74.3781353169805,25.800693800022433,60.10090219843258
26.010073773964105,96.00605794378968,53.88987325770186,29.01859392860834,88.85038585578063,44.29666605006707,253.63974083686674
75.14985673222776,44.83529606102924,62.39560935023201,24.843603656405588,26.675916623893137,64.12557487812349,68.36034894953637
77.91427529486992,2.015326243536397,51.856227390456056,3.9256688443432886,38.34174294897793,25.82832528863618,34.69055775297113
69.34430162730918,3.8153369334393283,70.2218197365587,0.1258466126483726,63.087930642787995,96.8052589382683,44.41324467524834
32.35052529593462,61.95170006475734,7.266131575176038,10.067265113664813,55.62455762467838,21.450805102758043,106.30777375295268
95.02144944485302,80.23949938277532,25.022788941796758,86.33520161892525,34.11318748803704,13.058060051338893,325.1333849084212
91.69995748673317,35.28623514522812,57.48048891536902,77.71127011817552,20.84740998976481,10.620661281897515,170.0157272291864
72.1924294605961,2.5821973895681194,39.27664262838293,72.13050284920422,36.37556962483684,30.939633470623097,169.72390443579422
45.607038894426545,91.2134232673557,10.447719637335396,2.6572089192519077,85.4901369480782,67.24252355269851,150.58461596674024
76.34991433842869,51.184933158688985,74.47838366111176,16.581404886943307,56.45691355511043,43.76688773794508,451.5491286599629
71.94724667968599,18.732442459406016,92.45978111200192,47.29340548241908,70.9052319653969,3.8131926671725602,144.220473340616
63.75243717513202,72.19557223850114,70.57722155568,30.887925321831965,34.71730511561605,32.43440255498865,406.4013683827101
41.322270934979436,37.638290712720554,20.79347176962203,60.90660897387183,74.74779604263092,38.43915334977394,174.13667517758532
54.32406392330375,36.483382943889396,35.807888878424286,10.11266336513873,12.917872181190948,11.418141010567595,29.267837257111122
98.22425488662869,32.465680970724534,45.423396605976826,76.00376734658629,49.74404079980207,44.172669875045024,186.828363253034
93.6019652071406,61.12932256221274,99.5496422468235,33.64824242559923,61.1996742298828,58.780812432406705,582.4286608817338
6.561321005528232,9.260542822577378,26.356308178197906,35.55010577064163,74.42424002826627,83.56868743303917,123.19717956106965
28.15260946696352,24.860586319495848,26.64737307119657,62.224535571326044,83.58557609056699,9.887726503002082,182.95897440604898
83.66242202624822,49.76109241761636,7.374744059944738,51.04722489563296,12.496749927336015,71.69681821989168,110.84217474040112
13.740678967489274,69.44297468260926,9.305054941861835,65.21726106280352,76.660223455192,70.8115382956392,66.9193897152396
5.180346136245273,9.152328547615108,13.09124577170202,83.26944680253189,56.4655104126735,48.04967335002338,206.06475089393524
32.273020442961275,86.5641355683009,92.2125590772598,14.851607499735863,63.446583250508105,30.54881622076423,403.42650787781247
43.48747178421729,72.01502457400755,34.20267763000283,76.24618229408064,71.8942467233674,71.87083986462844,228.42805116555314
22.153260190949887,44.13533751241705,47.992618392651444,83.60150513792135,43.73573877978533,21.190885425791915,197.81802742169242
4.209673744255715,46.42213937412804,75.69742323162623,60.7226271833036,1.3963301060937239,86.38290822924623,122.42268544087281
27.170987274072377,7.208878973096611,3.3555113835336825,77.66726237175004,93.23995969091675,92.08591243343768,220.6024965271418
49.46952842259012,38.34271692493426,24.506587970370973,75.85059958759456,51.98005825829417,25.227854099866008,188.08723995599505
41.41267390785478,56.852823802432916,21.524803577755424,32.871286884090836,6.927296157525264,27.79879512198411,178.86849729178095
42.21078701683732,7.595342460241017,46.70355455745266,37.25589581817158,75.80491639289193,59.13924711943525,127.57523311136751
71.91983062903343,5.344278316862649,73.54834302452821,89.6436332178849,16.759279320152785,50.319864146719496,191.01876195987674
13.651820591334596,62.55024320143448,49.84454998944506,5.898064963355809,62.705126090640526,2.447683504661491,208.5854764413942
56.93309024656256,47.936915169216654,80.03433529202216,50.9761625226951,20.79154634975223,3.4930079500862132,116.50640749021676
45.466576190753685,3.6111485708015367,43.40615713988263,85.28299063982293,93.01258435077818,17.47794287970833,235.6747903251906
65.54929180184126,80.22805983714797,75.65329047226442,11.306149583498925,39.21052727945741,22.02829366469412,428.6597461575286
69.71731065161781,75.21510772482418,99.5139719444859,94.60829399204928,51.262096222870866,70.22834624486524,522.5921784347452
64.48185256860536,45.79509493077711,41.42223789791867,25.247150952232932,63.36758746171108,38.7337908532572,94.85161312766363
22.864200384067434,32.670411947312196,57.26993655080359,32.315986169457666,75.28755149792687,2.9298780629850474,117.33325838746414
69.35300943501332,61.29053351241007,64.33854252468281,62.91703935928249,86.23529759279046,81.74570735099773,398.5674224239231
45.352649487752636,73.60986159055672,26.97406715509324,58.296427376470504,11.018488992834763,98.16461215735953,207.79085876220793
1.5598301667381742,95.57964020555734,20.356301396494047,73.32010645612112,96.94881760674143,58.555582885477754,75.1466303045746
95.32996759418566,24.16864770087693,35.3997061408205,83.6321310745831,60.96230713705647,15.180058548116705,209.93787714510572
47.24410743002929,55.77395295037258,34.99919467097578,48.82215456069696,88.20862706759198,15.52776474562263,240.60744992348845
43.9688079834094,7.203094663581789,10.019560885227097,64.28949165370184,53.90809765500857,81.86803577531049,166.31465166590968
62.25958651583922,56.15866808278596,56.079361834416076,52.21459804858286,63.309120270820195,0.36993556343037914,351.9267327100543
40.67557528330988,53.948619906109116,28.693218417591627,49.561047807358214,24.813914708409722,25.583758420263468,202.11520266984542
86.26825816594231,16.03132577389378,75.04270525515835,33.19550515422029,39.42088973089442,40.66399728235898,93.98563312006668
79.13778290382598,51.472217844176626,61.81498571142278,37.33042790347408,77.14004524449886,22.562797865697735,414.19690724954467
20.210673739733842,49.363780380842734,57.38678447558808,23.302690173557018,25.492781516173036,84.0841316551869,64.45032740843516
59.715115439752594,46.10688672903296,6.284270649576074,36.37665932923261,5.066636697728432,39.15067020878903,76.29996434687511
84.38358700979299,72.96899536540067,88.3982390724163,57.41586900950857,6.753079600193457,25.323414255778953,520.3528042779395
30.10474251572387,47.762369969481924,54.89895334004541,30.95402683263172,80.08482091082527,28.391772359533473,117.96742830284111
9.221480558600682,70.49868466536986,8.132496815131384,25.90198557142126,93.27749830206585,71.01985914611265,51.51744024946155
94.51220218251186,1.5886758834938175,60.88548476523283,84.77824257282441,55.376240725408046,32.73146860865261,208.31985365343445
17.61678894533705,7.117407590671765,99.10924119193353,14.30986580062089,87.45488148658768,67.11733124118568,89.83814864185315
11.734973178818187,11.925846673380002,45.26776885721762,10.319174543259745,12.196697747299478,27.667152481209676,29.176037509629126
36.22697939776114,94.09320086382836,1.6229650796469541,37.227310872360675,94.41985694492536,33.11628769260287,96.24782627316719
54.616598230417765,18.805464083121958,54.64009791524664,64.94495204009813,65.1553771079845,22.14110677684007,175.4986680557854
23.704852360984074,53.8144317917967,64.86865718811814,19.495857720010477,40.634907548485224,14.563810187658655,286.30243106087363
77.25504066940331,39.47643697895361,8.647761218163087,17.981763000609863,57.83191663295322,9.300053702443334,76.44586764428698
26.151767885014575,33.886988679921515,97.25848885868957,21.435419887277995,78.79266111246737,78.9019742229504,98.02570255328314
32.149725870390675,96.50963899877173,80.09218090415561,62.148216913077015,16.59938875331254,35.95330026847156,360.6969478405213
64.3317556080519,63.98559230062559,56.35614778933539,45.06304322174596,42.07245086461371,40.43809332627526,358.07590628280366
97.14748500159266,59.99299565576346,26.065722036631477,19.092658332512613,88.82197031254849,30.643429562432235,334.09873963219184
23.297748182146027,41.02738204778499,17.781190375032995,95.49709441001913,67.5234727277628,7.7199159386961425,238.2606197294722
11.598420119673246,34.16061515330655,35.88463054471085,11.90636625202176,71.77194889599429,98.70048864686332,74.05309673123952
53.069487411808595,67.00561627038105,83.23668357868681,5.820155086439261,36.96017323270857,0.9933925464921889,424.0021110549253
82.55847964302968,18.506688525188896,80.82679295353505,47.50508619182011,40.66141917028063,57.982699353240086,123.47316580283666
98.86586098445241,49.465730649416805,30.489043981394893,64.63100781605519,84.24376231425529,88.69016172954201,188.23264925208906
5.176316422098781,70.01677555812903,41.794321103846585,68.66587597155555,8.109865927733717,51.21370971561342,159.22091491871
61.132823056573535,7.125633960177968,72.67988489227874,13.348080595570455,90.18704344488764,40.036415637708366,89.82709160256225
46.57779251710005,86.60624694170856,54.00923462365549,99.27581613769473,93.169554296256,29.908457239635954,305.47680247554433
39.22121390862409,2.5365714053116384,80.77538125078694,5.03373201645283,30.558010550976512,85.8943576246483,31.458071418589213
69.61224323924515,22.1876276596622,42.71379740143563,16.993583974028503,45.70647541609175,60.836742717156056,65.98170073932123
38.05716346892463,49.95045142622742,31.25949776492607,38.09085608587917,58.770963362654335,21.842003714979896,117.32138652561636
21.750444670733227,30.995600833082015,30.58537215100985,45.04452438385622,61.48534600687729,58.80563424525862,133.12879097252653
14.51099949614365,19.704073920198105,71.35317477984931,96.64025826768057,92.84217321519267,76.26656949311206,258.270037785996
85.22497536869153,22.880529753961742,76.18885524263167,59.26428873728504,34.73296229160788,99.24888019499059,142.8416510786956
9.408863904876286,80.45022057859877,46.092359892863655,44.719312693319466,36.050403257944005,1.8912634610830925,184.8454193872135
77.17942411639122,92.2382987979409,53.27817012830158,57.77570569373156,28.254985222579876,10.693489379853515,379.4221557400336
52.24456564933882,87.46006118715988,5.5235427778575925,33.64942059172142,92.4808609674829,31.674804064989758,149.9438138458486
3.1437578383047726,61.07638463330382,3.1214267627023284,38.828063580024505,96.35699082845368,90.63073627303599,18.78438826522008
38.63739885315246,38.990937733187266,6.076260129398159,91.00185461451252,42.24447107716867,69.41754093674783,211.57483898304312
3.5788410415777516,51.42305558648624,86.26277010900667,77.34749514416865,72.87145064864544,28.650812515323576,310.8667979854677
65.44503000196107,83.35804133640066,37.84778873663207,65.54857517070434,16.652609648637963,61.67755434932553,296.0798355831149
91.53395099336589,73.86864246682552,26.247118600328033,82.64170562720862,35.51803233724172,57.907429442632754,320.69979258456283
65.17876080315514,66.86808891223845,49.08603281708562,5.416651910600012,60.99073634961651,20.74465858921819,334.7480168676875
59.63690648138169,87.48483173751033,75.82235947596007,58.471817476315856,78.62544269014926,90.06068920830961,414.4705243693145
9.981795826020312,67.16758972989477,0.5824100583990077,46.37193564639546,91.77262905122514,38.43978828537436,26.992924769447306
36.687165647270234,51.700032775862084,45.996772049497324,72.34864052283514,68.91876297974908,19.80354388535307,252.7066162914162
55.91943278422994,57.827861847206144,65.98729419765804,83.7396926735878,46.47023265210365,47.401733153698544,370.754111652378
98.04809010000743,52.91578942273004,20.06778425620489,73.4301718562063,23.62707159822557,12.909254035467143,315.3574701467357
70.69333638983143,98.13347024952573,99.23639068189183,94.926908003007,86.70238720875611,50.29273129039703,524.0607083612
79.83529777219889,47.7313622906516,28.351444514979562,77.79172053898293,36.59187766575337,16.44423051894115,181.19775544399323
32.130356911745295,37.06027646490778,17.32716145822606,69.84301606816004,50.72898989861449,47.99900874382883,175.1963250653502
14.573851842793239,20.60053299694008,84.83023386777622,66.1095077616099,86.35767430632018,51.37272974003294,192.66938753764393
0.9096716791701986,62.323868607567135,95.61021530903199,93.72283613953584,57.83543381152294,55.421808641094216,336.9099327795374
95.54779211241728,6.5767739621354515,84.30017322586679,11.943233403157539,90.40175279144304,66.23682422739603,87.16769376032521
58.98022916083199,14.148606872096114,43.56138028143257,10.93754201178896,45.805462997358134,97.8490340016182,53.93890812172861
88.49129639914773,79.50997010933474,27.836418543820653,78.8224841714727,21.711128827163183,45.92721526369328,318.6557059012416
64.98384702702377,19.052107900656967,21.675918037303344,79.33650255514735,73.16879520512305,32.16716168199171,209.89116175388082
42.57154643177296,52.63982403209278,85.50988104408901,91.2365393762748,77.84026727175537,81.76735857908642,405.7134497337439
9.737520996615846,81.45948908772051,74.67716047989109,2.4948570040812523,40.273261043099026,35.31757811490364,285.71386417115843
7.789162374240533,81.98822050095802,18.275575615362172,98.39655659863605,88.38404737465352,18.215522197521196,83.43742058936894
58.441835328659266,0.35623190210640754,92.65758884405689,1.9487810977136033,77.46936022695749,47.42106579988289,58.12611435429745
42.97282079577721,3.2847836112080198,65.8168426918648,10.283688921040302,64.47620345023267,97.44633735757476,65.70072025724347
41.770603530331954,54.45807189177757,70.0711865607769,63.08231300859989,14.808526450853899,48.88866151142038,349.675661788549
97.4704928747035,70.36688971717882,63.86770379143157,93.01622810058015,33.47422974737534,25.905483237917604,467.21319545676926
5.360213365688715,22.520821098287936,12.671690215936593,56.78679290454415,85.64460051259444,89.60666192246632,173.5248061679044
70.44050474025589,97.07750304185842,83.14903323703066,64.96338857417237,63.41758576752429,86.6381658157237,467.1228781802471
46.45533236184393,75.43259386415347,44.542088644801716,4.345844346643968,26.391337651433133,73.92807294075102,272.0356411614158
94.32136289833356,35.64111921393253,82.54239663559902,36.3028454789496,65.14672461032501,17.774079119981533,118.2083981851267
57.58101528940243,93.62541727818916,91.28656341123748,15.20597813163741,16.427016960133745,37.72234512650393,463.4555101628373
53.61015962607634,52.33024475016247,41.48877641515297,82.86373814274206,65.146333323583,71.00857788096201,279.23611651822625
60.09948144394335,27.112747707647955,61.25681599852414,86.37487068209595,55.75054212438878,33.12973906748513,211.77512085126403
36.50505568159497,85.94179043632795,80.83763339943356,40.11632374126353,69.22691224906546,54.251784517444165,374.19435610200486
45.37309069024942,26.103937328096183,14.360495274838792,8.146408523459192,3.4816775911484465,62.936227329043994,18.729991360722295
25.2681778560646,96.18483553006327,97.48504219451418,45.06403456744595,86.08459986090267,49.82447488827065,404.3680923209611
47.993399775172485,27.666239515498415,97.55025746381284,73.68363815769705,97.66135092053818,79.62935181446937,215.7302219597708
61.34105221904134,27.538229528309877,26.12793790000636,42.563171839928906,50.57995717794478,83.6614831068824,120.53231370441915
54.14939042030421,88.29945725589947,37.51773179904545,39.69776459544694,46.04623179081654,84.21499902058285,266.6855373474196
