A1,A2,A3,A4,A5,A6,R
93.84847721105788,70.46888030141929,36.43748496007202,32.0718857789312,39.073054561106744,3.5834564255701418,344.0986926941125
68.38940008511275,35.05826616048697,29.739133818404152,72.97890537179973,27.29962299503078,87.26760150907289,227.72333386129912
23.578266205865617,43.25885755273892,41.59033384064986,92.94625347811031,4.608471840184192,41.62101706188782,234.86698283329304
16.77725657428083,16.67301494276341,78.53741367361302,51.09649440695164,12.013595452937109,16.714800705456767,285.73552748064674
59.399882826734874,43.205343610337835,60.854420497145014,25.875016986371147,24.227085236402324,15.326781847594773,328.3738315388456
56.64250786853437,48.50223806476461,34.908461865203364,96.22708536488322,78.09241588487525,85.78380478703156,258.3723695936737
39.39512698360945,96.95767103344951,26.45033617452459,10.531027265372717,68.00723133469849,13.730449657273846,312.66147757408226
82.03310808160701,87.36967841554008,34.84586837108641,34.396999215896514,65.00047401928482,74.58150288089107,361.3100700259464
39.1734081039942,60.80271734843231,2.890525267764732,49.799512030960955,37.11445383219291,35.55655368211947,169.45041860415301
65.74900346988396,73.34183497164595,20.142835033220475,53.651565118327795,28.608927169259747,40.175984951563436,272.8611785128373
93.55841937979886,46.89093536605115,60.62780085594537,74.33733879641127,95.52071887513168,52.21876645747847,369.22369267973727
20.365445073009703,88.08275826700542,35.19462220844193,13.824366131863265,57.486243803168115,62.14225633984939,302.1148282323463
57.17679767256183,23.283382768593718,82.59542751439197,3.1386414381829764,58.60966297079106,72.01856622593694,351.52984575292516
68.96973149442222,99.57713475461513,95.2530387694636,76.00759510241522,92.61863233523741,28.7639501658851,553.8831173120433
13.271913953006587,33.93480343380577,0.4130621857409533,63.59491377855957,34.61203300044969,96.8782827208621,82.38070737784099
19.944343598622403,90.36213499240068,5.573287607741473,60.143285886549926,89.32684201716414,76.55888820417995,217.38847640664818
90.55417351024673,35.9974684641585,90.33359652737502,21.11981262681779,55.928866865012715,29.83295609470762,433.5499000206888
14.055041416387636,78.61559711105,42.631755710715694,21.67479150428713,74.69659416795949,73.6283442782132,299.1815027706347
70.26251305323635,49.97489168179538,14.181809805237878,11.865851386918457,50.38813823585524,5.27507754255736,212.75772583254073
7.903450517881128,50.530057969743595,12.20660190791908,67.59236518009673,90.26568949384225,12.036953483384249,145.58337218112555
59.85007532541003,63.27417969961817,67.58640416797869,12.392264333242785,87.34397444303575,74.5907214221531,389.15764722858245
75.47933723734045,28.3592754832945,74.60133144023573,8.47619219320126,68.01160068990119,46.012172543091154,356.0018825246366
75.8202777495018,19.600209082177233,96.73290551587829,17.350308285360516,90.26575037986201,87.34516162315066,405.21941246149106
49.0985706838011,1.3558521636712895,74.65475343850532,66.2848705115847,67.85917636650971,81.20929955436415,275.77453532665965
16.22783382605074,65.40443148663687,65.66556504647585,30.33433639330515,36.07767636125631,62.570606306296106,344.03339193875206
82.43858418152952,46.525617829365494,33.419036600519426,27.656735057357196,6.978818495635009,85.62001769439327,275.7469296418188
13.222502067975606,10.245582079940451,98.8422836317975,4.003962673458627,61.997823874872196,45.978165546097514,330.240517123249
1.683908125931599,62.70645885979934,49.50089509030079,49.38604396172268,35.07131940836396,54.909536650802494,275.5995111164326
37.75167899445718,90.43914836221212,88.19731454027989,93.41471909619476,72.9887240770798,97.060728919537,483.2219193397211
15.970106840079811,34.93633254208645,21.04913621145672,86.50554364833887,55.636306883556394,24.049351702019006,148.99018055862285
82.15118767209054,4.766937172147168,40.39226443428174,11.201613586196546,87.17001581305827,45.07298826168677,212.8618553192301
85.36529135970292,36.407185586757606,34.235159398831925,24.051435654680052,60.89699324213274,73.06976772639008,260.8851407297139
71.84192774437408,17.287634431477784,48.23673636368988,94.84200623100011,72.6569102255178,94.76930226956296,251.1274056983993
93.55408805413379,62.50861141357047,70.81122046689923,51.10637712954461,37.60479816313945,27.588277391244265,431.0049722819724
54.71330229082573,95.43381953744817,0.43571348756809014,14.681302338286295,17.276474679788688,51.549711737446835,246.88808182842635
43.18978484798257,75.54701691373462,65.94460575800966,20.1105743189131,12.373081380399931,4.476961230962429,392.1176359494808
86.0126582950405,71.60033267355868,95.87157130707878,66.73695976566304,32.47704345379928,71.30885955549236,516.8280375633942
84.5561320060089,19.683150926116134,98.01409966333595,85.70063915040703,38.49009177430168,99.61412388319364,417.964732848249
67.67320259370801,83.32352650519155,2.554371169500802,6.503319535588781,24.48436787447602,22.802207316706358,241.98336911259355
2.7310443097029236,43.46290970946532,14.418432406275539,15.480391616677592,81.33697240549883,58.12234177044287,132.91216094746017
14.001216384106563,60.9204120907051,97.17491364168995,89.06186764848599,69.37134982153165,79.73833385130867,427.3667814905866
24.870265790775512,42.023277922541865,91.68468549619408,10.147289976786332,36.58746536228168,7.827235250807263,383.97087812444147
0.5065787417297574,92.10122161492716,38.87074568842894,86.75848380040469,4.196508777074081,36.07579264432456,301.32125903687086
67.52980672550663,2.6373895327647556,94.27786368608812,62.29275071934036,14.291724152370511,73.87817995448135,355.6381768493005
9.398959908726589,0.5885173453355041,70.36615735525287,58.54133636174016,93.7296572505554,61.147375003721805,221.6744666651562
24.121758583536955,5.719636583241449,34.501218746933745,21.964093007184537,42.74744820943416,26.55434431126933,139.06468799082108
13.885318449048167,30.170411780915884,1.0729527994459587,44.76006233865441,51.52143108993524,81.2542998812522,77.44500040921781
94.64888242102674,98.74387844606522,45.74005788502161,22.720461270569537,88.73729363612073,45.23633777623392,429.356812968222
43.89257147061672,26.885071036441953,10.039565186970457,57.80893324514131,85.18673776255727,91.26727210296325,127.781409104412
83.78912149894482,22.734734567347758,63.040208226983005,54.43449604673825,55.2623534618239,9.355895536188141,318.3792153145894
48.202650019841705,60.17816597843337,11.81187388467263,32.45372024077208,98.76033604330576,63.54095057478367,203.99460363072635
39.20201102048356,30.074079117698314,58.62542753287755,48.48615580143208,4.327212957143967,51.84297243485593,275.22645185451285
12.225375961755415,18.894487846902642,55.31985317446949,90.01401947368305,19.84616920399178,32.09287260929108,215.97391117896916
69.60468141433452,88.32177171767479,5.4464760194105395,67.26458368404423,60.63294062905508,32.171708255436585,262.58765290791575
6.747937608272869,59.85944083014195,74.8299895336519,57.77983213648776,26.020234117138063,87.51740610179985,350.9567878695125
71.71599260964054,17.581826877927387,39.21774354011416,63.038403033956016,82.21008284851557,4.563734828586474,224.5328769858378
30.987968079598982,75.57571082972345,82.80413015365387,69.12316859102702,23.56013217456977,22.49985829807254,430.55178020000744
6.593086637607859,58.65210506617935,58.63566270851162,91.27445851224587,36.07457722806938,72.23932401937515,299.8042848955014
73.14052467377749,83.20488778403005,87.18128934582113,50.722598974677105,82.06271357302053,19.065364464945777,501.09416827930096
99.18541939295645,15.777775572665698,44.58639791565842,30.379435372359865,90.91523802148879,30.813890215913077,264.5001642852631
43.34759808436131,19.523391066791962,30.149611001084132,81.15054352043643,50.8744643707864,66.84175196988534,172.84321322119763
90.1071384363055,61.285740011999856,92.13858838326296,73.60840334787416,34.62226583394285,13.019465803211505,489.09438361009404
37.63196833224982,55.93653184810877,81.90161434607262,79.78028492200107,77.49764776314889,46.635073104101366,395.2098750666852
45.67943334007941,29.709277470879403,33.98019868457973,19.52884739205546,42.14200142233919,52.88767864624224,207.0385843355774
66.82561696193966,23.904147045198066,81.16644082464886,56.551593426839496,14.248385825573063,5.511042655653197,358.13323352628237
31.220292152893204,66.21920215387178,90.696826830112,94.94822316706447,58.69395085695649,90.36292386095455,435.74917695097275
31.88606728086567,64.27568241726199,94.48881857926447,21.590967232625292,37.43126978484936,88.34515905046953,443.90388785318305
73.35983883180998,28.259846166410274,11.902073978864502,98.60768807416815,24.811859949709515,37.021334461926884,165.58575310122404
46.23241961928093,84.05222721987855,68.27503026570002,19.014467938925318,13.158252273274462,76.44879655773434,419.16196485613807
79.83524650962036,70.24519380508008,72.71888348565012,55.21414498967463,52.97141840984862,20.1532847368456,438.4822845767309
96.84604313344846,20.98745051122013,71.55212192091197,11.448202744650304,25.677954014726023,16.398114048143142,353.47730991862466
49.769989095156475,69.00258582701767,62.4740522162479,17.52725367679059,70.74295564889768,15.924118980920742,375.1973173979355
98.86921782315073,80.20897708991107,73.18726668556604,0.8835048894522357,37.694724044003344,1.5871243206430519,478.848972059671
93.86795663233632,72.35836806606476,46.70633083934492,49.23763643296505,72.45822817143953,72.65986816061492,378.7036852825006
33.298266668249724,17.686256055853853,64.99001906323785,27.44093456514315,77.64511446449096,95.29584118588186,263.640835969671
92.25378363324863,74.84193177294871,99.70191694702591,63.267010696236625,70.30627783136308,12.511747663949746,541.0433980202238
64.10604202102242,2.8904811958728405,31.670975322582294,40.44917641668436,46.26271293198055,57.20889496912304,164.89993038051497
47.86646331959092,42.941644599407205,92.75930750310025,78.8905114796112,6.573997316059311,83.83523096497586,412.0276750277061
9.74186870848076,97.38670474216458,80.05613086991497,85.95206122585279,4.000539375982015,55.33961631017939,444.68367080255484
45.36416936270039,27.678113304984507,83.24887571665555,96.7260072185177,81.42291213793305,17.576574071109306,350.467023122636
94.44533728266134,37.36775677867317,73.2570033881918,1.3388488400780885,41.99348475615784,12.209039540104216,388.95186100458307
99.42391506459778,14.467403707603733,81.27071601136778,73.15473559071542,65.14445529840174,18.79163925954933,372.1708705139086
27.173660665080302,6.284184567554929,70.67237572466627,51.250014968299695,52.23160552503964,47.898855116133085,251.75915697418895
72.12052811272952,69.3286830192134,74.32765120982151,5.132134314024794,0.26172677857811966,99.12894096904168,433.76084778062085
50.18052344385679,28.743862801752883,51.74831236412675,79.24278511155974,97.4782971940668,43.241872744222945,262.91318613974283
56.74515374970327,46.44795976155459,65.91854270491403,12.61724729958228,57.146618620499225,27.690865764456905,347.3967013875546
65.3976932861837,8.74958320043997,0.34882993072063995,86.90772897201278,38.20569686715361,53.93305334329934,83.94334947922556
64.97430669078024,24.941512352608065,31.320351160112068,28.993632283483183,86.99687357392149,46.144015445060816,208.81838487633257
84.75891076790923,74.11231374304668,47.39045370439734,86.20968043546537,2.4329513522493684,60.73874960640517,375.1548993671946
15.726248716578283,42.36966175604516,13.065628056444167,79.87423449395654,18.0684648823648,59.281688950859326,139.6624563980011
60.46886150644285,74.52249638935,12.069637649954112,1.783384143029465,84.84121958554553,42.2512678762471,245.72276723500516
7.342281854711075,89.13360728241237,69.73548729302163,47.577205643337315,64.98448924675809,74.44854446641077,394.8159582986007
32.95833450080276,13.281167074007861,46.56277371602198,27.746194876212172,33.90262249810988,4.780465304624803,199.20898979688442
59.9063136239308,21.345018314857576,54.67627875369002,82.32919071812668,66.7424843002603,22.31948143905903,266.625186514716
87.87991001769512,72.08728906950851,75.50438488725628,68.29728770928386,29.998586603371347,98.9935352342571,458.567642818481
41.56681118088781,40.09014317835654,36.11154970531293,31.89712601241379,36.71794255125202,47.481869347709114,230.08174665353968
38.9868735586382,14.54716712656886,29.849771250998934,12.954783232527534,73.61633724067353,94.80877550603972,157.63052156477272
41.65106306658816,72.21722844940236,76.85913110949194,18.86914574416726,97.51248873919491,10.102236734295477,416.66291329386866
51.10122286721395,27.216398014487574,4.904265971455324,15.739270514708515,90.70055393495515,74.81857215307937,120.24681681055506
24.162483774927423,71.85805708448744,70.47646299003041,99.19969051331003,84.92104323546786,89.66557670517437,379.30798691399355
86.6150562113339,77.00428669818915,24.35194131746623,62.94425097957649,22.10051250398102,42.161395500727686,313.6794535601109
87.92738599827639,42.85145206357285,81.14556994268904,86.90346056377459,38.59304079739374,28.357452298232133,417.06699995348924
0.08277331172312774,30.665235450749982,66.04245629328315,26.340985806055308,95.7912797025646,21.282170389415857,259.5406130930726
74.20851212867817,60.06861952643244,56.97234615641737,27.927424536111435,52.13854277868576,95.11616682899856,365.2627896507952
18.44990533518276,95.87110348510194,1.0954976951699558,7.747383496471095,84.16086919136606,59.41485319705046,213.47860539089652
99.02838324619087,42.3472544078345,80.6131519874247,51.24952666073044,32.480891184979654,91.7141859987673,425.56234802413394
29.32761052788543,4.003104089364474,15.55803092758502,86.84746138653188,24.143462116606486,12.890620765285965,84.00791148936943
45.74623958210442,1.3233248659414998,87.25492128047964,17.14739424271039,17.183336193633124,59.43513865914755,310.1576531554264
56.46019555089207,62.32131916629859,23.400359072193567,86.98003342207727,25.342157491029017,25.519598237293806,251.30391110006997
33.60822290066574,58.90654133891648,17.963352130784983,21.349772381435294,19.277786189549584,78.99471958238723,205.31136197085365
30.146246741460036,57.56443456392917,41.06284066508087,73.32230804682702,10.52296822394685,76.31357336753535,268.46363786456095
80.04116802359671,91.47747834010057,86.276950467139,99.42799754276233,11.799734323159994,87.31079853520222,521.826976105215
60.86232026823619,94.30184556237543,77.0657448494105,94.47602602258931,23.975020877256714,90.71169982930229,480.6632459412186
98.38616475554646,21.091403941898257,17.663042048299495,8.304348301042497,28.78403421594664,62.56016185791255,193.55809878424145
96.70132808136215,99.50480415776343,95.37069625675385,71.92093540256334,6.220297056246604,73.24068903621348,581.8230251671505
18.56885421034331,33.05588213699614,75.06509895884172,41.14862350646822,45.90216153225254,53.66625225522637,309.87591536086074
89.4761193472652,19.82281412055543,38.23277779559997,32.1322845501233,68.41940073997276,30.18555268909202,243.82008097517598
85.8791709125084,55.2062243887874,9.259063495648068,58.20385342444142,12.222193937967774,51.944387237895576,224.0688101770274
10.451972837386858,79.94602620271976,43.20823588832815,63.366171343227826,6.55826588621723,8.366473410860953,299.9687329078108
82.58406071583224,87.03495915714652,70.0995629933715,89.22655118039276,34.748681752524405,21.08789282968021,466.9526680102398
44.66005720156052,59.20386832995851,59.78348216799756,63.198531750509154,74.11385116527781,80.51192294510221,342.4182403654702
28.522441058938476,16.538425082536502,83.97526782814174,83.24648827572432,69.45026485366893,17.010681814596918,313.5250947084367
52.60713584091473,79.19475338645657,63.76686915622113,23.860633986444746,82.3852937710684,58.98764941349026,402.29725008249125
50.13252106199122,9.225723518002537,43.9058609907908,48.24545020435963,46.40869809432569,41.26879056624374,200.30155107036867
19.935125150280886,77.76115119778721,82.1355051908208,80.24593895215203,20.040136742399984,17.785748183662008,421.8639431183177
62.537270906171415,97.19223456727917,71.70140412288887,37.12401236160402,52.5237599183433,80.86546057930192,472.0259524093964
19.19737743195471,74.01892979906498,77.45514499528349,20.17025755804791,77.66365544483241,47.69746465270739,399.6006720159352
86.36473857064692,36.49193719589123,96.46816467022067,96.96987580231654,12.884234199015676,93.20134033987792,448.7531069730914
83.4068228267606,5.419325783817886,99.291981053922,28.04911689210403,29.21248217465643,61.488039132553084,392.12141755616244
19.905593904381426,38.2498485284425,50.48322971038927,6.160858534804559,51.466025400615464,97.76344956858946,247.85498009243423
38.37442329898993,40.96648354688455,90.21094651546746,1.6133367380357089,60.26207601354706,4.66128590246745,390.9402299391614
8.01111516187597,13.03786111764702,12.073532168538037,78.23012278038584,73.24414180148092,35.853562998233,70.30743390278413
60.0946334285967,44.733023787528694,36.00590183195324,46.61579810453318,42.80085774571748,13.046271085212158,257.5783864995138
91.81059056481743,98.99435712834189,25.623206864015348,12.690821230969151,93.10618242032004,56.23869431113938,366.66892541354724
14.547879498879123,80.71062382166538,73.73287882418822,16.689451404789068,38.062055161201215,90.9578763948539,397.1677636147746
87.87788402316748,71.9999542524072,1.1964234869911272,21.161809498309637,42.13062553910951,78.06341650179051,235.4670629889553
0.2783260103034979,13.802105633796335,16.918348176028697,24.5986147134853,62.49768506499357,63.07763565925371,78.63758180598225
31.902739661786196,60.92881178550942,40.5011944718524,52.15564353795917,8.84408884122082,72.69576824212325,275.2639466483622
48.968480747640285,72.40613946831772,24.99019989239598,7.082675805712824,77.48727865443766,79.47072223647763,268.75135936146364
30.22311928016973,12.576911879480868,52.03288194449544,79.78458699488557,21.997470455496536,93.38550853344132,211.47558887261778
45.970494388064424,95.56506968202201,33.52999111692684,78.32331772983538,60.737304675126836,26.29952534563811,337.690607102889
92.75068148896814,69.32581679946446,6.224447030350621,10.409919326030725,52.20165797927798,65.69557300614557,250.07565617894895
11.367248955356557,92.0410413327231,73.37071791059503,56.773416950345194,86.56550510885943,14.813768670156623,415.56148535258785
72.87229584788263,37.93239136736168,41.29373141623075,96.9043181565702,2.4393073557367972,32.624555001015665,272.6182728312982
32.62467107306628,89.95502753223134,39.865208146062834,96.66783498880184,83.3776204927881,88.09163857850044,332.13035057571744
13.836260736947581,40.042006263190885,62.216372252570395,32.716667435258884,72.01993205446084,26.170082709096054,280.56939002104053
62.25992146957928,53.76795362848645,28.82597911579474,98.9932765683412,49.632301451153246,98.77597794001416,256.27376607393643
96.93267631835893,44.104838246477186,78.8662095441462,27.3231362659491,14.971348400237849,11.790018635776855,421.7409814437519
88.18843697881658,90.40260614980869,32.688200326357865,17.026527984023044,94.45325894047093,71.69406213574614,367.05825025750755
4.453158654619449,84.33179241008759,4.8533603755315795,40.91794571992223,72.16130570640095,23.800420314589875,187.67682460138934
50.526069958893814,58.199603309626056,89.37316581033848,8.757301544942287,25.785985982612335,72.76904489474015,435.04477400916136
49.96599731871775,75.15875271510667,85.95335764072993,79.3417211137283,36.618907977341586,78.20622219150461,458.1435756711209
16.610854143058162,31.170133432707516,97.13049904777729,22.59403802904727,37.60966444600589,60.02571636525472,370.3426181518051
89.8684381029287,29.39475254317917,46.25909697137117,20.264899944179206,13.576210330089754,14.792648792737118,287.43523410340055
35.87220756120415,56.6528193936032,51.31304121958282,33.70800898069918,48.203187496000744,93.76266197058615,303.116970007159
13.478752312101083,84.81179818518922,31.3005777868953,58.538198285655916,60.67613900651344,82.51239056374739,277.0040820431654
77.91363401404324,77.00151041110686,23.58921267181947,76.20307529671273,13.827444580570692,31.107547613945552,302.6842928517154
14.106411908662608,37.39104441864393,90.365708854665,22.39160415287744,39.59371937196672,41.28562274860865,359.98562730994547
10.78834322636284,65.3253636545401,90.5233512236179,41.005548552886395,86.42435476442542,25.191713647264223,413.0091242062967
70.58948441578993,69.77209722286037,75.11873670492695,22.808019924595826,77.99331386849042,9.28693496032097,435.48988897629147
1.935391638580919,51.572125958297434,26.755402424785025,30.950546382675192,0.046396197674369866,91.07481088623783,185.3458508295309
17.71421698633859,50.65919711487824,38.35114669497902,55.91707186560879,30.29537416673166,37.62532113610103,234.08605130103211
21.60730397450229,88.39002027724727,8.187015884710947,82.99837863962036,58.71862857944886,89.31976594128777,222.94839218312967
54.73245698962651,65.02012766631007,95.3131486762426,82.64921991317557,37.15204956676668,44.03039395455563,470.7121583509745
97.85838414551696,26.2232030466642,22.631965351256888,82.8463895897794,58.29856235173574,13.762856166423088,218.200686292616
33.868426404811856,15.870682905373801,60.56214722148368,61.15983420592822,16.831646496801213,83.73998666799977,247.29623388001048
13.276207258713557,33.99028749859281,59.31454241234804,9.40885241173225,6.637417362630737,52.54323773544727,259.2004094929433
85.25707906111447,16.269565020858124,95.62787743461642,5.677374210082197,76.88786517639451,79.24139149102693,404.67984140668
46.627074176305385,15.46493168249099,44.400387610588645,55.71946962110606,9.959683558451204,20.850778567817386,210.7581003730533
71.18211688437405,64.85563281284605,97.03218235398673,90.44941290484306,11.540409725375156,70.85047837184047,491.9899295720263
47.44947940429294,32.12205635852514,7.419972370987904,78.76804043451783,68.86608927278947,40.12060535285603,133.95350923430692
20.78245259528506,69.84144740599518,20.31466322758798,9.354707714201716,49.11939742373159,87.31997526626645,221.40933709003937
88.36793677289809,50.73277978862819,2.9957571037023567,33.6149671885577,74.72845352527479,61.54727794292856,198.82076766126153
76.57174997799936,54.83405293411647,73.70373740216034,40.51912526868428,34.72677582544582,69.75021580148965,407.35106805271334
68.51277921640256,88.38565460501046,73.70979402734505,46.83423292307269,16.48311363753352,1.811047290826251,466.41347050845866
86.1664209108757,45.18605609294316,24.93590231071554,50.917671684153696,75.94370492142178,13.032738022496515,251.34624002890865
41.919842178973454,28.881372186477805,23.249392007471048,80.91755636522907,98.94291385694105,75.80317528929837,169.43076257434222
96.54323599373559,95.78695562219298,46.46431747167905,8.464530424014605,43.96369325251616,16.88905802410936,427.5100996531587
17.147199631565456,32.59261777839683,74.14414232807106,34.72942807676791,36.736062396179335,74.90687381748805,304.7648621725723
53.9485038773604,80.28687822172816,77.91103200605552,48.48737571794596,8.957005528691708,63.27407400101467,448.2553563389833
18.584426359207683,56.90025369547285,11.458485379857663,15.434808913715214,22.8433881785994,50.034863784971485,166.76038988972635
80.25656647904438,17.701738028135296,10.105559236773065,67.75195169451109,96.77267117899832,58.49552196945969,145.97672024563417
16.04313258187323,46.21158414591749,62.72971367936043,4.528231010123007,77.4438334398698,16.14414760135382,296.65544191178947
86.12607460746216,65.18100971859124,92.41569420028836,92.34726612058421,84.26021999177995,96.8579499964722,493.7351766455097
17.20579286848054,39.33598834132452,35.24211421744726,24.6751772781894,61.39133264979928,99.34315892458669,201.60411220347135
92.7283940098433,55.42622581443985,34.31479878913994,85.76140304892833,2.543993000561706,17.97171976904819,306.52524200614283
77.37317069238516,77.63766731620674,24.40373217545362,95.03351664428872,89.1344491665397,98.97583188110166,305.85970185115946
67.12316551486144,3.8304134315039318,13.24306096125316,30.372414547794246,91.50872221393549,42.07457678628479,114.51317526162879
12.688945209732461,79.90491292638812,21.543010893369974,40.55493512270193,98.25345935346968,35.21187550893211,237.12780374261862
31.531907107092938,53.86570485677623,13.80848538870576,29.348326907931867,44.55582263036347,76.79534591133228,180.68877298676267
6.63339596286785,79.26968904843761,85.86835495948591,95.4732311575068,27.02785844670923,97.69187607107084,422.7778389382008
83.81127707818203,69.57834207583974,8.236689932905128,36.59479459758821,0.3656283316089026,94.74634324008437,247.6780310285769
75.06630448823535,93.78095150487951,3.6344461023094854,12.76843529917009,17.560520709003214,2.6705058069347087,273.5315458049228
65.35341255129407,21.25737588214505,44.716831314256275,29.90849881605604,77.95156127602402,84.1631497198383,242.018658258353
2.462490894173164,25.37965514321934,37.73489732208062,59.85271292590733,99.97305284944285,4.870602876891028,166.4264931468537
33.44156451498142,44.42538943674271,38.904295422631954,96.8889035323099,12.718059964001904,74.5173891976957,239.0052296563627
81.22171969663287,52.04283658344148,72.99163986704622,46.0560797737296,23.050130020039518,95.90539742344141,404.28231246465447
37.76497515291241,83.25655709546356,64.3290407007713,4.430486150008328,34.5348172370872,35.610215784764556,397.26521144615344
77.04796484093319,94.75884277376063,86.3372376539871,89.6969097881851,78.44892606951242,53.64575689784827,525.5773633504157
65.34778390246578,57.35946228390877,9.821788684840293,70.76215076131648,34.01568624545036,42.111209967926875,209.5320745248042
6.381291910899911,4.765144334849625,16.887017695733284,91.60438002136941,19.20298916972316,86.30377613449787,66.57263366779901
4.572496701715789,15.569033234803964,16.308515757121388,54.020021584980825,90.24139335648526,85.83946773836425,84.63611044268788
46.72894371685684,27.12486053775278,78.57380744507768,37.916859409412226,98.73821795248229,41.273615298254576,336.70008712759545
87.2793409111599,61.97409099677925,21.436994921432305,13.234326308505784,82.09097479239998,5.2906335189286,275.5385076690153
7.480444318492685,54.23749933111212,47.56874558068978,7.81245547886259,53.981890378391974,21.915027869701486,258.6616797227863
98.09861023007281,57.86392751629674,28.4874137983407,86.38068966606167,76.14763752741328,85.99573067066298,299.2887066576884
67.4048568125,87.27409205678826,68.13748993815953,11.534811812703005,25.383926610213926,75.48451083866897,446.3655107405551
92.2238750972586,18.60945852765552,75.88238336674769,65.79057760036918,76.82051209380447,66.2545833289792,357.0899422528127
35.51657947540707,74.79632404625616,53.881872103780395,30.65937613306302,47.78289805419973,82.31357392746375,346.7548438792606
36.75976013732756,36.701462871427424,15.349912507941655,33.73527752065256,38.874567594655595,60.61877279121287,156.21242340400738
14.359401051510645,95.96385385638837,16.492864667411755,76.002375010091,59.03757547204912,90.10315965359852,255.76570276652265
86.57868939227689,71.25048299928912,10.406226173230104,50.392235365927476,78.98674375549267,88.20597169374017,260.29833391054547
38.99670877475889,0.753520672552288,31.191494202830626,18.906699069755007,58.20803667343595,97.84773497630708,134.07823272835535
23.29685846640214,50.20998372233279,42.31358592174963,62.672169432533444,81.24709146485255,64.50965641803161,250.65758367631662
31.109179775155816,11.508680588629616,46.96011925472972,88.84604566499912,1.8087031179502278,1.4221641830948428,195.0068987166042
25.530454010435434,34.41638497346272,58.03152321045156,25.52987749615245,71.69955096668926,83.82511783238813,268.45779358871556
45.58941713028717,28.90644038390162,70.46726964873996,64.37058196332582,55.26891083761439,67.25896188645663,314.8041068443103
0.01886627305784927,92.24664120566977,13.918234392620299,97.40117878178992,39.06775537143435,84.74481070378998,226.2668518622583
96.8863568930546,71.07508546677802,95.26503216617428,15.374512423185537,17.22492772112766,1.8130650184225883,524.8316243251335
86.50253092024346,30.276059040897096,60.0520898673018,88.30301263242514,2.7369979730159866,53.38305272500305,327.21091860394307
34.090566483845876,7.113535785775804,12.3887158845423,82.49788368215077,6.630588659499203,32.65580584805262,85.48378570902437
54.41869410425756,18.776066152005345,73.03157624292407,2.9031695040965033,74.86435675492945,78.0721643760346,311.06555513704046
87.36473317567895,25.659193327701445,24.914399210813944,4.182103530300251,46.91201131590358,12.05930536369355,213.42631746352367
36.52928924112865,41.223674063476636,79.97519041851822,31.510743274368668,31.164655748287238,25.22909980821223,358.9022086236366
33.81208400394969,5.420064351421905,97.33060710020513,23.480544837935923,97.50515748880517,95.82698570367579,336.6440340074089
93.52079809320757,84.20146029844874,23.181154049915175,99.4578553581645,94.4708152162968,58.92376058726438,331.4671808398506
28.238592232068804,27.731599406875862,0.7562784268932421,25.182746256368183,71.10324219072956,38.89551391113917,85.97062632650025
74.41682104151167,68.14882991476746,93.52005965612497,89.73778496120079,46.59285825611086,76.38708824606377,491.2746598394215
13.503224428336125,91.21819462529635,67.08788907784896,69.14271135303005,34.8043106968891,84.87795102854373,397.2032809124757
30.319835140141784,0.382445687693711,11.121832723489455,5.034140330718784,17.30065961067354,78.27917650542804,64.45022468599757
66.2637207131496,55.53384304611681,39.08440155069951,97.9088194310883,25.087567327629547,9.23744375488269,294.58461145748174
53.54937947040064,9.63568685418197,54.28172142398859,33.42023633467246,54.431280847388386,35.9945901383029,235.66591745073038
46.91367104406113,54.92594781349145,99.19947061983646,5.834931871912186,10.160335043091651,5.175316022406218,454.3639785305534
50.669751451251756,96.07404685183766,31.74826392813178,27.027401133799234,56.172537405174204,58.61416303513883,338.06263693932243
7.369949539039999,83.01087251565183,77.64617663195132,62.809283746599654,8.705786482463173,77.5869694155941,406.3302244661976
16.20097179570339,2.325418477563601,59.66946091216241,94.87544311012486,45.50020538036449,99.31954955889573,199.86019148731782
67.10786550314847,57.66927513311244,79.73025372494203,88.56979150802819,21.424887889427136,33.58350537702638,421.63717694419944
53.982704412670635,79.52121353442865,42.46172008558967,49.82804308625438,87.54707531086878,75.16885486732191,340.41029173829696
96.45460802475121,29.363864093633197,33.91362179544202,73.28143462375921,51.00425100315209,28.096510148268916,256.92320159834367
95.21143598685498,87.67636936181704,66.72933178207839,35.28036491983476,93.35783255205551,5.0886776506388065,470.75217005672425
46.63993469260041,97.451708755775,45.370808263709115,36.633396943743435,77.25493155110631,39.97803412193388,377.65577699527773
86.09715109372148,31.94321161044953,99.1006151406033,89.7057489606747,18.034509978562696,98.76994911125499,447.2854197364304
38.466254839001365,47.20777978034526,44.97659883340723,11.170697316311207,17.155381215438148,17.77723615697264,267.8116108999136
63.886399887345725,95.35629740362181,32.460066155129915,86.58279476070251,47.70307233787402,53.861989864337346,351.9791931599791
65.69857877975781,15.295927695374445,50.71404363245136,25.907058238249668,34.39519691325448,45.01976931785935,248.43256506786076
7.6745175124404375,84.64229517309646,50.54415779453769,13.493776674548963,78.03244533565433,40.44119749131158,328.59158124224643
85.38808288595213,33.31803945619255,7.417763369329943,53.47279340277341,69.75441790616809,32.335475807682045,174.27745190632706
39.980495573173144,58.50105589282247,78.23177673134265,27.32980648284048,17.213105227996017,70.18786627391314,391.67793755284606
55.331314728849314,87.84162804652273,41.568237688462894,68.13354734346441,42.266565207993445,48.174533760717274,355.7192838872835
66.48379909392133,57.47101948455781,54.09843427267993,42.55766356707223,98.35309947433852,63.03661706788984,343.72114088107674
38.7303389477917,70.95067770462022,60.528550358761905,42.9726901447816,21.601771652563517,51.12164246510362,362.21734543331786
74.62319739542203,1.074137788842744,2.9168108750382227,76.3978374205865,60.17516974420357,36.272992429473696,85.52190559822218
27.857431214079053,77.88405457002378,40.16585516710659,92.36231817083808,94.46972145579838,84.96247928675905,304.1231058554464
66.93347888734368,61.3925727419218,98.77437303556952,88.53274752962713,50.69943864662507,50.13077117035883,486.04174347789586
42.1411618834936,37.72035738376245,81.22562284374598,40.55467899805285,42.08033262834856,42.67610426000732,361.25874518225646
82.0466615184027,62.56137987124619,94.34213773854964,13.608733173726307,26.271878611504285,49.90158924685141,490.195834476544
31.57905295038288,39.33759718788604,73.12745702375875,68.80805107277172,11.813467720239935,97.42154141298946,329.6366183974312
55.21013855914647,92.8684930609413,48.56691308704087,92.31485602584443,57.84956500173104,47.40051879598274,386.64786394215173
63.74520629870769,38.0206273043057,84.0271213528697,61.91798059860588,4.237138162806753,37.35634447021986,391.8678249659282
90.97494215707447,50.23529468133249,13.672646887344131,61.216166855856,17.879518323202436,84.33825139768388,232.46347218177186
91.89965621109934,98.10879820837248,98.04013513645313,40.35691179696711,6.477083207635292,26.76939470782962,582.2376580372037
63.38311967094573,72.80816129477138,42.84476942975913,62.78854123176838,4.408717623354564,16.73257000655175,337.53375054976584
92.81940854345494,43.97078492149177,44.44810982603784,26.432245607198944,84.67874652753626,48.529803784319235,314.105307864552
23.53396307024196,34.22331376978857,52.3347298118579,85.24679185516501,64.2386143571555,52.948842186620816,248.9847800453928
25.959450690020848,55.36316415783165,9.509807339815591,51.95487362130893,1.916069441828705,62.248269054893676,165.2152010251309
80.83464825761895,7.814430875001454,15.960173200283112,36.7772398991804,3.9882974608148603,68.29127910429277,144.3440296084712
0.41531038135620424,53.873727673456926,89.17458004291062,70.8673077564301,53.38971944238167,38.8167633070458,375.6865058570019
32.54161280772906,25.61440197164527,86.08951459375973,0.6804994463774583,26.856227957761682,6.273754693973954,342.0389605322988
42.89696873201322,84.67015858719058,30.546784129332416,93.11251135405216,8.120702563353754,5.137003736552614,303.87763829439166
46.37475115689036,76.4597815668074,23.187943526591216,6.699733937432906,3.671243674069302,60.78098853187264,268.8581448702788
38.53727409026697,2.169165049703281,21.375394787875834,5.731600951769867,15.58357444129811,52.86764690948422,107.00178855330103
53.03734301307619,2.838343359894069,75.8651377779349,89.45418127732545,79.49928983821226,14.287946192202527,286.309443066669
66.84625101263687,19.51072279119572,20.143938281253305,93.76061814208873,76.83672725790785,31.914698755094662,166.29951143878824
79.40036891020117,68.3273590706035,85.10331110841376,87.41728957178871,31.623181672347055,85.13733963184794,471.36502037664945
77.4859767708997,79.86657427684048,74.51156227788188,16.953573674171217,92.69556712131684,63.159141271109135,460.7538121582263
48.91064349537195,76.55211613070486,89.95743340366131,65.2733241104669,31.138385308548045,11.582120434601329,471.88717596776564
44.77900768891894,52.63174476670764,52.906902883274945,38.69102769503441,86.35758828635892,65.56037086553602,308.76320587215906
93.45804211497286,28.55128214661328,87.50780064441771,18.755827976817685,18.708693463210114,71.88192505019295,413.08400834145255
5.976579463125109,49.44225009871008,13.002169186878131,40.64050732012051,54.62672178483854,0.2934682583231041,143.86758722117966
60.487771136590894,8.267747223625088,47.20837630761111,44.21587186055005,85.20135355352443,8.199426826623357,218.6483945066744
26.301128455490318,93.73181366238144,51.59561784543571,90.81702043505815,30.497570629059712,88.97296703236877,368.55160931656036
60.569530599505995,85.59060378165472,99.01260626269004,25.187543240807496,49.972080672891174,87.37462068816346,528.7885569508855
43.64091935845652,63.18486059529508,23.10641620219538,63.64909929392242,40.348425049881776,64.28522363279899,239.32988915563283
83.93610113264171,22.95595440616608,5.771725962317509,5.1126756032149,53.49607309751499,93.86204288256519,147.1631878319264
27.512898921553266,56.962645028309424,78.43665560177361,38.48766861304681,11.355233040819012,59.49609882587437,376.74815578349296
19.679735595099913,64.97126858648225,93.3888125271076,79.15630193328835,26.842017793376904,9.198020415901997,429.78871034938726
40.52310655230564,18.97384834165613,62.38105140911634,27.702195881398872,28.97702105508051,38.320123439778,265.61395746296694
38.345481359788245,80.86003144620797,47.07516549443051,48.688942008817605,68.16180884644496,88.32203505507908,341.2910407354957
16.042330270506035,74.73056552696433,16.06564830735199,7.09054285945262,60.476473991808355,8.531910819992161,213.70040624649064
47.586335685642126,16.730487960709628,88.793824395524,39.5312244854095,45.919450370866855,95.90831815756471,347.4287847936334
63.17791460270724,12.47508214577434,61.07265214449149,39.78601709334354,48.427728049464605,51.470065364112706,271.3460353277304
1.3459725207505158,98.75428633680362,29.588370970530033,89.45103887422914,60.008509880320084,15.57085912483387,287.61965810594785
79.36094695170345,59.28241335675525,93.95924649614741,0.17708827175910713,38.02666172941138,35.22841595999107,479.8035131536562
35.710467221175335,9.29786403778473,40.98340117067071,61.67280426195102,25.208118554741144,91.38700766225317,177.25639880875693
91.98131728183655,69.73810090171624,93.80408563337912,16.562318857614645,33.75729338713338,61.84885310972914,512.8697759854064
19.121328785116155,35.881456159316095,12.006352533478415,39.30304063974618,96.60341326977455,4.641875121220607,126.90329870418358
63.49142222984435,58.56024528470872,41.21591883841713,60.34510815313172,84.58114731972695,28.224704256411293,304.2596693145132
41.06785028993658,67.54765936012525,52.61865856476105,0.5959757105796104,33.647080838234764,29.02781386093094,334.01914470447025
79.26257494312027,69.17937491356857,64.91452379870071,15.52977588862089,72.30473428400434,56.692969483613474,412.36489616635953
21.677608283892024,84.8034346265022,70.45746298900335,66.8773792693879,98.46433340444852,44.740255097760695,402.6568665039065
94.21644880977401,77.80920132418065,71.54504009937565,65.11268809110477,25.14358271797814,74.43838832090458,464.4699717562622
4.7997304234530525,57.75659470589183,85.77742721317168,53.714449469170845,4.804631075938836,25.99318365529871,377.64520147475173
42.8672072440455,86.93588673848132,75.81241035817403,30.66903284825765,97.73954633901857,90.8517797676098,444.17621179553026
99.22628828939389,32.39971130456074,59.34543554206072,41.5639841267748,76.71902414411578,47.43466543863498,342.0620175246975
17.898172522374068,63.42294403114374,31.323577682856264,98.01795453244576,50.00136794194485,38.879643671666145,238.71479363323033
56.623012542273365,47.20152656896608,89.77930270092594,14.650741463025884,40.59294710148139,82.77473290247256,420.36397378298335
94.7602668233385,24.573487451647036,67.70073697206344,55.30577343721536,20.12677411564232,10.171533922799437,347.0094526428229
20.541257303968685,81.24789953395137,90.43482169575276,96.22228740073399,60.58997465392044,93.64508339353989,454.3415214591297
24.017638129146533,70.51099439769176,66.57980225510303,60.17903556077715,22.02767249447193,24.47626320344113,364.77903368983914
48.55895210151265,91.1314053400617,81.43383131670817,34.59625485099834,35.862872226146955,28.29202736032904,475.12325673176053
29.27926780895297,3.1343430475418543,58.03400792955852,39.926175309504885,4.118281827621006,31.2575305832968,209.64997769271224
99.14905516345691,46.62070510934468,29.789229010311836,67.5604571061435,8.064032940165756,68.16113175246336,281.7581524130818
36.543546173900154,60.672386531711574,89.76334400824018,12.548611327574422,85.03932009144167,45.89404575183769,427.1783512620438
86.29979111966064,24.847853024548993,39.821133070520446,12.705760641030839,79.73820742986472,75.76408616172303,255.45889638031997
20.64613979711417,32.50786653055348,14.066274724236417,97.67912801627008,32.379634071044364,74.09884342172862,127.86069703093038
38.21174753499278,69.33372689461271,37.171703657893076,98.16625433072775,18.106190380865662,9.425315944502689,288.39431229789744
86.23974833246221,1.4599847080482231,52.16104911582852,64.09740172655272,72.81998854678527,76.33693293152318,245.6428650960442
51.57270330477341,63.62879060218531,2.7143875632598347,62.01070512451645,14.548873057014744,79.5879222525071,186.97344719892354
4.347596196587499,90.10952118983727,31.849605850315655,35.29960794876433,16.36194029289818,69.0399750784058,280.115456127209
9.961790268830462,9.678477941065577,97.51664927504777,9.173862597213212,87.77696373581173,27.31551096447199,321.8686939761049
1.0208360681782325,64.01985741296562,52.817913981630525,46.161007819325064,43.418063789812024,51.31126707715792,287.5142928390011
33.8604411769044,38.22943374776413,76.75353267310109,22.33567728399767,58.22231559330832,8.458585102538208,340.5799066917359
41.993285343243514,67.8518615542611,14.042363484402355,12.187552468832507,41.528051331477656,84.58377739663591,219.8240989049728
50.54828712012937,12.674968365953031,19.082656105884922,77.55108228626635,82.61269675449509,66.66111444891801,133.1461921696902
76.46519863511685,40.39006910356358,39.82255257905175,38.18443150554498,88.32850375394108,38.33851517624311,276.71299457939926
14.838027794211307,18.695057960611038,98.47956662923406,16.70242483554073,20.992559314384973,74.96500596849766,347.66684360313553
94.26110210321717,71.39216399466795,64.88669187251361,55.37665327380731,59.14246842436023,47.51010224890722,431.7055057100939
76.15397916405146,59.878252715540114,97.89561480145757,76.99127747770024,13.628176888442722,19.227188718376166,489.5973289995044
13.59492535330955,26.9432686577345,84.81652589138596,35.09870112128718,91.16814275425595,6.600872600930952,321.93104034293646
73.88490460804634,4.219928562919417,8.338819084060312,72.70579899895587,72.28624783500163,86.89604917789097,107.34121898606611
51.539024644443124,80.6410782893675,45.71454214842122,83.12737616643248,61.73435078413897,51.794436014715814,349.9648076684418
51.242385066322846,47.97330616657551,73.09148067274242,66.39440333532035,39.30094808589447,11.901026733936614,366.4634394177011
36.0319214924203,45.457462803468516,36.58693436109388,71.5639296940532,35.45375707523786,55.50408333233494,236.707650182639
8.031892210569413,81.78671242329327,24.766554187249856,55.34599207028536,38.64505672300537,10.491158374962584,245.90497961890554
96.87286676085158,5.516602201195974,59.3416614999004,14.878672725263575,4.34300225418186,77.81101552237904,285.9310556629447
64.79441786662555,59.39259727273277,22.768087349665656,34.92154982167002,35.896689098348034,23.81545658931413,251.88387446108806
23.639646215787458,98.29932891617467,84.60162843527459,43.31322683263349,86.09229481894974,86.14189420967827,474.04318935396054
84.70232856153382,81.32081529426407,30.4593211916523,82.80145608536841,38.543876596203134,60.86994531853808,338.7219227250189
0.8293126641809923,95.92783049862342,56.708878114449114,70.29266943947498,58.6551896170053,68.30470012229058,362.81160800477517
95.39390265237813,15.190762588036499,74.95534062581457,37.607330613104125,4.495024120795277,10.143314271084837,350.64144970589484
24.75978753199436,79.20445174753654,88.34641799899202,90.83178725492216,94.19264661438163,24.646480642876867,448.2079450240435
70.60678243597768,80.09396534543919,7.945373126154188,21.62686441373072,84.96410390789471,59.87510644723795,254.6308325053186
72.88360600124052,89.9727841945373,84.13008523414686,85.12676776602743,12.143691693978752,32.61604778507081,505.2194300927557
71.02132748579368,25.41071287589253,33.31323092936482,80.51450904302594,8.075147861163812,35.29740750392216,221.7824460256732
34.153304312595054,86.13886455160174,53.323676761808855,35.605588107786915,99.80830733910689,31.40924120432712,366.4020637012251
5.150702954179954,34.111451763320034,86.56256981053481,82.8605038265498,11.58144852493701,26.563058760501402,333.06131591242445
18.94127863802988,9.334740887801606,14.506292259063326,96.66751145364034,49.316441494703646,75.64391683072482,81.12963719082306
54.41523333532228,77.17557698079231,42.16697359317958,39.415241352721765,57.02064750700685,43.270399668437335,335.26730807644566
48.755182360647865,7.7262590550565395,59.571678430764706,84.17401584691638,32.22033898157265,55.15631418471407,242.92273576305507
11.71439175974368,39.2173725270602,87.95313119595392,65.52545068230499,3.4276109503248997,90.57664372301937,354.0085304017258
79.6032738322144,35.86142637045876,30.865100780344168,76.46059275170408,77.18563596786748,73.0300106348819,243.92142891416444
9.860594000817857,25.74085702973602,40.488696738158694,20.983298530247964,86.40288803873578,17.848937353514494,182.80839827476598
38.35229063025781,79.72524399232655,73.5640689307897,40.22084812522449,32.36998106988398,15.863227684713365,418.49498540728007
65.16464157082987,49.65228160475018,82.18460291688511,19.0089418706632,37.885207746776686,43.634285525608604,411.02301353098557
48.78387690251088,28.31143846678319,55.585017440809835,13.071376945376556,82.06619721859991,39.049707034796334,272.16180615850675
32.26359103847884,78.74116006225117,79.43503884191628,0.4816656432564237,93.40232920133533,10.43643935487506,428.05102768873
93.29369575765162,33.04103676902267,99.34884056305441,89.93791667314083,47.05029718872089,25.49301621083503,457.4222909848602
58.957467158481634,6.79759936525376,91.6064141942316,20.8042755317579,66.87533303103808,69.36999189820332,347.371908471684
97.29077746910183,63.25228934408615,43.66393095681419,72.61031608994112,29.81294558802865,58.69356519426696,354.7871490277167
44.372122008915035,88.86588199122578,3.0500273780912246,94.92985237906481,28.22716517077185,38.218883347748424,231.25396812564026
36.34284261066985,79.75593891710867,49.78618181486697,50.89586991384394,69.46623157739619,80.54221609234055,345.21326588948807
40.191258320959214,55.841159313847285,4.551416052470369,91.09965144635429,96.0971204392894,16.758547300151317,165.52782510606488
50.976683079156025,9.094415654797006,83.39117935530217,89.75764107142497,46.60588857662964,80.42389113823309,319.33905245465655
93.00144779944847,95.19822016930347,16.74259985331078,55.7353308341932,56.88864405116362,80.408014750906,333.62568769798776
10.780929959935703,8.662997041645049,43.74458584795381,99.65637545286953,25.772442724009736,85.37907790288757,159.34068158708723
5.969753340876882,53.098292944647994,85.99176583445788,90.69829878004515,42.17866884645418,7.360284448316923,370.14163673354653
98.07182989825675,67.24558074768137,72.78253252463882,67.02168424010347,42.392945028876014,91.09071075777831,450.91058896753594
0.12433448033601913,78.45190312904658,93.14819301635006,89.77346928440195,39.19246494444629,25.29628644278764,436.4727197874794
81.87091356550094,86.78720513789207,60.114562321470224,18.36016553893164,32.19830955539042,90.35840447854353,435.78901080569574
79.4342004920238,91.72278782012137,97.2585213898277,73.75427798017043,73.59874615868384,91.61983392706743,554.6553403017497
25.30678718501601,39.36997881964438,65.13750346716208,84.96522099883148,64.09954953897355,19.491556083215855,299.459255225791
49.68507681956994,20.33998024400221,89.98370568715339,42.90029676612426,90.3056074934281,45.85797098331289,360.31615436903456
13.791448645893034,88.37864178298778,4.499388475699639,25.525275321143216,72.3694436101691,53.69737581262238,204.04689763896752
8.824082985859693,98.54211247501534,61.93433997787763,91.80834548679842,66.2385875231587,94.45316407989782,391.71132786952325
7.43491538577884,4.7364808921985135,2.0783543302248186,51.134219100672304,90.71446916117414,40.05941437104518,23.142940160850323
15.996773072047354,82.31009042625742,79.50525874508581,4.8825394709597685,19.25797152340043,6.630774118673399,419.13273015981963
9.150191357377235,97.86188988534539,69.4422061348268,81.28987327418376,69.43514675309909,61.096718009979476,413.2005895325484
57.92578461032224,79.75130211459785,40.028643025701946,70.6082181375716,29.423222391047876,15.357369786356923,337.5143179166238
99.76384699954814,16.640343659915445,77.43014429351147,40.42333113864284,7.36119021266205,73.16323313646627,365.3349671999134
64.58122550177772,43.88053696139951,14.178119563899806,19.729239197206816,62.7382107404627,29.612351734622056,194.87665811627616
23.185834580292386,58.226146652088836,94.04888341840815,82.33403883200732,52.61111727058714,62.091640911154,421.78477813969454
81.26857666634358,18.199844315307136,97.54463358682848,6.197662435599838,83.31166987456785,73.27750965804292,410.3021660574433
8.305395498575606,51.882793527792856,0.3012427588649613,4.6125525096581965,20.464321246387705,3.505346323460845,112.97471083075621
81.31084146832592,65.81158685140937,78.16815110285062,10.409376233648215,57.54314034690125,71.90607766200672,447.4384684796965
89.76821046848143,61.340367732380905,53.86600220916322,86.71487244553501,42.74683421979674,7.116842709407212,374.0469525607329
2.4272714172161813,50.005965403214056,83.5475283861736,51.758738854681475,93.49537797439582,11.464910769254,353.0817873821651
37.153229417252696,72.29284637293286,50.72364076430631,53.80937512008832,1.120296221095607,63.100203568255694,333.9098444560374
10.711917731798215,68.34633890273936,99.26417007778034,51.93985087799358,20.040058573355747,92.85047567593469,445.1971057706179
21.30588944791374,1.6778464914396385,36.87334769840079,33.849302790680156,6.52696831982812,94.27004714923923,135.2816255259954
38.7909740652116,73.23267981520551,51.84338161082016,91.69160325423533,93.66429901749974,2.5613022958812293,340.7864785280831
37.69771912992129,82.27572393845716,46.212455011218545,37.53086135018356,68.78183214155999,50.31876104265508,340.88653204049126
9.288668651466224,39.75554838272306,20.8405870875912,51.828184125374335,26.00141190700287,13.366654896677366,151.32152667968595
69.67061035569441,39.934589509433295,86.45027074245829,49.878997948834204,53.91620529891155,59.7583693942584,408.8906016019358
41.15724941332799,66.35998896218497,89.37789138969623,24.416229105836585,52.199968686002485,19.14315321970389,442.01090150678664
9.287304606108993,91.37228178429358,62.60399989468621,78.1599514084467,52.36546319423589,81.48293594962503,379.8438678587548
44.7273861477422,15.420788989413293,58.4697153551027,21.85436399992592,9.171131349503481,95.25813883690151,250.9781101918769
60.24793936806099,48.025861692901294,17.175312017455504,53.65169685738726,78.45684712245341,71.01192623409588,207.8255988062301
41.511100208841235,19.28758966402535,38.46454600509128,0.3804309970559361,63.55494595941333,59.96059260800948,195.47991755216577
25.945778997821723,15.813774685030403,77.53179882916264,34.51044721965991,90.89154828186842,96.49448092244211,290.16872485537044
96.84009433777466,92.69031239084798,90.79309488068053,50.17614218549908,21.922040426679025,93.1974653012972,554.6000037615122
36.22351848559493,31.945282209458725,34.31844156940544,3.553405850372704,65.02857180046541,6.449075380148839,203.0694076127287
27.34816049832839,4.602482400860419,24.95147768228858,86.7585628002499,70.27803574008237,47.105282410292624,111.40755834691497
88.75485348373373,78.05637365441528,29.899903553933605,98.234989702934,60.76614029243549,64.9826409117125,334.56731145436515
41.107102360597615,71.74198235354929,59.26124325454805,7.742214134057301,26.36369283104377,57.13393322708609,362.37479683134035
75.214284087913,53.970842398257965,12.885307962389913,50.42577286151947,14.679734335551831,30.87760787770335,221.81189277159868
85.90142872020661,41.84584168562387,29.436447310417336,55.325255325782265,46.544601565321265,34.3416145764322,257.90245402270637
28.511378108340423,88.27978209337864,13.712906866652663,50.81043756576018,41.81404918591538,64.4550210822056,246.20966289505571
20.677778814024727,37.68768469444925,76.35117918111045,47.99762232553088,9.26004414444871,87.85685057468024,325.1066857462546
65.35404240309774,0.7022350626035623,17.07285732736532,86.80305356242074,61.13956045272047,0.5163283031104249,117.97708451040083
86.63094609963039,32.51352762655173,63.63925418005544,14.98859739470485,99.05140582226514,91.83563149536539,342.5757638929001
8.268599687132882,16.83435257517141,49.62203311563601,33.83501587943761,59.17252225198335,26.935956033176378,190.8034041843837
37.68897590613774,24.153549097854178,66.87109494347318,83.8657957411172,39.11629242516411,73.44869735493585,286.60935893226565
52.94275185675201,68.41383425969731,65.99571576924785,7.703037887457276,78.62064621957315,56.62137136048228,387.7575676838902
95.33579946102869,68.52463004182144,39.04102761829924,35.46709013264924,66.1353213767638,57.51600803104532,349.50814239956924
0.3708248103374667,91.62105399967119,2.5466315494893865,10.371601583663404,63.15488777823176,75.57684239173325,191.252827458148
19.760445370012146,23.570371365653653,91.96159613211663,50.99153020606904,8.794294341830678,59.36253927582098,342.78597649766937
98.76891181192367,62.207747031406356,76.54269021943759,23.206295338829776,5.521090611225199,91.70160684513758,452.81247653304916
38.24780708446694,41.8923772563854,39.89972217397927,33.594798536524785,20.975288702442207,70.30149042941062,241.73172811917556
37.590871251453194,79.38868094469197,38.730532105618934,20.07153281211025,34.19353854336001,97.72274818972559,312.5598294576939
42.526636246568216,34.408639942670135,30.4028051446966,91.22938152354696,32.015920695870506,29.858088958606153,202.5523315659983
5.214405429611091,30.451275445973014,39.22276554521111,88.058129130022,33.63567934391608,97.30755534901078,183.78525295719047
59.46625554524473,8.331843411481854,37.751212884035546,18.73903533118121,9.73690488952771,25.42917731181139,189.3835810203151
62.97966463725954,34.9326631419901,40.59255222835342,55.81330248125561,24.971652783935195,25.91970817458534,254.6226476063
14.064238190874246,60.592496425768246,16.83678328877708,15.361758919242263,87.11371852671076,3.5307911845900875,185.75958090874198
1.2512162776633473,80.98317984717889,7.859999941800044,38.52761916773287,37.48546863834451,27.378151029035003,186.79757579742127
40.09310502250063,82.53877524100992,9.505362192621348,18.814975090598963,80.51902085475805,17.11800003065874,233.6867420823845
28.037386782327147,27.17988255202077,22.730588221197944,14.590531229926295,76.85298956109233,23.3470519922097,150.5889165499625
52.0748626419641,3.3270331535615205,61.514582150568096,29.031143779689007,26.388271208559445,70.66828516404395,243.27267540079143
97.4393388506376,50.573121168959034,8.996640539230627,51.75810146228995,43.375158179425924,36.12975220702961,225.57550280624756
72.42798258746147,67.87394606821971,46.24642599668479,33.38157759919115,83.96169811423911,58.801770466407234,346.9151527139553
13.815512428136511,76.14383137822203,17.43863411318456,0.38357195618374806,72.71916884176217,95.15918407807403,218.41907752413425
9.682211355393056,10.573294093180785,1.177366395488355,30.870790494370894,94.4316259682604,25.16865381599932,34.360898728219695
48.03529741302094,24.118642664598234,1.8639037180510298,67.84349749419502,62.78761012914417,74.47174580785715,101.8642938963705
7.582377231816939,48.18740640567803,64.84719646662919,85.30315807807746,51.37493347806264,96.1662109111078,298.4987794430606
74.55915494594029,59.734516259706126,23.096129506343598,81.74913135325905,13.323796317595328,72.22112568681688,263.31657598438335
30.703138794696972,74.40536051425816,55.6808985470575,16.818297876696697,23.77614372512188,68.7547988944598,346.55655546438584
82.32063281645638,25.06408604484076,44.7797189692219,39.86483889164022,39.72492059553061,53.93315907036757,266.7879618138036
19.872403085514467,94.5169904831868,59.506214098072704,67.46103615103594,81.24750824395952,53.224281218518186,387.42502634610616
28.49903464667436,74.40746955028354,33.78898608978367,31.862303159472383,29.272799317745225,38.72226546363468,278.68093201659246
40.25194372487558,91.48388394130052,89.97284206604115,49.59640275854367,1.2281771900906957,90.21934822437119,493.13823780560006
92.25973966588393,23.525795668522818,48.83287706700631,2.1213689091486576,86.6053817879913,12.084616342255583,285.8099622039485
56.349482744636795,64.39547416364675,55.317481661037164,5.999589999122423,89.99532778048953,76.66424394304096,351.09287605504176
45.40252080443381,58.63625429624799,93.52167119060401,3.745338174143209,65.74037779710402,0.15263271301834136,443.2400429687418
1.5373196008651502,26.88046054059352,6.032212764430422,77.34539242908104,23.24594330103753,47.434436118104614,73.39487897534346
88.59641423029413,33.60800801523348,24.712928328792472,71.7906100206037,8.325736046608734,38.440037257014005,229.95121524713852
64.82837452812724,96.50074878695013,50.98199685636708,86.59111405105057,7.808659486049119,68.70478041230139,410.7758626711287
5.4930424103674,13.192820095557579,43.37975690671427,18.41758226227068,2.029897268076908,13.126113691137087,162.01795332162536
94.7112715269726,46.487193786590595,14.38035068461857,10.391509119257103,83.7209475027512,4.860780372122697,230.82671115400947
62.49850813899235,96.39378231878736,53.545183068776346,24.251745589207985,39.09808307243859,44.82245359218589,415.9216219828961
18.771863546528888,28.383387775443193,62.770522189605856,15.203849126631718,25.457597016237,23.691584299532565,263.85020566623285
29.34731801844882,77.22010166624645,55.00225433219836,68.70092453632597,93.08915671475343,23.534948174201453,348.7942843475368
98.62943757587531,8.24585968049586,59.77281921933657,90.13569924423629,62.522347555091216,4.290364877086494,294.43961459487673
14.860044533780837,70.09535692502784,37.59024868134648,7.306722063971815,41.67083037055757,89.17830012890524,267.821504427876
82.39152922563157,90.00598022679712,6.84694687009112,9.857572204496778,22.915174412078564,8.66977171761194,282.94433028949913
3.3797138560811457,44.081235933154005,68.72315706651683,66.41513105858165,45.0893591026189,84.51992588405317,297.71165692193966
81.38215130042306,27.43100124942761,0.6815805059102287,9.047121583362827,8.163647905509297,71.55717880822169,138.28889531700898
40.37019246301453,73.8482954483829,11.667411502672675,84.53343084114293,43.543037057011325,86.82457543838031,223.06901786779838
84.3239486562701,50.82860013218973,82.06161230683844,44.85109014448331,35.6574617469392,53.16649938318781,432.1659858411649
50.52315448396087,25.96973954191597,79.74153959521657,85.69745170086131,62.17718548516827,50.740596926513646,341.6872523534425
30.455625857375445,56.221379264858264,67.17681885267214,65.74574550325408,32.95106090038287,86.95031323356318,344.4288409451084
78.45844054171896,56.63383783807249,21.16130459186354,23.005323341054897,9.781550727173583,68.11323462083195,255.21002999345455
93.24172233613585,23.174810032551996,40.32399400693648,93.94605359317416,39.50005921910482,38.41816638058514,260.5633244220493
20.715937646467385,1.265085939239119,40.679599715713245,80.18087774030879,26.50933086794611,70.42994041065482,145.28490867208535
78.38265394578214,42.794103673543404,46.81781711044536,64.15844520796125,63.97295045828735,72.06385195079295,304.4243126242051
68.2253917407579,87.8137526281063,97.47116585490406,65.61189070943816,77.05030616311707,66.49719129608974,536.2663945616828
13.758669008857428,49.61254167375028,56.664098782035666,43.99142273698422,59.83032801338236,1.2765724474773532,282.976048702465
0.8038232077657637,3.6179784798627046,73.88800922226714,76.76539684986705,98.67889761596827,21.717804659466132,229.7038078342926
4.742167471294156,60.17586150376489,73.16221825885489,90.7329591197615,18.289708635753264,70.81788942778756,344.58054525538864
69.46850915336837,90.76215242062878,86.76212392744799,53.21431177478077,98.46114608942975,45.98232141873835,511.2791857769699
45.98861267405805,27.08424874816767,36.09195293231821,75.47300336645542,36.09474431131794,93.02839415591059,208.43296896734802
68.46679177331438,36.74977285533132,11.857965749007782,73.71666255014287,50.6430068002232,64.70754157339744,177.5402347310004
20.367065295216868,20.085600757829404,16.503091276487247,28.694080886442176,95.68344122055782,27.38507465962875,110.04754064033742
36.91221746571522,66.07859793401416,12.877854237637221,86.87071929723437,73.85555436176135,1.94980672894004,207.7029760466552
77.1170928274261,45.520706321051854,19.36457384114416,31.472394601911425,97.40077661320467,58.362383948163654,226.25222699296228
39.77983171609427,23.950353500620935,9.099294338908791,95.82641509559306,68.2609942119444,5.790182084864648,114.97842173406251
64.61966415546362,12.003025703944504,1.4431417602925989,93.32645633404763,7.326858231638711,88.75703840410932,92.95514084423043
59.751719037047266,75.8668595330111,80.27398082520405,45.36538143513014,65.12667744375243,94.33322456792892,452.3073805786816
98.3453785361967,43.67281850148047,74.76977308261323,21.519733216519743,30.092616872123067,24.718628814114073,410.0003347869973
85.01713456103246,26.2588956670592,93.84400430355564,84.36905521548887,85.5525864580805,95.68052385619147,419.0669388058178
71.59413715979511,32.69732342811661,0.9154647565660534,97.26837744786515,83.7307074627187,84.6851018634301,139.73517828572648
3.619915160004128,85.56375172436516,47.831617747034606,98.27625069977405,21.19100145983114,97.13475539691528,318.2422718498383
65.566204580874,9.895836523459334,88.0361916708755,31.824621355453896,43.160178269173244,17.25428921581271,349.46645264041916
12.309068622807217,88.3118409143814,52.93464025585265,24.58872779916179,37.78542908206087,7.659537018660901,347.73667121912797
86.10535081785832,96.45044949204465,81.26018995465762,79.80093205440131,30.32916557518024,62.72961011801682,522.7868196659206
17.086783211016854,84.80237004714117,29.41039509806872,79.81518850045737,62.219055464123976,73.26486184927367,274.92270859950537
47.13053650784412,80.62032122985643,87.47892225895353,38.369595020055435,62.34071173682542,39.66014088983445,470.80794574441757
43.761323516494244,95.84251398507301,68.2568470366152,38.45130428000078,45.50132412532242,67.50743898858228,440.2168925964859
35.32343595514526,41.209370950969934,97.96643980254687,59.11688613102216,24.062537543265638,81.1522995560235,411.6414972647258
89.80061888780327,33.79415105658027,2.0003821041663095,13.675287002971281,97.73453279988105,8.689842692249295,163.39006731346274
27.06479846992772,14.244261810441806,66.49010624992185,44.350525331094936,8.772430962748167,86.06234683862961,255.0236408405769
33.64557829990661,53.8166916775049,48.07547624132257,95.39563049345854,66.59056024956621,31.611803179854046,285.5053903788841
86.91350273032744,70.90166237773971,66.68890524689049,91.55368945350504,69.316639469065,87.3860522902062,428.7835432264783
74.380481577914,6.714075144958931,27.332241139944447,4.119641852102907,78.19119150390776,64.87162074346311,169.8053552876652
57.09790571725073,43.18071831434883,90.48387925465784,88.44830323450893,43.0595031964474,74.24378437661805,414.91098010992187
3.2710732011003163,19.1885598766507,21.633651832803224,18.818413117317757,78.52373083317073,34.735112998631145,106.54914845281138
49.539840314493134,99.1487719357162,59.14849616452352,46.77495096079512,56.5782580386767,34.816410297888666,425.2828726794961
9.169240879459062,28.573445564271783,17.805027363389392,33.54594905262819,4.636912964416384,33.484128630373014,119.7312140981708
75.8574886768247,31.795334968176004,0.4050357226746515,95.41621232969915,80.60781421752688,15.419352307076306,140.66326578120066
92.1464801582077,47.261393945808315,90.37412925165047,91.0271330761587,77.85037920330461,53.92609688231271,457.79165580477576
96.59400325810408,84.61139412498198,98.52636895284836,32.884793173665784,92.16603555997061,15.60924623412917,561.3958983666131
3.9566003159322793,27.064577550308734,2.5909819763510034,31.761320537471715,46.07429096266002,2.390704337093452,65.85870134560275
38.59468252071186,92.96814620928286,49.91077649449532,65.46735165964189,9.090831260290644,60.7995912911984,374.26330442276355
50.041415617225624,35.637356169805734,54.142370725546684,84.3953359214792,9.073882063385364,60.05925204316872,283.7432401334771
19.00614969111495,73.20128636104118,53.960748858015215,30.459428321285785,92.39618353909367,12.318934596545938,327.290968987243
75.78145677818607,45.86179142487074,74.77669431464645,7.201661170168839,39.12713552216937,66.86682540900232,391.8351225718669
25.796859475411193,41.01400681928008,38.334955550620506,23.94646173388778,63.90498938983349,90.17701342811644,222.82973976583287
19.556997520443264,74.74077153014541,55.73065554307486,71.45471215632423,60.01190953236855,53.48690236457598,336.23050720995866
37.99900283469202,87.39391460146098,58.75592177895969,19.480349866173018,60.54237597132213,96.01144328871017,389.054597374493
46.922991852041484,90.86307710330777,25.400036656235237,55.33002182686778,69.62225699043178,45.05259152436321,304.84925602736274
24.047659145889742,83.69605242104812,26.54414127677496,77.77058044375082,42.47394971125592,32.76951061510632,271.0721878183109
83.81480110700734,38.89927475750892,12.122650228369814,91.65829888942504,85.75186764010742,5.288192894775767,197.9813013071346
33.64381810630926,27.87631509854315,1.9127304247567256,8.153517099266516,89.9492066769484,23.636648282370764,95.13463957766574
42.18984387883145,5.856800787323346,95.24220448288324,84.44825714890358,60.69589913061394,81.61932081123678,339.6300589021278
97.49373061473996,81.06653290015515,47.79491671612392,50.12284712303825,63.26110200802732,35.55522951112632,403.01154656342203
78.8736117330192,76.9671862167861,25.797787929568205,77.54920908218196,48.3106937327645,50.59937607187831,310.201347955296
70.07772655160053,77.76451800539292,67.59001438340778,97.5988944581002,61.658592405187726,12.384345814658271,428.37680571260967
47.616768083232664,99.0978547978417,0.23426980906762207,24.156418257401292,17.03422613624491,48.634625660483856,246.51528710611896
93.27753339424851,23.86944662069267,50.70177510633788,89.88386129705268,0.3497026594434405,19.333256595881522,293.1217519546475
95.48331964690689,86.47550733487634,94.45483799898429,68.0692533011039,84.10834730257949,5.509772008458713,551.7988483136124
23.24182421875912,24.624945990506852,22.106302902488217,41.39472696510006,29.90848890045673,93.75822980280319,138.81062490723747
17.678131380510266,67.27758482003736,11.337609370805001,6.694197845069105,99.85719434849972,77.61034309888875,186.24612913299998
49.29555660261955,9.239284468786535,36.42497929284221,77.28498068338494,49.4500181980274,87.74452275424576,177.04906341871924
19.78535865275699,80.29288642090332,62.51403072418974,61.74182820154217,36.364430025910465,4.007784046501661,367.9132236671328
41.999399815546745,40.53412688272461,73.09117833308828,83.96093504567203,13.863294948486871,75.10230220699357,342.3411885802608
43.127624610614546,88.37189924061319,94.75758921112265,36.398855701464704,32.255227745103355,81.71772496128246,504.1441907252089
97.64138614358203,16.430306378395688,77.18776441293016,72.2678942067139,6.192825868743412,79.4872880145694,362.0652921391639
87.56905073368458,79.78196868589093,82.75713532425976,87.4634448509698,14.527243996239903,76.46132285377514,495.40439407824573
98.49365312836824,85.41112083567918,50.39568683775788,86.76597361525754,38.935312341682874,61.31402351198454,420.50295531300026
16.573581279563186,79.85193731773627,43.349866709796835,87.51394432206972,59.488033195901835,52.15421598703678,306.32705604442623
82.09293679231486,10.310707801430041,28.232278519107822,77.0348866286279,62.568695940110786,78.96157340239503,187.4111879524984
51.69322951066185,93.43546119497434,81.46484946484152,95.6382808033993,67.84472268112047,16.11705529011942,482.9587002951351
8.604295798415794,23.857022640274284,83.37111969151498,76.3415901040299,96.05666434833712,14.478627099658748,306.43170015350927
57.89926394886481,43.74164647447917,55.07870276994914,95.58326787286197,13.85496784859771,37.646228805099014,310.6186652076706
33.00325288988718,25.356060778838653,70.32359806803996,9.274147691019486,52.37237062124231,25.576922144793457,294.68616865168434
87.2825321760321,64.97632283390288,45.4108663688103,97.39011338697055,85.18656221620388,5.102794806886434,353.4677769502688
28.36240556079044,70.73592253798809,74.12562745830493,73.08977787963474,12.261014548078286,54.15893076018266,392.21113301168145
86.63748872696556,45.00665961227925,39.386644464066656,32.664414277288024,58.74629389463838,41.07227895066716,294.81074134372403
67.95426383954754,7.876387819757957,44.91122411933636,7.54449543541067,1.5116665700689258,86.9578802836416,218.4407118370725
84.30770670009713,99.90643759005773,74.07201875436279,4.586039722985513,58.22696148829534,96.41746674435133,506.336638143301
57.18290691515322,5.731697339402809,91.36794343331238,84.86637389275057,50.93447595217807,26.07505793808692,342.75013189389597
53.408976570622826,94.75885477276019,57.334967126746925,81.59622440692618,11.484736804045193,92.19085684017891,414.93158749638394
11.532827326543105,19.2112539904291,69.05742820804412,15.303918005765983,64.04024788427118,86.28154689555828,257.1276199315337
2.159351517153385,4.488141741663576,65.4138619520227,48.40631635150536,70.09732767784136,73.39299136736345,207.37722085654863
3.774047098639566,22.115001044656346,34.44767639833923,74.32561861255681,85.09508728882311,91.90841760713465,151.34707838296995
67.53380706559436,34.76096494762805,26.374238431907216,49.55461190349028,69.56669047481017,80.45740506312039,216.1784522565721
52.58849041322846,27.627257026657826,42.24180679642785,15.066262618957682,49.77364664128958,98.98156833060034,234.5684248558277
85.82442033326164,96.14299380279739,28.611064885027503,79.19473515765795,96.61832516541318,33.11245020377477,363.943602593939
95.58325448569245,99.95483794608626,42.20149452919194,34.01009354927241,12.06023519610493,17.964321842693508,422.0974139654408
82.92532390646947,44.715595778070806,45.604382265888496,86.13108643759362,89.91244887780343,56.914796543779744,309.1696622602766
82.33229472562262,41.65228373519073,82.15144530639967,9.170503577588363,74.34791289666306,59.05299148748596,412.09119811520304
68.27488169497717,69.25216303328058,42.061991381139244,75.32387815952568,32.22065054962536,65.26895228666136,332.965181904956
37.63875648118638,19.009101565865382,46.2145971723562,28.170387958465028,2.8613731258031683,65.42764288459749,214.30075112998574
29.375905742991794,18.823062901798693,22.383626540877323,96.1683380525689,95.73487097275324,39.14165436430335,134.17291116922115
81.6360268259093,62.580908772490915,51.56603946230993,68.64690981369685,87.58027344224172,40.19229167786127,361.49596275782096
8.677936741841085,25.342790343328126,0.05685316633513571,13.809653695658541,77.66390199529721,22.94952488668247,59.534076927502745
51.6463045434209,51.52842441093847,93.10684177844432,85.2988764966814,4.765449228327445,9.945832879859795,434.0236787006308
1.343949377526099,83.09238061212221,6.1456971138565635,62.587306179279054,10.635795146306759,78.24292295828255,185.9658019433402
50.89129139604535,58.88530183111273,63.44737718063522,96.66452372148484,60.9911581367234,2.0070012732476883,359.0040266001765
41.037111021111706,1.6447130482608041,16.458795401737213,80.40945880825694,51.662915973541736,6.828443100418435,93.70292332284495
51.200421401316376,0.20774946520728532,85.45290557335788,50.3619855001308,40.26239178671893,43.27373268513875,307.97463705180456
41.35144843363818,49.88982476307634,60.28464270056665,19.440051482137854,44.539641985229835,71.86704711244823,321.98502606149077
0.7877569179661981,90.26604837942294,76.34252650109993,78.04430678531902,40.34697832546663,16.52928225433459,410.3474331801118
32.87366625584629,57.00194083076643,78.75729387906257,21.93837855570728,13.530953768692989,9.254353428412765,383.1494295545669
33.96951735733297,71.51996914633155,15.945861920637839,30.715321460333776,70.87802498199984,34.714517505234056,224.84704141190957
80.10153608712403,31.20939785969725,27.966653694745837,40.4228489068686,81.07352834127653,32.23413197785627,226.42029289075603
47.3699820229338,34.07721645725543,17.21012609024537,11.322340664346498,94.08304074894532,15.267836818757951,167.15479320818076
78.5576293183602,99.12321997677796,70.85325826356616,68.53775587464425,8.949104108233941,89.71557218114667,489.3638440626146
96.71425125236819,99.666027000874,94.41352189868046,94.68602968271298,19.17181198654585,55.091157318741615,579.2868709501575
20.425390625676478,57.14960064100863,72.72827393823466,33.08385063760042,41.00330691387085,43.1594695854051,352.90941372239774
79.73217592080589,91.86007243807236,93.77915137913148,44.84745190596482,13.465956869881968,22.03251481324886,544.7897749343451
76.89789547604488,62.15610080960272,7.93517356109974,78.63055390109375,75.97128652580992,78.16792800277469,225.01561777854954
3.9985299228117888,61.375855432305094,92.29696500471675,6.80677383837388,67.27878103143426,90.98276892440822,403.6411358015722
77.16784784160974,71.08088652359784,99.72034525541315,53.959720197494796,21.334875913814933,65.05680283189463,518.4906566550449
93.7102660640436,78.71982966922518,83.54951486822347,63.397624362568926,45.35492878325047,61.7660084210024,501.7984700071644
67.60071284732662,68.56886699505414,51.80570474563978,84.29783170488324,73.37422255854776,27.709540526720478,360.1555610743542
66.45250756991042,46.79449779693802,54.200564060692244,8.685691729065093,75.35501728833974,1.9602427747210993,322.6431953458632
10.121113808423509,97.98814584386838,88.45709199319441,84.87557373451521,34.690149937366385,71.9056967852486,471.4686814757435
9.930668925545561,23.279760630256806,11.543895267832427,96.79960399166102,63.42129473598522,60.61699957567309,91.12187598955646
26.205953725741015,34.324681292517546,0.018103429430105233,39.81076652274433,18.461754173359413,63.08687688581321,94.90962659906641
9.446949814356042,76.687835100967,51.12294834951213,79.49672766132092,88.28609632849799,98.5555057840542,316.19146506482645
12.115942162194603,7.472634264809908,92.92970549661112,35.6426483529838,98.56707014151172,29.167394980631567,305.8503271816478
19.575112458209443,30.94710196937949,53.920162202800924,47.036031056481335,8.685684873207055,77.48913041628003,243.2298030053712
42.11055347065342,1.3323712447525282,67.18181096471163,1.0525501498170886,46.432878758624184,96.51650714832813,246.32072885429335
38.03837228502481,81.20224551711219,74.97824209428539,35.074673652975974,24.017823372857972,43.698808493312534,425.37758960210533
39.379671673752114,17.897679619385364,89.94379627314122,63.38803278747972,49.093020262862616,46.633547692418574,345.0064197319465
26.220902390018686,88.22509572405721,29.5537710332349,55.3245215435812,55.23220227529928,32.30019727215648,291.33240693783785
29.288483134522846,6.158181814215347,1.7966169757529182,88.5645590473681,28.422889761683166,7.306892206972748,46.9946976902123
29.04428200693546,80.41261769910224,99.01695599886563,49.59935637589926,61.86867421251036,5.358386602525844,486.92038540173684
96.27046960617247,13.162589752014963,81.54011773423463,23.750866123620373,78.88101539513112,65.19215781625188,367.2160023129063
77.11600699958787,10.805534246007953,66.69949675514724,55.65301567816105,81.95895680584462,21.185900494266196,298.82556575704547
44.31660895809139,18.982887911323164,6.974761004631014,11.951162334276644,10.326970701856508,6.764593154685928,103.20666779463076
6.107935162643907,31.893045367439587,53.75591292074762,8.853280451454125,74.18329679810648,13.116923251293711,231.16176465976594
11.49717589849233,68.58907402357303,82.35788977911047,94.17936146896359,23.59806508533907,61.49515742317484,395.7489932829698
2.2483309192803613,63.17622142695413,56.84189866914947,86.25583248993017,56.22437056004659,33.882567758356515,299.126469780637
11.315862272867605,11.788661622727359,58.41035787616021,58.377560514578505,59.515653246100484,34.86929602399418,210.12425914680296
78.61197301975604,35.54461594904097,93.02658613967542,29.03715531677651,69.68644032009122,96.41912108034006,428.7809633368642
67.9341227274401,7.404619667828783,47.80015665666698,34.563032711423816,46.855059037266656,79.51196285525165,226.1438320330986
4.568544415193121,2.4776797474757806,32.84387211507016,55.51475501583324,60.24860106009747,13.523200292605953,108.05552025535518
78.4170572960661,39.76002673531463,37.955496467457074,72.89499750193822,31.551490802305505,60.20198951478603,271.8036001690666
50.30030266011768,10.914649801462561,49.75122160726635,0.1276438455260709,41.89672069735406,7.224805238673005,221.38326708484186
73.14029394070339,34.30715280108251,23.86048576388967,75.43450287512405,98.02756580642443,22.953383426701812,213.3360568345374
69.72586029780608,24.343510529888125,33.50268268592658,83.76953517351056,16.129464479271626,24.08122761773962,218.92092941536208
55.36073192859833,44.883322931151426,26.16242154480376,83.32775443955822,94.01631733915875,79.61071566428117,223.61464242531244
28.467602929815005,87.24177821738634,6.056106994787259,37.7617279037062,40.95955725862518,54.80192373907842,221.11948034894945
82.69220263882382,17.595369393573822,24.4704485221227,48.97527146601885,42.616908421272804,67.55028002873217,191.29428699233958
88.67612565764912,13.458777895691398,41.62282804325743,67.52221665258494,90.33224303916734,15.696332918257305,240.46216557880422
6.840413861327876,15.729014484264559,22.1511297268465,47.456286502847355,69.55848535588186,39.09821245760368,104.75183201039648
89.57583789176378,71.46121003455434,27.331392452000248,52.63205957158785,12.258678358349794,5.393810447088643,314.49243531687324
13.439873005919756,16.349127844232157,67.2272190468532,3.0598081413387934,89.76091551061215,77.17132560529521,247.81978583494367
11.521598973100067,26.570763458811918,7.715139883578637,37.51960897828761,83.51273725519209,3.1167487888507983,87.80854554145981
1.1986580429208527,62.40123379697703,84.1618078632426,25.230859774351277,85.26945941629009,22.415894409767866,378.48654922660273
82.15715596484642,84.40459367327898,34.84680130729819,71.37767905623005,70.16557168956119,24.49508679190968,355.50674723329894
8.795296470690117,74.1442564298499,23.36065948174173,63.57234636990158,66.50366940355798,32.76425560231807,227.16578777561512
75.94179543088629,60.68651962465271,96.43146596256341,7.198334191316002,36.53294791977283,97.49236833831968,486.609232567882
39.0852436584017,90.63896091685926,9.151445632851086,3.750111218085772,40.49910329112867,78.84846851080273,247.8175023906735
72.86252052353048,80.4288207014261,16.532639347337597,67.9544523794128,0.28624797822101034,64.47058760101568,283.31807996839547
43.162708809822604,25.786159074609493,62.79931190410951,35.23076900425644,13.433714602075808,8.104980474198486,283.13296267137014
78.57476430088064,84.19153052821167,17.84433355083772,32.976769612681046,8.528761164372622,56.75307214012032,300.49082600981717
11.686913179589753,84.05315710138281,94.79400669215475,27.738844884350243,30.21909896295175,86.67362634941692,464.1752474588196
66.51547770907563,90.70817402370817,0.5354476119115992,89.4696448832041,8.564681155560393,25.2516774611395,249.53816859222675
77.62011415461373,88.54659878807706,0.1946053229125,56.15193782502285,1.299996683483673,51.3389327038928,255.29712769950535
82.70819238163509,33.62392561762086,30.680952854444055,32.87831931330756,7.889010313924794,44.80662718772833,241.99890218020897
63.13800661879824,28.484273687904494,52.243559468408286,13.259486627104355,86.04379753953899,73.78114929500711,276.8372323998321
56.03043628352714,55.42417350070684,41.15769914663201,85.4649590510607,60.60233914143222,40.844328851264855,290.35188072483686
3.9614002777501156,34.388034021955235,72.76273269414196,46.39286568391297,93.2149987581875,56.299024145682644,291.02566640408645
80.63968767248826,3.838557151539368,29.620938677064522,34.97033254173919,82.0052901099401,14.790548658194268,177.17961800676056
56.72138770307404,37.46451319565479,63.01969902907791,47.39155740364275,22.017947035637153,41.9358116740578,320.70951118161736
83.05480194766768,35.0875004877792,91.7909047657309,74.63244747127797,79.55312586689848,69.38335750761321,428.6025172204188
39.20840928123934,64.65985674632716,5.803489338346324,15.702078090392446,2.0543835380182562,32.58458987223566,185.93859078893263
54.06563356339979,84.29536799030153,53.76714387478516,52.10308906372423,96.65189329060748,56.61228883771147,383.9578011683583
69.469026276231,62.76916929498474,98.37467527817056,1.6135375197608437,97.28062910651862,66.16845532857992,490.13139070071213
15.194387892783567,16.22637123560149,64.45149175970558,7.9476495572560975,95.95315686470187,89.46716167931503,241.0016056431033
57.70237288249103,33.75097231573583,46.7555120389943,20.71556212341077,17.66256865235878,8.38570104056947,265.47085363094556
0.8579744038703541,19.20637063500782,78.39893594183458,4.43320617487889,60.85525478989884,74.01211644542782,274.46752349938976
64.7716194898517,99.04148143013181,44.50158349793375,11.621491575901432,32.714786363209356,65.77963166850714,396.3593328439166
70.68143432166218,51.67576373930487,0.5288466771496414,12.204360616223875,67.8447121526453,30.50734657865528,175.61950183172084
72.88405481285265,93.18300063543087,73.64726608572907,86.83167708030413,3.4735678543454496,25.037199861734383,480.1918543409016
21.588321997041902,94.2756929517247,77.11734529580777,36.215829970733715,78.11227130882436,81.3831125491391,441.49174378791463
17.606603424523627,16.475334456049662,1.9429855478665825,1.3188436138103943,43.691723761883814,68.44013766703976,56.3862289802227
46.34463561187685,0.7018225294154856,2.3548972913648103,22.935360274203465,14.553768621961016,89.82764997498255,54.81297254480226
5.871996859613837,52.62857222573981,8.803153231065842,34.99938972657334,87.15648328602299,7.286859305391557,137.538601004291
84.15875505620835,77.76696161609041,66.4914218162146,98.35002002459787,29.816868854861667,35.58257701869617,439.16694373703297
91.99396675974909,80.54020256771688,52.55934828690349,53.71166849390108,76.01996644233772,13.872873948351561,410.7524167558933
29.7405503250856,59.19585716742396,0.20459433371579072,40.70352449507667,32.480448950170214,14.246472005075095,148.7460476610809
2.948229692235149,79.33900838065071,93.66413029289198,78.65420185311675,94.89506563629834,18.262022859276517,442.61863733221253
9.898672112566553,68.63249436171269,70.31518573655414,93.16167441132801,21.754204629156614,42.969300768028106,358.1092180456543
95.2892158986203,42.73269991996648,12.416681686814046,56.443876336868584,57.207819510075254,68.60036855298469,218.0046607989954
1.3057532473225386,95.17229693715788,54.33667480984536,69.74766086752321,86.26181681766329,48.87744228538884,354.6603715511744
89.06084127852463,82.46584486245985,5.58219274487085,81.03619037409176,3.9106372085467744,33.119102387808574,270.73910923805687
49.487094498353834,29.438616026080332,65.5845548922966,2.9083677195915647,49.521864681648594,6.901023808645446,305.11799122740433
58.922872618319,11.339123060148026,13.95273265530037,74.70665680481136,0.14903970406952016,48.242349081806466,123.45931670451616
57.389123290460056,29.804969066008436,16.684099518208573,22.967462340427048,93.66632490012117,80.88238476845119,167.05135997710266
69.45273944460249,53.760483113165236,22.44812420297906,88.12446285193361,12.83783720002546,90.36031995721649,244.31807827987012
42.05977318867961,6.821491246278876,97.30361579852183,48.490513810761946,63.7374399884276,5.92647401582298,347.61360307680286
20.195878239447506,36.193343846373814,85.78111033131266,29.256577191737144,21.340968170023235,68.8477388413499,349.9258969261331
10.023622714530124,29.236089044216882,1.8034936879210095,2.2319436674374193,47.57935659187845,30.911024766916395,73.90628186672691
16.52604981315062,61.13642171893699,66.01186689533654,77.42247028938856,54.5624953858186,4.802057515337987,336.8344939370342
75.86049836137116,67.20786106886398,74.22961683430623,49.85316859756528,40.891858017694915,17.906377410841866,432.9650710020178
4.740287620424977,66.4144521297642,23.492748789954444,82.27669290307166,60.74451416462099,73.7454559661211,208.0474382498167
44.29696671648939,97.39232069051711,41.69303625450221,87.99573860494507,43.43919400938127,69.96187681864285,364.1607168610302
4.05144767582668,16.578402027235118,79.75488198606259,87.82852552363187,1.131062962088969,51.179192097824625,276.4728976884847
93.79596173285113,0.5350368381051074,82.66604728231688,84.56292408869334,90.70783828253201,30.29777451078761,342.864177256012
34.25461132373684,65.10850910861761,69.81403002037588,58.81504864782791,15.395353066703022,7.398376984592647,373.9137196020997
39.180536609942216,85.04230868844333,24.088090182664203,97.20763777037965,5.482798840602032,64.39860789741789,281.5294245348215
75.83185385846845,64.88284689215827,22.173915190020065,20.825877420186444,35.34093430850809,52.3697886445483,272.1192932128452
12.253565313960324,69.70454235224427,80.41320508762027,66.04417544488928,55.86284224132678,1.8360596263158446,392.9022652813097
9.123200436141355,90.01876518437878,47.48100217129102,56.53495201985442,23.875727775793866,32.74486094080128,331.603737318772
82.67592148530302,55.33001963491522,38.84402457013281,93.4957310489858,30.160797449150746,76.85633028890967,309.8680344655319
60.929850504438534,64.71398530718038,81.33548215994249,28.226765942692822,88.62105936737551,31.22454076392801,434.3642675986267
46.54153781961401,8.503765847620393,57.985592497248874,87.95923240928886,84.93591957167425,65.84909479521784,237.5058470066014
40.52903760502834,74.10876953749795,13.189010712110782,21.511388106065453,63.75621612885779,13.512190322862494,228.31360881635658
37.13845126066704,71.01830103093224,82.01555148903206,58.61354116150611,90.08100240970663,75.77213726292345,425.22170778962766
72.56818648503263,58.46001135347828,41.56050919937386,26.704798610491164,69.81221541702841,9.985309922289343,314.1697367901108
61.31075163114761,95.73001652559446,79.20554616982294,6.21657995432331,84.43778467075613,90.43778021446882,490.3874231918054
31.669298225653275,65.06269768590643,25.977157387760307,92.80793966173619,49.11684969042399,7.986309264101299,239.72616576074705
35.63713805036745,93.67702927371812,92.241973909581,59.13152643703189,66.83990882216757,31.27429041300005,499.7171183265467
52.812760399797796,52.37368586922688,58.09844750820646,4.350024991292301,34.45630738967137,66.27716010149784,331.85547466287096
89.31758589902056,58.25134047660392,38.28245358275796,55.09169319779929,80.78353956411955,35.7574410542296,320.66762760050227
32.68309973068008,7.687293696820785,48.40695155382985,43.5686254491913,40.25693984143096,45.722242835259905,193.27854178581117
15.210331392017185,10.050185299631698,19.04772652221999,67.35829693514042,6.101472994225254,0.1644291639042117,92.45388155794055
50.147442680045394,53.48171511196135,20.650294279071947,9.481102640020978,69.2040796673307,79.65824808773357,219.06175574118396
86.88726072223069,80.73847805029388,95.48694071967144,18.94477625051334,48.067379311033264,73.63445051444597,534.8250389818327
18.900747037401644,78.19980174337496,23.894511400657336,71.35898328200908,2.703016638500666,83.67955479668167,246.98388472612356
17.876521395348966,25.836289286887837,47.66755737414169,20.475962939772863,13.282602154008439,27.72716288926714,212.5517720915497
42.05012550346303,34.74732003478955,11.599842576661334,36.94890803430806,90.95061223135362,27.711953768660823,146.34429330302612
19.436939563334278,24.802345093202117,78.52941639313195,6.019799500635925,82.49869236305149,59.75239908862595,304.6298789291344
67.02391520087095,4.386254619528285,98.55572361141756,15.49080515566298,77.62422519312099,63.26724029491908,371.46359527418025
15.259646762657852,92.11652338164986,30.005762683724736,26.873968164610286,33.20469631011519,19.101437746614515,289.5099815771318
39.67935979793621,24.97034609477362,89.81257022142967,52.16598517265696,85.3079714331693,15.665615817267097,359.05776265177246
95.41807177408161,85.27140594684248,61.7523231676356,95.80921468297694,29.358901649718693,73.64223809107816,451.2178531706734
28.846103405343992,30.614500610271065,80.92369884624806,4.0648875145675945,50.76457684680844,14.782414597955507,332.8462011646303
37.6882650031797,54.66493585857627,96.33881008285783,53.66576783281509,82.07064037329602,57.94803941710212,436.0345669689058
36.78097027765803,44.90930262734747,55.86152462748949,18.096199541864365,34.02439347713898,48.520263845147404,294.18414941482143
92.03725674434413,36.34329902097942,60.24548992370722,56.46871106249709,93.33843426112907,66.71074839038481,345.46032455742466
27.122743972796957,11.68634601633074,57.897936812893505,58.4661779594191,32.00141106760045,80.72716529622413,224.18924644413894
13.627985749635506,41.37511155873752,47.370760415478266,54.37276432059832,25.126597342863434,75.14762460224877,238.49049011354535
89.92401300504423,36.10969139084431,79.53958922923286,15.438955101991404,5.959383549198883,79.67570420786949,400.7621634744314
41.115075472310934,45.345135734060925,0.9939561445793776,53.766404746164156,88.11319753877088,83.54171844696707,134.78721537417093
23.200351929924757,44.51317908418086,10.284531610375847,8.045683679971127,82.63947055935574,54.48796259122645,143.080304929414
50.3065326949135,28.03765656744407,51.25084494899629,20.75983594056402,18.36800290726407,95.26364022981426,260.1343806767905
42.17545673577683,53.92302002052348,95.51749813224104,71.2424008550522,11.22408707543917,95.03534383967374,436.5739911735469
68.44222545786887,56.83678371671254,58.16764284977898,98.0508162568796,6.019926347569604,46.70419228327071,356.6187214406309
31.014081676047965,71.59944891526554,96.2868378116946,92.72352515231029,52.54991943217999,55.86200180445614,463.07349294166283
11.390789608577345,47.70289911123674,95.1625626783878,67.80687229934924,57.64911896741146,13.504492673731628,392.2842758662142
27.322950305319903,21.200865211576726,98.00697940761519,36.17992727624549,43.09633169054258,16.57512345624621,363.74561895131893
4.992344367441348,74.79156326589819,64.66224249224832,0.7220321088650339,13.689792006546742,20.302179680068775,348.5621983759827
77.06305766688415,15.318397142738416,96.30594510840014,56.24751603199177,14.26373598271946,89.91482280954112,396.6176872775614
72.57525481075918,33.863168792684014,66.09370449851671,85.8006391395239,3.5555218452997583,80.91939523064117,338.58270589167734
16.755077430798092,64.14833443184594,90.28840335104167,75.72440227069583,57.319686714470606,34.36094524787667,415.9169563476149
13.350902330625603,95.58870892384401,37.000700508156505,36.69041222375644,4.499619024557122,92.50020338351248,315.53042170278314
30.972882164455072,26.964391362712547,37.41032908392168,57.84161478413795,6.1288091875819735,60.65362596885079,197.13265214164522
60.94121411458405,12.68902708497266,60.39665476836613,18.531421117997727,75.39892068445717,0.5621987884646518,267.50923258962774
96.10844107001361,76.82136921482842,69.96229749927409,65.45446556098177,63.395946912959765,0.9989477752886278,459.6380719974927
97.71952671021971,69.55196183939566,75.70467052178283,34.3072098695314,63.70013215601793,42.2590301678849,463.93746195435955
56.25465642070554,59.56623352140458,40.83408628819611,54.978663999589315,21.640135440898987,36.000615121378296,297.889382328103
8.946061830090912,84.55382834127172,46.74833308431461,51.57874084398285,32.6936512573794,62.35763765485751,318.2987177655782
83.79097647631872,85.75218593457964,55.78412931226161,5.727281249527383,27.480391065506147,47.50303032678875,422.6477362822628
90.85515634231449,93.76869917514374,28.245327070498917,39.251512900175,27.080549375711815,80.51601343781137,363.1285359040987
55.86991461981523,98.4458585553366,60.86310106391164,35.01176219315268,7.052484127365255,85.5507864580869,435.35093492222336
78.90211783875789,60.080995416727504,32.11920650734861,19.6705780418429,87.47422951063065,69.40433198882263,295.4217281942587
28.49085669780257,11.187278486637918,86.9417011772702,95.95213228118588,11.48920199983301,4.563986154544885,311.690517202889
36.303365991241854,63.92393269037515,26.682875383921612,23.857837960480754,39.028952973332196,81.04434876633924,244.199857523757
12.210856865669006,8.506742096740949,8.46851727918324,98.39865944611994,54.38490695508622,37.59849904693644,54.629892896700625
38.80432041270689,40.94835712057253,5.360670241296428,67.10045496216075,15.813362961874855,33.44893037454938,136.78304537774125
47.78037699352274,46.42235253732901,50.63455640805219,33.69920365096931,98.02840532204242,38.20461332102768,292.52875129233735
9.285264721577157,37.883601389636425,37.10417560987642,38.36878419871812,40.84776256249166,41.22570805060221,196.36499433047928
46.10522018976425,82.23642434569265,78.04691531609656,21.253537335321592,1.9264857166016447,26.91723168767609,444.7188148294392
95.36617482519186,60.68396214358687,58.02023520261332,20.18675006653714,61.89976926179585,42.26578687988371,390.79480472020555
94.92417222948546,1.7185405147110089,18.81475356139779,28.877961179052956,75.75375149940646,33.80519312080522,154.80551394310083
44.59734096948367,88.76147919109603,82.96783070699821,25.59711018905957,45.18374593015204,37.970541015494504,471.0237914726704
44.45518653200795,97.40754417197867,20.626545863253533,49.96056227571404,79.35264497364174,29.776871544374007,301.1499124657259
15.123320290110321,25.687699542059473,6.993870397693147,55.758621755671115,53.03516948778877,26.676507709719367,87.48033056730871
66.00116192274346,84.28431543229122,99.94840550894996,48.21947642329886,84.77083519506407,87.48371598459683,534.4150093141758
64.88360511647457,50.204126229781956,29.466121868995977,45.48160111842139,77.43186246393249,69.02046876887721,253.6902231830264
31.11971509845578,18.46169294562291,31.89899329460767,5.583583894635968,59.56145786159707,7.682953391873292,163.74008087352462
89.46411241347802,21.713148619126233,68.62487521830107,74.65293024326665,68.90986583208404,79.9437848935156,338.7650353066337
84.44959115241879,10.807417701047006,36.65733686132576,30.29707400404633,46.684913019424,88.81519044153696,216.0364371384901
27.63943885572544,81.6282054949396,41.013163797208605,81.02112346722421,89.97239668993808,94.86714084018647,313.9353412372305
80.6496362086269,0.5605454890112549,48.43568053242559,0.806339997584471,4.339296096174195,6.32216586688047,227.07776878392622
24.44656655827082,76.04399200992312,58.858658628367124,14.206507307820226,33.51625411485105,7.27385435240574,353.11052646321843
25.144547849915977,74.021252508959,5.100239046090205,36.31971077100103,28.909727753643033,3.874469435793526,188.48777000610457
34.306496938606344,6.144597141876728,48.968654000723475,22.071221572740196,80.1006908146684,21.52191260568228,193.50165322453023
99.4849171332467,80.28857541436149,70.44852931707598,97.13757029102665,15.965192028515984,81.19855771597906,471.4076559131976
61.261071971560725,90.599391714631,19.06280407802532,58.72816724023973,23.059638316633613,8.16199802027625,299.6482676348987
65.11730755079806,9.790036905860111,96.95271612470304,26.93239975703503,17.844754761438253,92.58691541738882,375.5555297366274
69.81804898488252,98.90363292259823,91.70659663632354,48.48763318796516,67.50890176615182,89.3707286883112,542.7451047390496
24.223457151618867,61.99176828105654,54.45421534863046,55.115378815413706,31.863301829219147,46.44478054784214,311.5696397596233
58.19821089947921,86.20268647276646,92.12179339284793,31.93483181614939,8.225754930134299,19.315404267480563,506.9689640235559
73.02591815808711,36.197162368447465,89.84556563225574,80.25812038622617,0.5302285634925963,19.371318386799487,414.9569397917493
65.95414941256237,28.5958540183336,14.13836985212833,59.10110897206336,12.179120685129597,58.348586371756475,165.56096700561454
11.570785821633866,33.736697206056846,44.20134041861655,55.24525842978413,24.41283094200546,68.29275563339476,211.64820148959723
89.9810977543413,23.247806497505152,98.41576325875312,80.33613802391541,74.16433781785558,70.88782492801906,431.7240005256109
74.48637207417123,61.121075080060194,37.120703171338,91.41553607658767,79.38932431251922,41.05940693963518,308.09063174830567
6.865976232184123,79.84266016680111,38.79951193178791,18.007912280264872,78.54724385359033,4.667960891359025,282.9498323611501
19.58005819946026,71.8743244430201,33.21993342975878,92.40611953629715,93.02483100404716,49.68814670974169,262.9885073747768
45.321592676031166,88.99775874798532,86.29266680547755,81.55191404323357,86.54814702183367,33.76035882506857,482.19511058843443
55.37374770369983,79.7831031922257,32.76407578890953,18.746930157436136,69.6668707696953,81.07636276568232,313.23218145487976
20.128749858319217,9.211243681556958,45.60960935919878,14.660353641882995,76.79698591060118,69.33555546561182,175.38006529902947
4.791693434777833,18.192925600840702,77.35263147931258,71.45871328928321,60.59517796469647,77.53299131388258,273.235439074397
28.559750162743935,66.74957354297167,56.64322508496306,36.54687953932684,97.06679593726328,60.60276209773183,331.9885725035765
90.20270419249361,8.751568320305914,32.37496318176144,66.99072072992573,54.17398516675003,23.866694294831547,204.83073037838975
21.6825868391875,12.588127827499685,22.414641984032713,59.24175790101519,37.14337293373045,23.69175122538838,114.10276844628501
84.8820542038891,38.6444933117149,0.6269357674915321,56.790822024533085,11.443178597581005,29.040903149410703,164.0518481297935
96.24592044312028,27.100078359814496,86.18802679144576,29.76696247311671,6.714771238985174,48.44964279103836,409.01015753708657
7.696680857470673,27.886572542285027,36.031015484733295,22.632922922387344,94.94797451692114,88.5498270450532,171.5628723962406
8.020663149317041,6.645770950161056,73.4211989554281,59.8102325646982,97.9651293328075,42.207148961872406,241.57580191592342
41.43053054290363,97.62901031392101,62.827892761534684,53.53360491823824,32.84513525438254,58.68917938576548,425.1722294553497
84.52483371748752,6.546869505516151,99.0861721954677,66.16161456944816,30.23301648047928,75.52592436584803,394.8770893149229
30.655214229879668,26.70984360157218,63.908437863141124,81.67194673614911,26.436904934935168,65.78983416522294,275.8002150224474
13.984078453988547,52.13651931500939,97.63188558640623,52.69560180546835,13.64531625088249,97.77055624366567,411.152773843226
62.41441287734465,6.820945034130721,82.13060357255308,23.18344404415592,47.27225421544197,12.252211237132016,322.44811366326536
8.18107227425674,63.658881031452886,61.474818893541375,19.076463254493937,30.063462578464573,90.05596315783706,319.92329101778665
52.22871150085425,76.68399158489918,80.5166594877114,35.03110265876677,79.81819470509706,26.863637160813305,447.14667313378675
79.52276991336532,71.74835440817687,74.39134301200036,82.63389626978112,12.97957804966099,19.702805118518206,446.19350776572014
49.04091557519832,32.52237230042782,31.151914210876264,61.363682563701516,47.44227740439797,39.40057865921575,207.54140280868273
37.205277745525336,28.0508910311836,98.54901267970013,48.00072169249496,13.175866416993799,53.79066942448863,388.9540978469929
35.71006423431557,75.88557393229009,48.40689040795404,1.8531816336569307,13.06063340270227,38.91205931706032,332.70188332275785
93.78187513068714,40.25677949465586,18.152244762085722,54.12376239418302,64.01142237455979,79.73078598765501,228.752168406256
36.52574252527757,70.52707301590824,49.78067403081901,90.46065609689671,71.29421462636348,1.3501775920951475,326.9219106495511
81.74051564426973,82.39637437864799,58.79116933630333,70.15370590883366,9.126337058853585,67.98702818513911,422.9067724104757
49.95250297605581,37.556331735937455,17.21393146941741,25.91149422904874,46.339165671521464,45.35814152883351,176.70696085618295
9.872914419112966,49.70721146416356,89.57061537091819,0.4891731850512504,26.153841947884803,96.15604785041421,377.9991834601947
3.427549362398463,22.479998287702628,43.14593067680788,44.8683277975471,78.99553598027993,95.04578666441279,177.82533796822736
41.268106449216624,42.71303981101201,74.9596062965489,94.89482475024231,72.70692793449378,34.57437768864053,351.5730049608874
77.52303266560415,19.01696661781388,78.89058938175214,75.37173186995648,27.41183823728093,95.47704717246337,352.2287340464883
48.689142072700676,77.3622741697258,75.03989698418869,42.13281086931683,95.45672221172879,71.45236019292544,428.53338136471837
69.14770352699553,32.716463017166085,58.08244362638173,51.57597809946767,19.091217251172488,40.363419551933674,308.8279604404729
98.89236251611278,27.15546860910123,96.44546687926191,54.941447548497855,79.54567226112218,30.241852889561194,442.539700372101
57.70083383348884,12.427857650698549,44.9941373338911,11.139050622308055,76.56829271831397,32.10195455288425,217.53896113655924
35.12449120534716,9.148365994702147,71.77309045914951,30.46450113681218,73.87934222403216,3.526605344995648,268.7404945722
4.204687094919524,69.56546562194717,56.452888367296005,33.8332604021883,95.90401208904964,1.815860219976262,312.6942834407019
66.58356019804963,28.549197995086818,92.60743381323778,93.37900257241834,8.016431866549922,96.18131823987235,401.50425762793657
51.430031330315785,43.88106451564756,26.88410099264058,14.0247143158997,85.75914544383625,71.45033136163,219.84446333953264
35.055431295796666,96.33585240476134,40.54237978228426,98.98906714648493,18.427412184345993,35.8773675216659,349.35427545217215
2.8925428199858882,60.10147728899716,28.686113187677144,90.62703715511249,75.2952998217446,41.24574586919636,209.15383696101165
12.23854100502062,30.900631482635866,51.693597848508745,90.44767909701552,25.81792996490101,71.22021580349454,229.1205975158186
40.33615373045827,52.30800220448464,24.690836358021496,85.9667027107183,71.51566738840039,34.05491293806014,219.02466721349202
86.4451533167856,48.187292728374196,13.185596847458058,68.0379867424092,51.01395275756677,36.885617920987215,222.37652931590816
92.9327284415849,12.329101154521949,15.890846693489314,29.70436199779971,90.89592815698359,22.99056426684927,165.26347083109675
24.41832706472251,35.11715878726762,24.95986848605708,39.09013013304461,24.581353704990605,21.078668646870558,169.53225009742897
96.91572315473931,44.687181889114804,55.914214329385146,65.53865949126283,6.269112138505484,10.78382570801173,354.0327299211243
42.92944703497367,88.30804968715886,66.98890785187174,74.6292188166618,34.90346627770434,23.471849428492185,420.51226996490664
81.7287491525415,83.7849693968534,33.90422175754995,56.875959085409825,37.91637950441088,18.003963810622846,351.01135321889814
95.62209181565605,84.17186380683752,90.59428144747315,3.244525549005839,70.86589927365993,41.48523198532585,535.7486637717506
88.00828002844987,49.036353347347784,79.5118166158233,22.98152097335485,77.67908488334935,72.93416641638358,424.61643657061535
73.2436354408395,27.433670803077682,3.0550969792077387,23.939585990285096,48.598686373500996,69.35401932171676,137.27626798461807
63.83295041587097,80.54124958097849,17.63448346697576,49.3346241165665,66.64567793768148,78.41772885106359,277.8188999787552
29.956910682614325,2.947162301697015,37.05659662160418,17.86734443320008,66.90161780772382,37.88565364506752,147.0210251508209
98.66028028391003,11.673463683601138,96.33599733297386,24.99224873684365,50.580318972150465,60.38347182232594,411.0151996500339
84.84994654140957,30.38840883027256,90.76681447118841,83.87407135376515,13.02938068487942,63.14073473657763,417.92720761551993
39.234841770676645,95.59512749564475,29.057253478818488,65.72286913541369,12.748379683454548,79.02881042404995,317.5968571984216
6.062603608350193,92.99180664403782,90.44255228556261,14.670281014809117,39.43896693431556,9.479043026104716,463.3738737531137
88.4902060317615,10.230778910040927,31.779212684568105,84.50400930387019,31.15722397276319,6.783393198832089,204.28940190554766
65.12471355203121,79.94926810336342,65.45418636361859,69.21641867342116,52.90248650651461,6.493987879953522,421.3858088496138
17.080337541126166,20.628677309857547,97.2247503882684,70.68421997890295,26.46903211990156,47.19576268416087,350.0119433256465
51.15111728831066,47.425561268007634,35.482147730456404,82.55562989480303,0.0644194877624571,90.31579596983876,252.44868301569514
17.664263880263352,78.90656151984611,31.48696338506587,35.692169686856836,57.955605301625944,85.78001701092768,269.93827707515317
58.464750192445315,65.34992979389362,91.37611797040381,86.84541243158635,98.07303093070779,67.59586606452092,463.292963691444
4.4312739128813945,90.1234348806817,83.64731691250111,76.6325368698596,87.85348962010438,27.629011698238457,435.62009441174814
7.01974929647492,76.22597650435111,4.78134616624204,96.73454800244517,45.34150814574488,25.191656090154368,173.81574080390325
4.592058865437155,67.43867073472202,25.997747006318328,99.44052270640297,69.34091414435937,87.24513791861577,217.4626413538362
22.672291378311705,48.15896010308265,27.12472489946113,38.50119208924744,55.79515332381845,30.15357409757311,200.36438628286038
4.674574134815501,41.81410813596277,91.40663486809437,30.473706677162514,20.09643918546041,53.55925995133502,362.52269501102415
93.89766269424204,57.13161435005314,35.91654991949517,75.51253146104895,90.13669404071678,83.07231436099828,315.91054115283384
2.4516204065076153,80.28445099120121,45.16937906070764,29.502081845988993,22.012398679789957,57.502918773250556,298.52865957103296
32.97788848175224,83.2666461869307,55.56220654767867,2.5860074864031413,9.712654141284371,3.177178453653773,366.19780049864966
75.1904727193984,2.4657560100997067,61.360000351774055,98.01413173282394,38.12453538034084,20.768467380446786,264.20198579492
2.9849761740696534,52.39610542796434,20.991233092977012,48.72652787555673,52.48940903207625,35.78287909050331,170.75088630892938
6.653140682336611,67.4913163260498,88.25108223887747,54.58881260501103,60.18255183456107,62.53627430087852,406.38902005106866
27.0605995331745,97.71486011654574,65.39958468296987,41.48376008305444,26.448394621008177,81.76441895837256,418.68907381517556
18.88912197081025,32.95885272014895,23.795055748635153,23.790339140388273,94.52448335701625,85.96774581583698,156.1919946570136
73.54391334753821,56.627404842989016,98.26411871852022,46.818003599143495,33.385687262212706,54.69662478016628,481.59107918907694
30.35081301916769,63.74235673724095,80.46068249793616,56.624734739422586,60.03119752384257,58.15736769267805,399.2175739874581
9.424876203928168,55.104314296188726,96.5266570783073,5.8827257802159245,75.65197210519838,74.12698176701483,409.2134760312275
9.224998419686592,91.66655470428834,98.89431148951992,69.05411385775233,9.925489598663095,36.00655325611227,489.241042296823
35.40128654378767,65.94663587557011,60.45825204449974,44.52640958821574,59.79470513453814,3.157392977331197,348.6693144284271
10.112137390901378,97.06139280726481,71.92631961388494,50.39668561052517,99.04363370210059,76.12659628411365,420.0138818470858
58.49352594001797,58.313579584643534,86.2025388868921,32.58581519973179,94.36500372608234,35.09260544234484,433.72830176998133
73.29845559035473,0.10860712648879112,64.36888174884734,55.64752940771614,99.94543034533608,99.39755689435191,266.62231508987435
22.72175178934337,83.70088102341286,79.360366675167,18.187355717253062,84.32766545319707,27.3699813488545,428.20461386167005
28.854076896928248,13.661812860875234,59.852035481069045,54.83719467740339,24.842163003568064,60.20443840660023,235.73380906188586
4.776095207070908,68.26424667874255,78.21618419165335,57.292778338156836,51.563423089010996,71.31738336783438,375.9531411395161
82.6538190727814,19.86623036622177,33.62076476940151,68.5022370310573,35.81009400078513,96.64155802697596,223.24857411342947
89.91118260590957,2.9643160377043953,71.3198959481713,0.6199051253665044,59.87835305820129,73.4929603943709,309.7995025258323
68.15542859344956,90.4235898867784,39.766603813978705,71.17380033173988,23.120421100738685,11.120532377887349,368.3024198089425
73.47207978392977,41.46661467064121,82.12625073247852,88.83868339645385,93.73615174563771,8.442649946935221,402.78406132264774
26.383396402123182,74.74234814618646,12.79307486903808,94.49741172235393,0.7549301864463787,50.8368261559683,214.24731730161034
85.5095553387219,31.062024858086733,53.257034463185015,42.587358815724265,32.60475224714232,83.6682309302368,307.4047084444504
27.054791798254474,31.482844532860042,16.715001042042687,8.17919578057058,9.289846226512088,24.44436940071365,140.16548399010262
9.868320731057768,14.08025530017657,94.68968608826623,16.373090856870963,77.35952103342638,35.43082649061427,322.0978895962096
66.14673736839678,77.15158488867783,30.067585873080617,0.4106943566655863,29.318611821596008,5.057240631547377,310.65266476499426
64.9327018476762,46.35093058071812,63.78919246220198,14.815895141060476,21.611122607627074,48.72174164600238,349.00214039571836
69.44352183179967,70.41834320881799,32.25186491640597,19.756586584721525,93.44771116418372,30.341979531579767,307.0358029986536
30.8899644039778,85.22385842058618,20.58840800295738,45.96426378462122,19.126820230274145,66.3145956173187,263.1029052540223
97.71459996060557,42.7243485050377,55.56896098986923,77.69654846386477,41.637834700357736,17.98360577235153,349.87017994028866
47.92231705841824,2.4921393854866913,49.085248719483765,9.555450042637393,78.68986916235151,20.26970892175336,200.16234198784292
87.16299345497359,24.519277489228784,88.09634136439233,45.09462048145597,93.27602762329434,69.2029619418099,400.49057252660816
71.164362274267,77.26872135502586,54.56345489746148,88.11280189811515,19.79234883567862,84.59376591148639,389.39216967670313
68.64690466871728,2.1094090724746217,55.23504749968511,6.82637011367021,9.85270937332643,34.27251024308383,238.57086531272188
51.563597322179334,20.44915714362725,38.056940916432524,25.667206401166798,46.48261760706086,9.964745542186716,206.6327343587314
90.91562827655852,72.61872502678641,72.30767430628212,66.62628178482761,94.48076144186857,62.122272160362776,453.0761012489777
16.95728818327169,75.85023774327257,12.065981491808497,42.65908583391038,42.48934520194414,60.51424558365922,204.85570814524232
26.714136073118986,43.9593410117009,47.012617980035664,18.924744881258714,18.732125846073412,51.14711376301888,255.6706720366278
54.729878455091196,33.44627190651504,56.4968133154688,46.222071661538486,58.419834268601356,28.61624124081955,291.1128622145277
66.09898878408877,52.977167226005726,18.840933754699574,26.02610577686213,83.3806916298564,60.221106344691286,228.57612450019894
46.34083612507636,77.3318014551733,20.534480794849618,52.568878171935715,51.381165601566835,56.46344441000507,262.6078814199718
98.67149456151256,48.083196751363225,52.7379148308403,57.4362283544678,7.628458568282792,27.694237140722457,353.0516325567599
74.8136412101262,75.12154784078393,54.77205102243783,42.59451581515188,48.798417209531564,42.91940096513692,389.3728899590076
55.672349312693015,2.7004184385874708,56.34223616618173,63.480103147888926,1.255312206230741,81.7912736624278,230.09989468841314
18.952393320227458,96.45546552400688,8.407593229733878,23.081487763721363,41.50509265981549,60.71652194924789,237.08610405744287
23.995226555496064,92.75079513893417,64.0613969588368,67.55700466438869,5.870994460958634,8.35210667089019,401.6810077098748
62.603291050357434,26.10875286780756,48.68361245598406,64.03614070605998,66.35656010853693,52.527284541136275,260.87163415392473
57.16512185648281,85.17636204730472,27.04284118935256,70.4627700157128,95.06112698088991,71.24743333803958,308.64636951914997
83.70404795145502,11.913745599287163,53.98189532835504,27.704858085295868,15.668147983706259,14.767827391844001,269.47722513509444
93.19048153533555,45.13298587851886,65.7760371891097,66.16582706751014,98.70746114120695,57.0731802976623,380.7845648597024
46.16503899849126,59.28263055496175,98.10001539044984,96.7133743514056,9.705345890496242,15.200252883016086,459.03034627976433
45.93648668737259,77.01485192489795,81.61150485630662,71.25554005433473,64.12575188003727,38.87157627136008,444.80070510608834
97.80180918655775,52.57693990967187,81.22402503770547,47.541934748475235,89.25426779982043,24.48193637341679,446.6277641190179
65.28007730651551,68.8623038026243,84.90857298835111,69.98859580627065,85.90301946558098,23.646364112010943,457.73040387681743
79.58930607758651,48.90186310362278,72.97514572242817,1.193633675210537,27.976379931082295,72.76718156280165,396.3184694521166
61.79564219373804,10.975178360129355,80.82446367587062,73.44107437847899,27.42914441880677,65.33409425452807,326.2193899416086
75.43402344661023,52.11034703986618,14.646535326273302,15.432733241907759,28.80225144989196,70.29862936223005,223.5943235051625
64.0835523439526,7.698316888875145,58.933053852348586,84.73094970903145,20.106104257016288,88.66305329307994,256.27934767874865
77.4609922740157,33.88413225602967,81.35950318711248,62.36436052186889,55.044868400739254,55.6327954766497,389.3077663474125
21.09199186630174,96.36543831103131,59.9124125390121,52.6077598707391,61.08139801660629,79.97586065266587,393.5601061054007
9.4883444280908,24.715745316546823,30.356842819174148,61.396435958567906,55.21382293016297,56.726202796608874,149.99036351870689
77.89586058042882,29.282128767381256,41.466099118181674,82.91325432347595,37.09049149244711,58.61132319740881,260.85841546973637
40.91299155938919,50.44762124067462,59.014189844638224,10.769292974856558,70.68751192262184,68.56555620314023,318.8508035746531
41.38471488114936,63.39821727313899,36.44385760058648,61.4987885008,80.60642299412177,46.83565439895768,277.5127222291868
34.65665052284316,39.73151436213802,65.38863856323806,80.85792691507574,67.4511966969818,66.35749110970106,310.2855949368334
12.175132923670374,37.96432845386959,88.80321178879602,23.14236527962221,14.982945268750147,7.58269800039818,354.5134251977976
6.122360212665246,74.35334893213046,45.237092070404,99.34635076997573,7.034598502655188,85.50040587140735,290.5403342881382
90.80102554127828,2.986942739309306,67.60423610495526,78.84016969709725,67.64091394949287,17.407338503472282,299.5876193347627
25.28727832034101,97.82578570826456,72.42515521789116,72.14311482621886,67.58351996213881,8.64296027010758,438.2143153905436
69.84880647939026,90.69083687841523,95.65551668189465,88.55451167849303,24.585853371487755,87.07581290819381,538.1970302819047
71.1084551591154,37.98271138247604,94.51057900590256,44.551488633008304,43.67563982926842,6.090814780636888,430.6056149417751
99.19254492978234,98.46728599153563,87.73014483159002,38.08211165030585,65.65798272207387,34.11112865168149,559.3175514076237
46.3439397591372,36.51696950010083,32.023649577413536,14.7274313333699,93.04157748500812,78.65526811211029,215.44882749157946
58.84756439117198,74.93096455156784,73.44634076144733,47.16372067093978,57.90419805857409,50.38139808940451,429.04851577864963
81.69247117405199,12.48461072435736,98.58010487411417,65.85293134882541,59.77796246810879,51.744429883259755,402.4020072451092
93.19914591542872,70.72798635746402,81.95808626453034,1.2880662395488907,94.32482460379406,93.46336085684435,480.5293774239478
0.8307027878371565,17.75605833954409,59.450483544542564,84.72188559755672,86.940103517842,66.07963494769022,214.694270100553
51.476422292241445,32.63208895951466,89.52695851521605,61.85013025783871,46.986253747000696,63.03292642186295,385.3214757569189
82.47772123513553,70.22651754558098,18.573114856973117,82.58014960723347,36.5776107152767,3.8767885097043875,278.6501008972168
42.32963004367958,83.23547094672952,76.8470749068681,68.40588761682179,57.103784340543974,2.9291227994727387,439.3417966577429
42.04242172892968,75.30507392488245,68.23617363687376,29.081037468962478,62.327110008086095,79.66444581109668,397.36109048931587
45.23236330181122,39.1853219094313,10.670918001423168,2.7225466561043965,10.187375351080707,95.80731073553555,155.61576112494333
63.7100419325109,67.78389367393542,51.76758456948885,52.11191667185632,28.601943577124047,12.117374330469655,354.5805829888483
28.168633961759546,78.43665666580588,53.83451507930064,37.155431178018794,41.70620373970522,90.44211385962312,346.5454925312732
43.99997112878285,24.646028477621464,77.55977798992517,45.01726373809019,41.21959434051368,77.36641069182492,325.9713620538013
99.67785085552137,71.38653145823561,19.206299485224754,39.58968490388079,87.96625480424488,21.760021704054644,300.06981222766683
59.877710688899334,14.702290924756657,82.61960698413586,58.387884638545906,46.98327891486572,25.202489619136202,337.1411134908202
73.81913657680859,42.024302311080454,16.38469038875101,53.766972175541895,38.008444993398385,50.576121572029564,207.02181236522253
48.429671522312375,63.15477629989451,75.5720259560464,36.10571618821391,74.28498282392503,17.424688460543724,401.4553019902406
48.979656320390255,23.37710429211525,95.14528578027058,17.274387209535348,55.3230355898806,63.77902026161769,381.1697222454325
80.91022764163115,18.26654902464291,92.65938887759056,84.72800170316961,23.22299627931145,22.28922900771635,395.42149232368865
95.68992212741169,16.549261031002693,66.68925906976246,19.80485489243957,23.039427575140948,36.352475784532736,328.85622139870446
31.646283992429613,13.274140119107914,75.7665242453095,41.56429901569325,72.02772312409988,70.59834182202361,285.49413696657393
14.722323978276552,54.548822875798976,82.67042825351,41.50526442333927,22.988635246099133,64.14183620964977,371.8312544904045
81.83535564426852,19.5114417914477,28.865022224655046,29.944174187538188,46.765446258560836,47.42500123081235,207.45330590112906
64.7374053852742,10.864071737533997,72.77913487274243,45.310700224049384,87.64908846570944,30.667880915807054,304.8029534785695
59.69894332632558,86.4206778774913,28.50843800203996,60.19310680608297,3.340352790484691,58.801496962110654,318.06561308742806
68.60569021169866,78.39722014214246,84.33697494253813,28.120076743143173,64.47466492486402,72.56022637805106,478.411055323598
1.7537943366031317,60.70815231564707,55.12341719836208,51.72853870174763,94.741048806705,74.90691906771185,288.5403505629835
89.27116597169521,76.88218685862468,31.907099272989527,63.50057439145321,4.4671117615360245,56.32696598615675,338.75683750791313
25.139396962943206,70.35946046710086,74.83001876108636,15.457627535814378,42.278472724522345,10.37057894808685,390.348374180404
19.635778730954424,26.307795726753437,51.35063654800284,93.315286366944,31.09333396832694,74.1967313394387,226.30327982846978
27.99083629213639,49.56095677058998,36.38777635720447,46.302719134434625,97.23795743364167,58.26548237220669,236.27607890492976
56.432583849504795,50.13726979653972,61.06057012312017,47.25049953184136,61.761320285098485,8.663956542673379,339.8888338119448
83.77194412060986,67.78124469439761,54.60236054115164,33.20014210162541,68.91894901181526,47.198006235216695,383.14151513286
25.418511773187358,45.25948557549121,63.28016643612177,87.67610639929133,42.056675683681796,4.137548394985346,305.7779822325351
66.28442515025252,10.348489401089644,30.140955700289762,98.31244055474163,6.46166203829236,40.60687812455408,177.4042710533011
94.45593862133683,75.62690940264886,70.46384346556425,92.60464257992699,12.805119209059479,19.737835719673935,457.1012878233273
34.744441554124826,38.81642911128361,6.192734412600354,28.463661355361346,55.16075780992647,43.966719064111416,130.9555030144931
52.165562837632415,13.429719010675555,15.564135629236397,1.721452647396804,61.764518787228184,19.806067397412185,125.71740774669271
22.86894064539241,37.243949691412936,84.77413911002107,59.951897814290966,63.141900559806196,29.04831419972781,351.6792573582815
42.82136991030947,65.42513193438062,0.929231392572194,59.540614594513244,15.36331651333035,88.08535757751869,176.4593279567873
12.339729352080175,25.22012260748001,19.716911854329744,22.91279116812942,91.32781832069384,24.719900514794414,121.93071013002944
33.021739478681496,82.6854766905234,58.17126774358141,95.6981531612751,1.390535483548605,27.801459562590402,372.9064960904725
29.31413863607727,90.04865927985452,69.49014131572486,43.302206974538315,78.54628128630304,60.980741333758836,417.8818811429609
42.40903835718534,59.54809878314891,30.916444707899227,85.22621023883208,60.90574679466041,33.01629709706311,254.25457004718083
82.82689463271576,58.96275586943916,30.995823511828313,39.33589257846163,34.43322034322256,87.00029256924755,293.739876907079
99.32329101140141,81.94470962468083,53.773706656557586,31.35881693837389,6.875770533922976,86.646693402457,424.5338302304358
65.97855838010268,97.57331099450153,85.34076962311639,34.868367895185756,75.4599375669668,14.893343474467935,517.1474892384549
82.76389419583808,86.5573294607587,84.15959931918408,10.001966669634754,18.15805081507529,57.435320089410894,508.3573510749077
64.73171388310001,82.96057826666159,68.32594057421007,44.71292382317847,83.96418473090922,68.79345626256713,435.6306921390534
84.39647675202184,40.39248425159466,48.79262135076389,8.457699510685979,20.43901878772981,31.930341853667134,311.5593093075028
64.93684378520386,58.90129895092374,32.007569228778685,66.29907281454709,56.490647314421985,43.494171114957645,278.7621493733874
68.58042646871027,45.3848761310604,93.72123758349701,81.32395722532996,40.59898589975896,28.17483728165473,440.51389148132216
15.885652311859976,36.68041886160434,89.172749969264,38.33332460008558,16.047161013488143,98.50936858875447,356.7647399428606
24.5058142349426,14.536253228668382,75.67546334760628,33.69898546125213,27.713407102183552,95.3265703809078,280.6047107350982
98.24028715622248,57.768513064588454,29.935378639255493,0.27376318051329784,93.05875766965582,31.861289600527176,303.58344920316586
92.51672757345727,54.86477203802398,3.3327040469972258,25.901126897517802,12.513641177386859,7.823211682168674,212.2443837904969
55.612821309955066,84.35309061189588,68.89671133936507,6.448319675441128,31.85243254494966,93.23671343690833,431.009136551842
6.561342283719052,28.084604274959567,29.764334076861086,74.87180696159673,27.61859208258306,13.977670874353265,152.02355306422143
82.37001162069492,30.29394743065772,22.42801181829509,15.541286699346802,53.43129878764513,8.358814772203516,210.24194193689564
26.44730953239719,42.455174901596095,11.8802988386713,5.261624464292581,33.21194245925953,97.03270658293856,146.99855585160327
15.414231411524671,88.52981273575423,28.62104092025419,89.9420357129386,1.0975820293153582,95.50427337994762,278.3369796437957
37.19431167205271,58.6338621304478,89.11474704762995,77.90644296392061,87.07791541231774,51.72351845420026,421.8062770758381
54.74216706406029,51.29552604053499,7.315504757716607,0.09454568508093786,13.159665113911478,61.05223550470075,179.2797334182801
68.26399848032312,68.63554476884674,91.89653996345399,94.98242709379203,64.02181553483773,71.29155447836527,481.2247079083786
36.50875153505908,56.71603105438127,14.350731892217194,36.50577490953025,6.5092242929644994,63.78375351459928,192.99300932047322
32.810637507188204,30.14695185098456,70.62423844177428,49.585995042793094,67.68990808823835,78.66232568751758,304.97725653448015
3.124476035195245,29.42550944392185,72.80225576142274,86.46551177355333,16.280226503479756,37.357357504039456,280.3822622073072
6.334308744568585,8.46324684438815,37.9159361480192,52.81668919956572,87.66637554369295,21.144491789718025,137.00861087740248
57.59011264198168,13.816998616242982,64.45216452130884,33.799851980822694,20.102362880787094,56.96845535065057,278.5806034383942
55.231525326684775,95.2088426235996,40.83014601299458,33.647995696038905,36.46351885825211,80.52707952598726,368.13964861286775
53.82355586248012,26.35985229813903,37.10543529821141,88.12496455623709,80.63727809984441,29.65727760839325,217.85956635339244
88.72665505037928,36.77396274599778,25.55463203192311,65.95317915652397,54.634522377345476,29.846179162749465,238.93847663814418
61.15937478853053,78.12950014229904,27.602682132539325,45.08735074735707,67.13673785678066,78.06213418337519,300.2264214707466
42.530623667415625,16.04300192795912,24.735967444333294,33.010250314968104,97.726436570065,94.36201684332023,148.82452985633375
49.50235716639392,40.27588360911132,16.493087845167754,20.971352294698132,65.6876414065285,74.62174158384568,179.53338792011982
9.311791559494843,88.51026718181592,87.173302770471,92.64214699713081,16.154340318384165,47.43183509131435,447.8522342345397
71.79218453215668,43.61409824331035,18.319528700978683,93.82416588631204,58.60956683490777,67.31246167242246,213.97896712171342
9.677089020731033,78.27320232544999,81.02564114406663,55.8553470269611,8.315873532292395,91.98352313586568,409.3004171038309
72.48710105041683,18.85270419268639,71.33122781654109,18.893141956597336,46.146366447032804,18.963280502521496,324.1861928854129
47.84984000028406,90.66275424010733,34.98269038937044,38.42204555618894,68.37863195144999,45.18949741909732,334.12341964861
24.700246883733456,96.18226632183696,22.177484614619303,68.68974644964466,98.14402501414777,60.02342035555655,283.5972333712653
18.593930088741484,96.41505333221482,37.025161377821746,88.30816765805338,63.16121908493832,57.70984379280972,322.49952088663633
94.42310954547649,92.02866496504846,4.749381057152691,77.38900979540826,59.83285862163139,29.364476459601274,292.7285826470315
26.17230230285994,87.30809338475753,87.45112542992985,32.18143849812586,57.39199423923257,59.51826952955591,463.14186536216454
47.946335041503815,16.732797285925372,87.82461651151972,45.54286126466581,94.13285953803712,49.281042134780385,344.88577914791375
42.241013530366715,95.08167441836001,1.7708669915946773,21.440799000803278,63.36787907145782,31.84395450152121,237.71696334187075
58.13886465105871,39.750285573168156,13.533879210645294,84.23029410400731,23.076806396062686,49.31076091232202,178.24107342933092
67.56839541060178,4.228371780344887,79.87342846003872,92.29050204890913,19.648804796022645,59.15691138694571,315.6454243514077
26.672259862885983,48.671844791459364,67.90549190117284,47.786797602659036,32.996499598851,18.82685099084338,327.7324251493232
72.33209736704865,74.88781527949419,0.5438029575182468,85.339209672584,3.911745427132063,16.393985409847332,223.73913679859177
22.57770917467039,34.94702093247483,15.858326404123613,21.150045718087895,32.043326562830096,30.563091182066493,140.04673025199088
71.48513273877526,24.596127626875173,64.96057596788236,98.03648143364885,57.45148676389239,94.76718960800457,315.55911589617267
42.69914540686413,32.6509898654635,96.00123498454477,91.62837209112594,94.41505537154652,36.313376515126606,396.0048300914254
45.29527796206458,97.03687146031595,99.22951560373919,67.96607014289944,43.05361381114447,64.51557019783228,537.057567693914
26.656550789807497,26.966216556241328,5.460602928967406,45.54306437194271,93.33665180115506,92.00490318723729,96.97079268919236
40.650483246155176,72.20941697191651,34.30947380462105,6.597457433008946,74.07844491096274,14.85632661059524,287.99773860385136
7.85939897547181,36.25769484273985,11.695809400456092,87.71508702417073,14.393554531633178,22.176136512865398,115.46221686231979
86.08622344886105,45.5751201028596,11.862669584382646,21.554089410503618,40.58295698924282,0.16049456409416019,212.82447240772817
52.91093408534196,55.702656518577164,6.87576649977969,86.16130193110749,52.2417675905417,83.59770904481823,184.94354662183537
22.72900949354163,23.761314954930945,16.612256220599185,80.78884738942023,18.17100633910089,57.022936941851064,120.08840806520107
34.419736143197824,31.392530762604643,70.87789313688103,95.63486841607781,27.01980720691668,34.35643515013498,309.8384770790502
94.4635534453126,51.29756205929876,9.71584670590545,84.26424665398147,77.00041138245265,39.41602049474007,226.20621768162647
96.78587257386064,11.657069522436025,31.334243338399915,11.78899005702979,11.963356731608844,58.179693649893835,214.10274163393245
53.61934918268736,96.62820661752804,33.464430564514544,17.816965528836647,11.988805359164411,48.51082137950466,347.26905411128706
10.9546514379966,97.06753941304717,3.3877261194296793,52.76269585579508,40.774289095474984,34.10937564361779,215.25290862237998
23.335761026125745,86.28976741254883,75.29191541087422,69.84328463104829,90.74837331285612,10.019246663951042,421.79104208384604
72.43180319669632,82.15793507471456,57.934677860583086,56.88190536575269,62.22144437304521,78.8417407108481,410.5517069278747
14.502913982378784,83.66126152891363,18.631311767145174,94.27404830257609,63.14292878480031,75.05500914411839,237.71937234164153
77.02970931883584,50.36012585483258,5.118303911227617,23.938559762318732,30.25138517103887,23.131451101913147,193.10487276218385
23.789044985931284,63.09006370590967,69.57933625087617,3.014852835979931,95.59904522556602,90.53091188149739,358.70718115037914
10.865042627196608,48.98103943140926,89.70081011547504,13.155087167467606,60.563092112588976,14.615179019578406,377.92955183644017
39.75319174187189,31.465449595433657,31.632043582264334,67.60909867225149,84.41621724448979,2.0044046597933907,197.5802216795322
15.05400960561849,33.25682100618715,76.68028835070321,43.46107025479539,49.15138445319408,67.24209091072409,311.6085166701024
56.40541632778824,97.45648106132558,5.9297809737277944,3.3386664453737502,65.30934853447697,15.65298032963247,269.10772137162274
31.352122066073917,27.60108233671502,59.13176391158803,21.103440965493782,34.74955269733885,2.205714452174723,263.94957847426804
37.81501621267099,83.65048112761535,21.50066337232801,99.30895429727555,71.28011550382696,56.705410574624494,269.6179685848857
2.6612370241408168,8.121339177851883,45.74001675713545,45.88113014053752,95.40261669235097,46.853532976204825,156.12396565125096
93.48047159655873,18.722782311632546,48.917443222676226,45.27205639566472,97.6520411357495,19.17441922991564,277.67836588785246
91.8773761050923,63.309740260606596,82.85512893550978,20.439570368686834,99.57821377473029,76.50785263550272,467.06224343283486
12.163171752400059,35.53805610075356,21.583500706042724,90.0239149214933,11.717417478832559,6.130930417135572,147.98978607203534
93.97862592512347,39.52126343362049,35.13998276564726,7.080023801916258,84.27308046870554,99.46340294409387,278.44110108930624
61.750191776470885,36.72800648247322,81.53941474746837,47.168275877538804,94.93244357062134,11.029496506541525,379.82444898382244
49.553157137527506,24.43456986023126,89.9921788188569,43.43321620659537,6.498748925006659,97.63422040567062,368.3988333145607
94.44974258029609,71.80976619436771,81.23237475103699,41.87233615359997,27.96030563781334,88.73909801304661,481.76639922214247
23.143265486196917,65.14773672749008,63.91116371597395,42.11629946759861,10.33093641880255,44.40438039467093,345.17223008909895
0.2361556470384718,99.30385300419147,9.116499909575893,66.94598105897778,23.10012305737319,9.953036653874536,226.19336138414906
86.83204120590152,57.893111921112315,73.84463751697025,60.13668647956176,69.3828305035509,27.194166244682492,424.1521775990369
26.949534569997123,83.58007105442199,65.25286508252486,88.15856144574354,74.75303568797457,84.54611841215566,389.8682719264157
48.425074220703756,83.56258035444944,93.28655797093747,31.325846567983195,4.113290339788367,5.085314504711191,495.409908842415
32.81853600240922,99.3043148728192,93.25384014627716,7.164190972374174,36.56493564875273,78.21694821866274,511.18868618687907
84.38043327327304,97.31657279796903,41.512363522011455,9.480658168259758,34.80677856548198,31.555984491322487,403.5506694352454
56.41297393374805,86.37867969764706,76.96713951763635,55.73853464491791,43.74866698935439,32.3975905464867,460.07175188195123
80.31585047574778,11.507137944820812,54.82534061656861,71.15949574141169,14.362554203287548,68.95815949072043,267.8061482150952
80.14624602162677,15.161920177964328,34.22073682210349,57.23716747425088,80.82677647974216,29.93244396829452,213.1322968438659
46.4729057710881,38.97746819806874,61.051287532977646,75.22468461597536,90.20652051744936,14.827169589604983,307.5817047661585
26.435865172935003,85.52673540505621,85.75061285124508,50.2675163305524,48.64918884722948,28.422704565125358,454.74117453678264
61.9437508401522,88.50729708656088,22.756961431730648,71.2425618174614,71.6898448467196,50.44513777316604,307.2292293084659
60.4936347422589,93.9549507286348,45.10903146636377,25.523547780172006,10.028440597147448,9.402291742488256,383.73063059861977
9.766667234001769,25.75558621034908,30.781037925345178,90.74685283805869,28.26425439548138,9.28706379728662,153.62095343073548
80.45534782902052,60.39117749230377,64.9018910457037,79.56424556784533,90.69844238050264,64.65566693055797,395.9433759507392
95.1726009095828,31.50900394177191,17.65461518587047,44.14067149999929,14.52475084229925,47.0604601977943,211.15445435073804
54.173071357728375,10.97004264334961,86.1294251197321,39.02413248541853,81.54093912048764,61.00750737402348,334.5014320036239
91.31553883310069,4.376665599096929,20.35157846698833,81.65689690470498,10.886159866440115,76.00626512969797,161.12360543225952
12.48146793740278,64.0016581874107,70.70531721862693,55.3259308021705,29.137194822744274,91.80872610536842,352.60073596810497
30.745382133859643,67.27869090433214,53.547407407692326,59.31628490043225,83.21084311997603,3.96102391973584,325.9449861656009
31.112822506205763,64.74449218703002,52.40511739529647,13.422672749886432,14.690669500372733,37.11283289131026,317.8171590661552
56.6828050705566,46.1581485005963,58.17827697686454,80.21718567446024,1.130555067345007,93.38717758784237,323.5339330023428
27.6737089336774,59.51435596600903,18.545541943635847,38.42844505171659,6.229741366482466,15.18121226381124,202.339046696603
65.83127907714555,95.30295427158039,65.58064344820632,57.76023699761424,13.106317214026951,27.16041952166378,453.17911796492524
66.20959579901314,91.5727126992151,33.62213580118222,21.204078184232046,25.737812190996422,15.475394252070062,350.22142860099
14.012314211966792,46.49639087554463,64.85472266758968,70.5559558446612,56.445875417614765,36.360093542819484,301.56926396582514
99.87187034767719,40.007131374913264,36.933446874190665,18.046109868746584,1.4714279152585275,57.68891095799275,290.6864737200757
17.335680734924985,58.92187888016388,80.33356323588863,48.78272978152921,82.54914643484852,10.640647855139152,376.1801282029187
92.06510383750805,8.461138328946626,88.89571730369656,10.584351117761425,76.2153055642742,22.64090789795654,375.674532406491
64.9172073853985,43.32969805128841,57.15274290589127,48.65712738487631,1.5778300501799736,73.96914636709556,323.03483220564914
38.190669582148786,3.0903152851643356,5.302844950483543,39.8254231100699,14.586446757242888,48.99818193800491,60.279835003928085
64.33248522073266,27.43039212752607,15.903935391302515,35.448107862732826,96.54609434758474,67.59593405576229,166.90507564969235
63.71603761261591,18.516015205461045,5.212147695837011,52.98671125339788,96.73781087033068,84.81181622328677,116.38451111104902
68.04564968821887,19.811578392432427,72.21892148584428,6.111138629724766,24.505129132851465,38.08254777159406,324.32557093061655
99.78744244545408,76.81756889983174,6.4372854544604845,23.347124672868436,1.9252888391733114,24.74920638567869,272.734436608499
77.9781037017199,16.881997390485527,23.868869606761777,40.13781775729133,12.044994916401352,81.04297738144587,183.34870730297627
34.96682961301231,37.7484212085752,32.80539765331002,21.798197763772976,73.39000491576324,52.671702621259676,208.87986499009276
96.18294148566967,81.42855635684144,86.57703264103212,71.6111209608052,63.76315188200024,40.96146805569608,518.7711521224489
10.912303579052796,18.38115984695764,49.38638195753764,34.110960451876196,15.87124563260376,44.852688079624514,195.83376914558096
82.26651066084368,2.329275967905353,10.231222960425047,26.72590076553626,35.64965093121756,14.032032520067084,117.61873147792953
70.93457243932357,27.280896108316842,15.827958807728404,30.14118973697527,8.803617479792514,71.65040866914154,172.98024107914244
92.74937504662974,22.7969595822722,29.545778572214477,69.1788212968463,80.51492246290144,44.421911889305306,226.98062992781757
83.35016256572152,32.07604674427117,43.73098919090689,0.27753643887946655,21.865297332568133,64.84444167011696,278.69522362698456
13.984752010985623,99.23553959640068,97.46097918696992,40.851430830243864,49.63673597890546,44.69320795447235,504.8387687646968
46.41546654482431,39.940053785067,61.675243306050035,80.39418045477586,95.03252953304275,94.114173568415,311.3213040331084
58.553215445582055,24.373023495829027,15.681147114038863,77.10462435930778,33.72878369536628,8.324020104698903,154.3427037793567
38.36395760432344,78.01711880123045,31.056669979795657,89.40161353478214,92.65879751698229,19.282210717826388,287.5682051461713
75.22826931465701,16.79199658905164,14.740968378596664,14.772233136455082,47.13407665280046,16.352339033130836,153.03516762855028
4.682188977032786,15.21956947563604,17.32292410889402,3.1962009633237143,60.33538131655941,54.96521467608114,87.09010025498694
24.658205893957707,44.31071542549358,45.85283915719637,96.58607622702154,1.8221275633754086,71.12311211935769,250.83815421653398
75.24848540074905,68.09400445170454,4.494752194543961,85.3912491513065,4.403314103688782,1.1690913054838936,224.92075088779
96.83538830466173,10.874802470198519,28.526318804497762,8.2842821725578,82.31968759654589,17.9508027079589,204.16394965855204
76.32151725260528,81.59788469927649,46.036577261623,88.66925598627759,76.97499367981996,57.13510575095587,377.62701843602724
92.22491608017044,95.70161798063197,51.56408170450039,64.04925146134637,19.130573192395683,40.216882331161955,438.32039715493556
46.604197356480334,70.6477873872142,72.19041164445716,30.927130957167638,84.1870076762033,46.38794634479234,404.47100706428023
56.10040223000523,89.37639317401516,50.52698969609123,82.19115450292446,66.50092042989587,35.0036844867339,386.43415766630926
82.72165611928496,50.19504143550556,22.813035428324035,37.59315497438093,42.144031618777476,38.456315871795844,251.5508452752682
45.1853731695913,24.43128485660062,82.12423817932792,66.13737947152939,20.56194905792005,94.82311055568785,340.4206574207763
27.440348900037826,70.35403727852105,45.5571188652584,25.5764946896887,83.62689732931223,57.13118117226276,304.8197800528551
17.124576615737443,47.645451563369875,85.2227863719089,25.807901444114044,65.93313566034482,36.33064593516795,368.0838388582039
73.81854694806808,8.752990442914832,91.91278337519643,85.26711847778165,69.12624694030596,16.396308119404512,367.06287795948697
66.6102932987193,27.886421496341008,59.28356092216656,41.35105377529602,12.79447083397005,29.122275260074492,300.233819057901
90.21686384712397,54.79650175112274,58.176844747906074,94.83600044395938,78.1264435343545,23.31025885076653,374.3404015930877
87.16447094328917,36.76988969045062,4.02021474507629,84.98371316964104,82.2372295709428,86.79384292635729,172.76489455941928
74.71062762591056,49.923765174272475,54.84280692865319,75.79251059760668,50.80271334786741,32.13856619495985,339.0865787604151
14.62834501915844,79.74726725623987,48.939493768416106,77.32445547058093,15.378490271552469,88.39941699720994,320.9413608368865
22.934299889664267,24.215843805643654,46.20539350698055,70.33793328347274,16.40775868725989,25.92931608472814,209.98216802189322
7.336955248996024,92.437228103044,58.160560941055984,62.12776849258505,21.275433383804167,1.2773510060963944,366.693094278252
40.751345788937655,92.84989225412734,82.1492596222569,89.51109930977712,82.61237671866675,40.49490559840516,472.898909163963
38.756757310250975,51.099566526873744,24.523873368478732,37.72191680859596,40.10117000796457,75.91965346069324,214.52751046943467
52.381276354501736,45.91782563791745,46.142233349489636,46.45411077998155,69.92786962377043,31.40727977243226,282.64362767880556
21.040289580220772,77.10674642230646,67.4885582839974,84.72262620482427,81.34472488530726,80.14237133079266,377.7194572768259
45.72885377840253,82.02140985765291,67.37929820809437,51.33321851437329,57.0763584540303,17.13347404698916,411.90956811799145
42.50270138080303,43.100477888766285,21.68041404648646,77.73923457746355,1.9734783233910314,33.271715171004125,193.74489929779497
59.6487525671201,99.82526717039633,90.82420600828407,3.531881952960747,56.78837182218152,10.832832437383189,531.771904932765
88.45063164078184,13.227766379349404,47.19104302558436,63.809544026527654,16.547245225576635,91.39267131129601,256.4792934762337
52.742214236388705,72.39388507350796,66.57150712606459,72.6901702736009,66.99533094798382,79.60678360169386,397.24450576159836
23.09479836682953,71.43283930115756,8.841850935731998,32.19408973399261,80.19887886225459,21.913875646189762,192.48602977634064
0.020535097486740206,86.65818546508956,9.502483265758233,12.99655178764313,39.74789585273901,43.13661687643551,201.84435582494055
40.45338154329151,10.238458672812046,59.614927547110554,88.93009669090841,56.19710503667103,89.78459823943112,239.7750815302473
42.38353354763116,34.75176955195521,91.63425193081413,4.845302931486383,79.42937548861762,43.664185887158936,386.789828443984
44.20411285535501,67.78210487630119,23.31612544209378,85.18994797509593,72.48307878838295,58.65663538174507,249.7166989342387
64.3493597550814,95.22649026832431,62.862168768362906,64.55467466160172,22.946692266416335,86.16506477447899,443.3888465968188
90.36869398238318,13.079546010614706,3.273924446170795,31.008457611190053,86.1229122323658,88.11604030933387,126.34955934212498
97.83536620055415,40.301515068395624,50.97133781136879,6.298077501320498,67.56967963517563,61.333135108015,331.3524097714518
22.514043200783963,88.57040178466889,47.490961696488995,55.337837174503605,11.04421560686073,82.81655807991194,342.1277318595887
44.027970568627225,50.319596408989334,68.84387674976008,80.73251733123337,96.95278006912372,24.640191194622684,351.19879363588615
46.830564511256746,24.957261660569618,76.15334651340804,49.658743221935666,22.72546896388814,20.928729189734018,325.2051273726201
71.49278417710086,8.478783088152863,55.71437206278198,52.01555428868794,12.6114612886561,12.2536196998545,255.59346654175252
33.99845440777434,46.1820027270108,24.766239654329326,55.520336888194386,33.68286176784772,57.77562962894508,200.66117882478392
86.66451852079022,87.67733798630942,0.1266986291338812,8.984132572942471,6.738997011570214,28.98976428057717,262.3992903808107
96.17885823348266,82.08996344019035,75.4223780127428,26.401780716401145,35.64993209653251,65.8582399328348,486.62591915209174
82.71947307090424,26.95415878679478,34.92119099862997,37.22561437127637,12.737484694499713,44.75015276629395,241.3913636403837
70.76742952939881,2.914655813128497,39.823529149232265,11.182210871928167,28.27122206982623,34.6804987844923,196.06732860335262
54.571704508537934,27.526550284217755,59.13193306091309,6.60336275683131,42.200320099850444,84.03220772639919,287.02060425971274
47.7236495945328,83.17275874508644,20.663208580692462,70.27565878398644,99.93186903529582,12.866072690176079,276.0587928267831
21.347242337851803,77.82169690630404,28.09970918548087,53.506354608825056,61.321547399513975,88.12568947436912,261.2897637069025
4.340047194346419,92.89111124173462,12.842139149956855,46.13199471750169,94.02087988075898,31.015990170204798,228.64868712768623
23.17899898517809,43.167712544012474,61.406921112019695,58.67418241019907,75.82086384737636,71.50060884245278,293.73518740926215
60.241243820152526,1.2945278802975135,12.726367788736415,67.32446900810281,83.47657255485889,96.58819511793183,101.0094029469568
56.52831361376766,28.95473895864884,48.416604387289674,39.905984960509635,81.4613086170158,82.66183101233702,259.6876046929343
36.203502352362726,62.16522031108872,82.27109197635811,69.83896284558804,87.88850966292932,1.7872627058284074,407.3472189036145
81.47734263820072,46.09599890591329,83.24840163097632,94.29376088847495,97.09989710607766,15.390230750944278,423.4145453429562
93.0612792334229,31.041699058779137,65.32166137008923,70.44958784277549,0.7309807803770108,32.034397904532064,351.10966146124883
75.54977822855507,74.51332096142747,34.95017896451108,36.82762282469771,28.949855158677117,98.80970190857701,329.42695704494326
41.51801733975793,42.257000544021665,75.76637448815498,25.209827939975526,49.47887531210063,6.044979492975166,353.3311418922662
21.605695576672947,34.14114629742366,54.424732210276886,91.30257150944297,18.346268861155835,24.113863541924307,253.1621848023509
50.10425343047894,48.52318989854294,71.4540911132635,51.1078896919646,88.40761738341237,18.87288477136948,361.51290656735534
2.219566244839144,33.58756874882792,37.34678950919851,95.41334223563615,0.7953373890938975,42.055898313626415,181.4350722700905
36.82684023761361,97.35102979105108,93.90285439562223,80.82955459275695,22.804534031940737,96.48787940316174,513.2374630065824
29.688790953536127,74.11047838347557,1.8563677095538522,84.75599755878336,51.45063076597314,88.44942111875291,183.4788508491488
10.228879252255718,87.05084568586351,91.81410056419764,59.34124473521377,84.11990186476133,4.53440840128726,459.7728723165757
69.43335018794922,40.9614559219311,1.2402145181453994,20.161891258456233,11.39809892871173,64.94782922399192,155.07690558624762
27.630781349807975,10.392534037935908,56.27021147082699,76.65064844092343,18.261606232541737,84.87709926197873,217.22648383816076
15.03550594509645,15.419493611204583,75.11396632786231,19.37172948529153,80.24479837258771,19.264155071765675,271.2163921510926
62.24860682670522,56.209785510764156,77.2315516361303,63.62170468959639,13.788214441128854,21.370389291827983,406.36283275662447
45.531710149061496,88.98130434526327,47.79333623911805,47.51440188944483,23.494636286418913,32.76288177738418,366.87432755694215
16.686603399941525,98.31556977933363,84.5623008657848,57.11532268048168,83.18097529462611,60.99666295100934,467.0046455559632
39.80718887672303,56.194357209390255,9.593493585930378,11.18739251792864,78.05766491154829,33.9998468605955,180.97638405329468
87.97673773542385,57.053000698297204,62.30280183614485,66.99673238674309,18.676084033854746,38.09935059462363,388.99114464045283
39.05697076235447,4.513394057987663,65.72152213845519,88.14250654802592,45.977793520988286,14.305740793656142,245.24832529369536
78.88866635539317,71.63765748926951,22.26928266993633,50.69488461209719,74.3143082356503,67.89446620479382,288.9718293437412
36.26533679059318,8.330720821628578,8.227702402334913,8.662747451838692,45.07700883140136,25.903368270339232,77.60988564085508
61.65946534395898,71.15460993630846,92.30023877879152,21.018856748236814,77.9158771711213,90.77606048936492,480.8694015529504
31.51906430514585,69.97504537030558,59.15704710735478,85.67321154443263,35.702533328085465,94.31827953498933,348.94029636782136
33.59321027787212,78.65523352246878,15.5819118165201,79.83074931978858,50.61426782491918,61.13816224858738,237.64941277236997
23.707988321531026,32.993195477168626,47.59337676078745,68.46083752531887,65.12658436460855,74.98696918684976,232.4745095582306
59.15621892096065,26.256126699072368,70.47367671343979,83.94411425356526,7.383376418414478,83.51774868134282,323.08950245942475
12.779804344831513,22.42358993234681,19.713985813548963,69.58493788422369,65.38669784766331,28.986345154085626,116.76894165017202
70.24463315027006,99.47432540603491,5.117373879248266,10.261422391617792,29.66827812665811,4.820326973098011,284.5454056000847
62.20422394160492,43.03986507063517,39.27368660510886,86.14248150434841,6.467884759100972,84.70268489151695,266.10501389820183
95.22672232642714,66.24011729045523,37.85295310931688,94.68369052141388,40.780589640823806,74.2217997468713,341.26581623528824
18.664945788278853,89.68754660746212,16.112888748539056,5.009038815431466,44.7161072939828,91.02787443036084,246.37870524882027
8.163140373656319,80.11079177849297,3.0760079697387033,73.71986250919137,76.14524158530438,82.04723503120378,177.61274783985837
5.236128753775171,93.85625471647843,2.3350466744839316,47.00845981963101,16.23592795409079,53.31522117575985,199.95377821018383
32.284087524739554,78.16562522256106,22.661144180988103,58.99308361041172,23.786206279100796,85.50924595715847,256.598770512826
95.41339415081124,47.52442862295211,19.72467659249819,67.17124992803696,6.763377665583537,75.8466580474908,249.63628117421004
96.3531549217172,21.894531190622914,55.4383343146069,22.985565069859724,15.614567396790257,22.645694843235788,306.4572202467838
38.357595739154206,9.083065898508746,27.777875344348534,87.32378269688493,83.11844763384465,13.957717671232361,139.8573535692173
28.973378289650476,54.09974397880728,21.447736653176985,69.38320787552004,77.1330426881193,6.128491362199851,201.516076206796
40.57295554665554,6.789544768803224,9.39307911300059,93.20737748626861,96.82983320459235,65.2361688957388,82.33128242326376
84.19185218049525,66.4120062405085,13.811722507264456,3.275766492558474,92.09688469316391,75.82224036821361,258.4510321833056
15.979362636131844,12.722109916692636,40.82056646428791,81.15841916283226,67.88787296565175,2.354724599164737,163.88528186238085
21.934966592095773,90.47970568174628,99.05114261018424,5.237786063207894,9.471869622857964,73.0535964707832,500.0478057861411
94.95199692351146,64.6001279852077,23.895010751375377,89.08765323627212,25.819897097867294,70.11780170967945,295.83728514805296
18.857194304626155,41.22148502205232,66.53610981768934,48.96012750751423,12.70582636135218,80.50911347151636,300.9084938017988
33.389637259128,64.10476570767133,91.87612315742116,93.07885277082197,26.395470269936226,36.19680302059815,437.22753814673416
59.11207605980147,52.739853558477314,19.499946137809577,84.62142240457256,85.8809959580444,49.511533701494905,223.09162159018484
85.23638196608299,78.47924128123111,55.3982873439405,94.38408595656414,75.25732193326256,98.79793281922515,408.38972656036674
50.35484078391656,56.57535604513731,3.658104810156182,39.58328837523658,47.740245847540585,11.131372744337042,174.47986730465973
96.11969325935442,17.20739279612009,32.08077476828905,61.92482877243489,74.63700534183091,15.151123279011735,226.77680315646174
27.96191621088321,57.93790223180899,44.962244016119655,64.26273195669722,82.88096521873665,39.1727630573851,278.7244527228602
41.88107081768212,47.463763778023925,2.2759979008181386,32.61521489701708,66.05263669798886,22.228124227770607,143.6365920761844
50.003318247098704,68.383898490118,15.382901298411367,74.17964762949573,79.58625500314895,1.5295335481390726,232.91981912256878
73.76381274203176,50.79800682695767,54.23397153448176,5.90571743859194,70.49932723931039,75.49239348600283,338.0617409993924
46.92972510943003,53.11481424194026,64.85244458405003,9.196867542397724,85.81377402571013,1.7395136122654642,347.7166873454606
41.88574382933843,9.160879251792464,24.636970907316112,99.90264231244586,28.131203869851305,32.75290091192886,134.1184150548717
73.23680608003775,47.65489003185349,48.61332820252626,47.864759524882075,18.78844606893596,74.77209674614666,314.3865707513235
50.36294209622412,40.89866557186016,5.009147459423602,64.25078747599801,11.79722555167746,58.33855607145539,147.18771561821524
13.545145751953791,92.12271694338754,42.204923542029285,78.55187690812123,9.445941465777564,60.16614931856139,324.4053502648167
51.06385611197655,86.73741988881586,70.93165279586698,69.6736794560279,33.03122837061105,17.829439712777717,437.33365427720923
22.58493355121486,21.64340801893371,71.1854491610425,39.687721900214456,30.64968212792052,31.59233438724245,279.42809707220977
8.461467999117867,72.04787062491394,99.29457965138351,15.64784180959139,75.20995972832733,75.47558201368282,450.4409482030963
27.500287360308697,38.65519488744829,89.42390453890374,98.96320984346504,47.65486456794207,14.745990568588862,373.0823907519165
65.41444063278546,44.82645410011147,68.99282687763842,16.14454209821402,76.58113204881958,95.20356518547722,362.04582946592365
91.68895321740015,76.94621443894937,18.410053108861934,45.72891313054876,40.71882433906002,75.18373227261405,300.8115414218847
8.9464330122492,8.847417034642701,92.52378601513482,38.704549164907846,45.726798325480146,81.75574340150942,304.21262512693903
32.06884250072369,48.21436618870967,10.518922331157354,22.10078627539471,83.05776728882722,4.298954372959008,160.0543418716151
76.20610760953507,38.33547334320967,99.87050155767733,84.31841429014256,23.7656272657338,81.0264064233963,452.48855896898635
96.21365426484255,39.77510653248933,21.52944594920474,16.42747744620173,12.525775066966894,75.08844798476781,240.35220517743542
53.77861188761026,74.27803259508859,91.8547679546493,4.666849960281572,11.210985377257487,88.0537617440606,477.8989809417353
42.225659633326295,6.749086181531105,71.93526541796975,87.79299201928723,12.442671482761869,79.69441811559312,271.5296282502978
8.382545277976938,63.140569033814664,97.82037451601778,59.23279781076227,52.88990995718319,87.39611692913174,428.12480689365964
22.514423027199516,73.64358399863872,42.69888676526272,82.12291207613498,15.92320894489343,97.9131478014064,297.8982513202651
43.72481344967999,6.2681816737113705,12.057528797378126,17.628822841914417,21.69149037524567,73.76519256365803,92.43376318923711
52.8261189150007,28.698680159486933,89.08876115551325,39.23195434029195,68.8607382381565,79.94364814236732,377.48976270051435
6.898942218936311,42.65098355207642,44.80523222599556,12.190486133244583,61.15129754935849,70.8090137837319,226.61660600107584
49.91878378815363,59.701222850299864,66.10206454376791,75.79515027870802,29.394370241208822,57.60663099267897,367.6274231200571
68.20076733149052,89.00044309906949,6.96920067553658,42.46838366621285,37.99190318356612,82.83139823904858,267.10925555623925
45.20469819397157,42.1765566993364,40.714286097928856,61.744512435908746,46.23936409712369,26.096188457114998,251.70066988643094
70.59870114028371,9.228377997476722,52.86866392505121,26.708576624600077,18.72774029703188,78.00450614901175,247.6614489103908
27.48183679569376,49.950141879838625,19.809981952903456,86.98749893255155,44.68630782153992,63.03358182750035,186.8120664140814
89.33399395838816,80.43977961657606,32.376190458377884,85.74318016562445,19.305875822137853,12.275544885226818,347.34212456667393
35.552109056453176,14.028105597681728,48.13736233320779,41.613228287753714,57.37539767631468,73.17458281950269,208.02040725144002
58.239797990225775,64.44522677408636,52.7404635653674,31.919859069021694,83.49252918700387,60.6882088423486,345.3516422345007
11.074928831181586,8.577906344836316,27.992620540093217,5.896810594466606,67.12792533174168,65.57884512146087,112.20860314113386
7.355998431147947,82.56813749255808,21.182682686279364,19.781080179405375,24.32845679893304,27.233926808306375,236.0403214751022
33.430362296606894,92.49721776577813,81.57823969775394,66.43181201521834,81.16786791144712,85.38179497112716,463.159516921425
16.280171943322884,27.166689855835134,32.0330996046807,96.1609696419539,13.464608858719307,55.61760878367128,166.71285046903526
91.66697102500748,81.64127197078504,18.09276357785179,41.615274774133034,29.99222459939146,34.516593219171796,309.22780570013293
19.433212779133115,25.809696010086114,76.72491829626456,65.19960401956344,25.55273109978128,61.467041655713025,301.22735968809906
3.785164276830555,70.23584377664339,80.59780601140228,13.479370508927879,79.94958422808972,24.815715930568572,386.0502698643242
3.031542603982762,3.44034822663577,91.38862839978788,58.48171324546119,39.103874564202314,51.534637585722365,284.0781242566179
70.65773702678223,60.33514144765506,32.571356138637796,23.508191196197547,66.26210721298594,12.878764597348624,289.0420883380057
9.046016059287732,64.13117488942227,15.090578894146422,72.0886846973054,61.34109289007238,87.3347831300894,182.58010252057153
50.81497896270651,95.39092319452493,0.794731922191183,97.59779759735008,92.77698272484338,68.9251238288055,243.98102111832992
8.79098855983126,37.178176441803245,11.935406476170407,0.8098651007989233,82.56078785850437,89.42955608526746,118.95356087194898
63.12255994715862,28.081079147701406,19.833770431253438,19.712100113769793,6.1591130215930985,31.55713676607066,178.78602953632173
28.025227714389157,2.3015663152114563,12.302687167276138,65.09114904854232,75.38057521278402,64.2201050967851,69.53642184664048
67.05618466678042,83.50310659627793,23.863206658766956,75.05674507184057,35.537613689213366,96.94147106962355,305.65201783563714
96.5596948055807,25.615128119855846,52.414007983638186,88.50589995730171,35.989728040776555,67.62051526220212,305.03197499620694
34.82776043417167,6.669800199863751,3.946353744559128,31.737658520929134,93.79448808128596,84.37342185015792,60.00642206757656
58.3554491148904,1.7956750163477309,37.22737479976664,42.61526399570435,18.131565972358345,99.38555599081845,173.6289235468858
16.043637188697556,7.951595709189996,93.1206362619894,24.89048611795357,63.73461249481559,10.520875462294521,311.3087373930458
12.95823669740942,8.528709056197547,19.331703356474094,32.04196651901465,36.03545203512143,48.13315389568849,88.0107648792268
3.8762190857850154,41.691986353649355,57.75263224645252,49.161618701818846,41.30192726349813,91.85175572374246,260.5180885324413
65.85462560097926,36.82580849372496,76.06490836760773,45.413738749244935,9.879326293215062,80.24705597963518,367.70096769125234
41.906079561739475,71.67951388905145,61.614712002623214,54.191112713478354,78.80756931677908,78.83070724749273,370.109243347712
43.94776400004741,65.2038981215487,78.50486599990303,47.5395114897573,96.60199553977434,85.8646264615368,409.8701582428539
62.84243971763507,92.49179931931151,28.99855915975157,73.39229870898849,63.811387776918,6.4279534337557065,334.8217158355128
82.83920767447442,96.98603138918378,79.28334022176095,34.76357412474309,89.99765618864453,62.04926288842807,514.6612911181248
24.255710838346157,87.93417334119965,64.91916467732922,98.84237481573975,83.84913151834914,23.315104705300204,394.88155155273313
14.96647131303338,78.12782863458574,1.3487129402572795,18.89992671740005,87.01344848347283,27.016438756299166,175.26826740297668
2.2564935908611305,16.87747605470976,94.07615746613126,44.49290940420002,63.62333744451305,36.82990849093177,318.2399180986745
81.88427248131475,57.99335216789624,86.85416217066437,45.481084958933,2.0340901012556256,19.9269537335813,458.43346332910033
21.73134294879534,22.756593938865997,55.727641547104824,16.17858129193951,19.57673998945002,82.37383932353197,234.4274554678418
60.090726633976566,47.39855684404425,64.27371422316523,89.26257987961719,67.67592644169302,48.28043781363289,347.7089829915608
41.29621868616089,65.82339233188365,38.99495087515994,30.047128399416188,56.9428228114305,94.36350205852555,289.927855975408
27.788001370597115,67.01018681710079,12.649337165873852,4.0065367194594526,89.22601567949577,99.33674626431959,199.75638650242024
72.55449308335304,76.95468250986347,62.35504917753587,91.05293523512805,36.418872778288936,21.188881841683983,413.52900563568755
9.830242110114495,64.83233244492007,44.54808966312228,34.5246133677675,20.350161365856735,33.26237010624582,273.1391759893215
96.54703805192742,28.397933605184654,92.19056077673315,60.05126690473547,61.532726140771786,88.83841973391306,429.91458759249616
19.849873925860873,14.032522122667057,93.8590726461681,26.792715586165528,0.05706184357301414,23.843559790977707,329.4921361096993
45.45777134166745,10.294420740420673,58.255729654609446,1.7996468786030229,83.57515482845076,76.93304768042609,240.81380178633714
72.16662669850359,81.7537223509391,80.9857165529,96.65689490796622,35.14404743429132,7.627347893458413,478.6312210590818
44.68878397859438,92.15159304161065,58.77982342587368,16.81744291779189,88.64558668723258,26.868217366357293,405.33144033943677
61.57195413800714,85.82809714937115,36.28973980110807,39.2318410612149,28.46314727012317,44.24620452002196,342.0973678400737
59.34498039011976,35.64343852970382,54.66786931480472,17.574236239401575,20.909733239597173,54.595094678626054,294.63546539394156
6.444757685255853,29.45298253136247,92.81887960213956,79.5504814791995,41.33452588996901,79.45162951205624,343.8073615543995
59.968907673264624,9.199634990129512,30.871814763950546,13.872098565745361,7.593353070431819,90.27904776220986,170.9836219453753
19.892659662930967,23.90903368199946,11.401277822462141,80.35516497277098,38.297567386448925,38.02642789372307,101.9145604943163
15.042275695033103,35.801376823187006,53.49350522803691,23.556384349902025,84.53726717846519,13.655650902768901,247.12554502551785
14.72628321701045,76.29501497819491,75.1151963993401,35.127964421326006,94.1282229049039,56.265055705642006,392.66190237142064
32.32142169867157,83.23371767360435,73.54418555405952,22.834268328858265,76.31446225448853,97.36139195600573,419.4214137080588
61.06235928587424,33.02325884007789,85.94348814954607,83.53967561528998,46.66448939698974,93.10584664268953,384.9393414146682
7.499750173331076,80.75136534940613,22.523486103862066,95.49968932884731,61.96092366263976,10.848359606861024,236.57293918372955
0.21466969825362225,30.464347080172306,14.09810123781432,92.45409976112603,54.470144615020935,35.26855449568305,103.43766757204119
96.99098986827768,17.696848397835375,11.094111533173335,32.25795011288708,56.29760376003183,74.69918827227033,165.66702126346843
75.27020965214516,11.649097724222035,90.0505615021788,48.456241205395386,65.73021927674641,34.89510869538005,368.7200896071256
11.802853668365898,48.06703940482446,80.1167983080596,70.1127539510891,57.621752930711644,89.24057663937367,348.2873274021936
67.3611561265655,22.330447372796268,90.73028690998915,7.580074512907453,24.009863481942784,88.21105445428952,384.2129116021255
31.521505156036767,90.35604196453127,63.17331266781,47.42296131236885,55.221545988751075,92.31072595329579,401.7535270885293
27.131566700457242,0.9774158147501599,54.65325984363908,44.493583829242745,27.621645272048223,80.61966075368187,193.04617786087476
61.352986505591744,74.20944569826102,1.4436024841290696,82.75591402870768,54.71881748495985,28.868063254669774,214.10268535450098
63.260983770865984,25.41777694283096,65.91944484231435,36.85578094433245,22.334548554282605,87.41020323569984,311.85487218347095
0.9685531762888999,44.50706079813174,5.416463352163214,65.05866237941174,65.67040042300691,39.835689872182954,106.23206482904202
94.14538956405634,73.86568376514835,74.06807148040764,10.892462018767723,42.02119874658627,29.906503676634742,464.08097153557594
61.57666486981618,89.4481935993265,83.40136687990235,68.93803500786417,4.159434364066328,99.15796417692715,490.6771527081762
84.94929977258279,99.96496570739374,65.7056994498669,61.44449650263202,18.578216415418268,44.40125879365671,481.99632953697096
57.19511743853414,12.045602257887033,54.172391756088565,81.9849143938502,93.283707286133,46.502710440419534,243.80349722257392
80.2309746110625,10.248353996784132,74.6227696367186,43.82443599639105,61.06773169769477,25.61631818690958,324.5959915147866
7.522624825853585,14.14129046422704,30.313467460723885,51.09773303269796,96.4989457101962,78.37453250045347,126.74560813647932
2.2060844483625774,68.05747037774557,9.790112100642522,15.774331706117229,54.51656954643902,57.698528534966755,167.6913615057813
23.109923187495653,8.63933474191666,99.94742815985033,21.654643463619117,92.70070874019405,72.61181193481279,340.23087715087996
16.453417272627892,30.487882249380917,95.17769494587931,85.64958552993458,51.172673387487634,43.90531696508996,362.96226660902767
98.70623664728141,19.107957033677568,47.51964612480597,57.153381570458805,97.72933322952501,30.321897979928647,279.4810890890545
70.47947926756464,54.31808768169366,51.76361555089327,97.66080569819347,21.25682347815604,91.15373799253005,334.40650128363177
17.707773798044325,66.23511154680779,39.17030718854557,87.58240005789133,54.65817160014639,25.266134959731403,267.6889184572966
86.0471639172535,83.15083788288796,10.402195921672108,56.5875492219156,96.36084678738048,97.50120788153933,283.55542744804575
69.56061639169066,77.82884891029809,54.96767549552855,42.306305297728066,54.77611172711422,53.53832315813464,390.1213406988725
33.536909241583224,51.13970871197632,24.395768397606187,62.8349572173283,76.63185444313937,29.395688621913475,209.00363185835442
2.7712728101051853,93.13579165662371,78.8879502554974,77.64326896549765,12.60118450075347,76.08729274186197,425.7067068898448
35.84704769457541,8.69339659718097,52.66554114627511,94.03628274212203,82.74531845647637,61.177649017817956,211.2304643277627
78.85379521126043,63.208053870982596,57.91562980192919,10.581508185815258,1.5628374317841365,43.21626251115968,379.0167923590132
40.453367012483334,92.44468573936854,8.342703075468606,31.611333543843422,15.40808603800773,81.8355974806249,250.37084771762625
57.093292278640085,76.88099716994124,14.001557714449998,18.226530647160345,62.16622220480288,83.64873622837689,252.85995976187257
61.23614900027972,25.540666070750607,13.401732022608892,89.77289514188065,38.74566180728738,53.41157054167815,152.5226772096076
26.43132812164197,66.63121577074983,36.85411851779076,57.59035015117141,21.502619353227303,31.08264298160499,270.2561152165139
26.54621885038373,44.95518469189123,67.63362490691841,60.43025847145921,29.416472683965832,31.722479139220372,319.3574629549214
9.079563387491774,70.16620897163885,1.6523362847992829,2.228412537724156,11.895942967170491,48.36154356507344,154.36899018516735
76.71989758225676,10.04416575196222,29.8075544144621,40.27093021154074,30.658987262702674,33.20771205010481,186.2308923295675
90.64372283454918,42.054191301410704,43.75787407493449,80.99949015164137,47.2760088750893,93.47371609750984,306.02572766217406
32.86591698340696,50.958889423456064,20.29526478988951,56.00873602056541,19.71594251646147,51.73296332845931,195.66949019998762
83.59078203968043,25.03456984613185,82.36628156393725,39.86835118348364,8.54503026972997,52.54693963498111,380.7587664237559
9.235753214363385,66.80185840492182,87.73325853422581,50.36847958673331,38.19315427540396,96.07479440285552,406.03924562688445
4.81805324070571,2.856591106619466,16.776048085951444,30.19053319119601,3.7546416701564334,42.83888142107132,60.85937971179898
63.852014977474965,81.55446450094172,37.4736407966765,34.83437231469474,47.89869250968558,32.57989451553658,339.3818663693879
43.88358078602154,65.57575715069916,22.56734938658216,56.31309408503561,5.3364591599763695,63.429984330797296,242.73714324716633
76.30787674249748,10.825114993234465,96.62524936001513,55.52151766172821,59.57149114649085,78.13766348509633,387.8338548090118
16.1331359133719,24.19457947914684,50.470623038199335,91.59470432937313,24.930004906203006,42.90780693795887,215.93416398626357
7.763814710416151,84.3611046350724,89.41250370138046,55.736695433973026,38.646702192077775,96.12411808947763,444.72353508470235
34.50975309913379,14.366318832513869,78.06842317918577,95.09305095488483,66.5276169725934,1.7887613186801432,297.4476603017188
36.156121723831106,8.036960584800013,17.380143414395242,52.87679658667558,20.818445810155573,2.3698018247876873,104.37047313661685
95.25765731590086,28.587345981761423,83.71226483703344,31.186958100803665,0.7067090440445734,12.755290089725413,403.56914379052404
69.49506922481015,34.67658567973293,81.64785821720488,78.27023406033884,70.64884162222552,89.473807544364,383.7918152358907
56.03311637243497,12.885846083893194,3.149432675973607,11.295255297728469,26.64557149504021,3.993478399610384,91.25310656814219
21.868765169428706,45.586016388545325,48.96957791178057,56.39870407304058,88.83550469704056,25.930576050796883,259.94953168186106
90.11059804605081,57.471558397506115,92.34305817782736,40.62388294889679,34.41963049082685,9.998185805173188,482.0828893745451
90.3820826700234,24.068171402123607,49.777916334612335,24.6437429239449,17.987966058351223,81.55572467448852,287.8521744781076
27.423354202652327,1.1433265004898274,54.832011028141736,63.517305044453906,47.75093200260656,30.169808990676994,194.2060402880572
96.74833368812924,28.460471450134385,4.695163124453073,16.28445432151485,12.876778256202282,72.5915870601273,167.75476596175724
42.103355956606094,56.45822897720747,98.71543149830086,58.509783002028605,16.93431856619989,8.35877147242825,451.16610840592364
54.61458914955245,45.38076189112468,6.1678618756234815,47.92995449198578,29.107320091653165,8.642770895397621,163.87969855867226
16.98626382352295,46.7481113866433,66.96005386840467,38.566667734691464,43.08963571208937,96.22091041941452,311.3626482020236
92.93988766256378,23.886490921917016,33.932909585030224,67.90197530863622,44.033608874766436,59.23652142762133,242.51159826148847
8.222940562065872,27.026357779243114,35.216688903794605,63.27529903148206,48.19000994760765,9.828975790419726,167.9257228319359
6.858804583250244,58.14664153156376,56.94881469276595,34.29020542128688,55.46570849674603,40.32221350928163,293.9985317246756
47.689732112875284,38.659807545000604,93.69556959759208,67.88973164494375,60.49205665076549,32.442422476514565,406.0960559956527
20.451168183961588,99.9954130606091,70.22656344363779,0.484890313548314,7.337604990604241,50.418853790191754,431.12168463609316
57.315593632295325,22.38768597668316,23.888519146944056,59.152968055818164,62.044670129374225,56.669785562163455,173.75652302649382
30.701992422358828,43.381228057975704,32.67034904103859,91.94834478304753,66.99071857150565,62.38896514523802,215.475495661426
7.744848904431523,85.85151750886989,47.03918073019883,19.71494886905597,43.878795566845994,96.46489160579424,320.5654261127678
58.67394478970031,30.24412771186182,11.589154030469807,60.81893978479632,26.09144149089566,99.96178756306765,153.92966230483336
33.93022849946592,90.2569951974625,59.250840194805576,1.7340662945909524,35.28138792548189,33.48024619267497,392.1967394788077
62.5279648940723,81.74917391002535,0.9659642371533939,4.648280776711811,16.4394564349702,98.14827411583617,228.92420542558315
22.301523494832022,86.12077953260983,77.9846573699469,75.89448825589375,16.23254117256423,93.25793386249876,428.4970546698924
67.5159769258915,60.07300110119991,63.87222046960383,32.15423621318413,23.036823486386837,63.584808307025334,379.2786405371028
8.081069056211653,90.26229694857092,6.439369581454812,34.591143131724564,86.63553584519939,74.5704079518727,207.92377169771794
40.43282857605679,14.085201286615101,54.59084797831737,52.329540903863325,39.77608429077666,14.612237448121713,232.37577508423914
67.11797358914384,55.282584359860564,75.91687021941243,27.42872260430913,52.39536656148916,79.93057084295023,405.43375296710224
80.25293984494478,57.28572553438307,3.0619863770246947,53.5777375986662,47.96898559170404,91.54121847763943,204.01035004478499
54.288837012902306,38.72927293905379,51.76628876486493,33.45058408594276,96.70205291883617,16.872613648728773,287.04624918560467
12.79042950526369,68.25406309904137,93.19135651184892,26.75523435661421,4.675617399494502,85.07446527322435,428.8726252388932
30.06346673145781,31.978855102647852,85.8625166276281,47.65798217636457,35.05084885604241,58.06205246167768,351.6087268196378
65.20968986244036,92.63546106184506,37.36195172389917,70.08028672875773,6.407106665196116,35.251045011859425,362.566467157828
28.259885528295968,58.57437368274532,67.81338349044638,79.39960970351092,4.582233745516884,63.62548350231836,348.84878336512577
56.076798425824606,61.33397024202808,42.1655378717879,94.82676849458467,44.263287883903104,4.547303117300938,305.24135252524445
51.3136931495911,98.33874415436628,68.20300186430714,27.105890733256686,12.250361770707041,81.29759407351796,452.6001870512451
68.38025917133032,22.1016633564837,74.92121634659647,28.55259962126241,88.92998159128729,26.91366836637945,337.34723492408716
34.56265534862026,37.040923529540294,80.16701720418456,7.612081898293532,62.12939151612225,49.06497869992196,349.1455540202545
76.56303126379646,11.107894519336803,76.9741037473421,87.31972530127865,38.198900582961826,79.54597728582264,329.7011315444964
98.09813590439647,81.72415507635704,50.45886712256114,78.9587124296195,99.84295075359047,30.943373854319102,412.92304742479394
74.09594098169576,67.3419536835853,28.067936384213542,59.944612188620226,25.78638742828283,16.0845830895581,292.983657501507
3.660806120802529,19.012632800603523,47.90434112444109,3.0774553639878466,51.65276015683959,19.35692699497985,185.39909509533283
95.48592853034515,15.847106269233514,46.26121568740682,15.775229577384465,28.215527566596887,38.70403784644132,265.96378813103263
54.858818017753364,27.794820284286125,45.75511291114466,49.16503694651961,97.16813666653921,37.2951680188458,247.71379731975958
45.85084698844093,15.80340509558933,9.907279534106161,12.822496206042766,16.389451976996806,72.20060948409164,107.17949578193807
21.662423601814673,88.63885996091668,94.94008832960013,39.81731189370383,97.93905475547514,70.00537171848529,483.7604085124484
42.3058056443363,86.37131504831791,12.14445469815536,45.28124679930248,80.22190766746694,35.704484519011714,251.4817998354382
34.67980513572869,60.12735812025783,37.57681008315684,90.14022449330076,9.371030099319366,49.435016728176336,267.6649516257149
34.39431656160332,86.9776402185538,4.143261779733165,28.557785678234993,8.30445091727351,87.03801338085535,220.77938233791042
81.14465915514322,17.006032700200247,54.34333833429006,85.07379511518363,30.45100549708115,4.971132772022335,278.18673955841393
5.660840344230833,39.36980743672408,51.03336750508491,75.87811036293203,30.077966932231114,41.01091794050783,237.50055773293371
42.84683520534429,66.62263194123082,55.42437472938154,82.05994476411267,94.69915070683496,81.23026771781008,342.36522327595054
65.19953060439654,36.28410209704048,13.983836696721518,73.38293884297438,25.339373605268488,36.087824523851765,179.71924488864207
46.41318362989851,78.58957458090072,12.733646450019776,14.954352929450032,76.56227160506326,7.734940230976606,241.7932721417593
16.627320751480212,85.96793914732781,83.3359369298324,10.32271241572954,75.15279580110099,43.883151532300204,438.57100983563305
48.396439565335484,77.9358549262389,90.97786565558336,10.727211362713685,80.14029715705261,86.26939124383306,477.20174638456336
42.41774300127741,93.06585844655123,20.98860285512405,67.54773741826892,69.34765462129614,82.83278301953251,291.515268459752
51.555844051070544,64.22072600771311,66.86585660267652,13.017153589951269,91.68813023553332,39.5395254008346,380.59486587452636
63.89517590153827,74.52336283598211,25.41238082901551,10.945716856656606,98.77447433128434,11.161579498874751,289.179044060549
44.51395896683423,28.16372374490711,29.379694828044112,35.99726589795025,13.760867294011325,39.46895137632181,188.98049094078078
31.42745950435428,54.18235218924091,9.71852501069339,76.8108952700226,45.35244468872273,34.9102632100193,168.94773891491627
74.64986423825174,43.302639704941456,29.513049272195,48.28154322191435,57.171259649280294,5.045048581551626,249.79429146471966
65.46816497067122,71.63637338233228,82.13563077070354,73.33614302535315,39.68111480071473,74.30475332179508,455.1478040474464
3.6397973176778065,13.023055337145307,95.2451266429927,9.74471996902505,47.103970378295514,28.08606986786234,315.4212879209465
7.087983685950727,79.68343403512229,39.047021937157176,56.5012356386208,84.6017755854024,86.14557685634232,283.5959175676668
56.481993427553675,53.01011635936772,46.75694248178674,54.147944246586796,1.7820496070852454,50.63221932563925,302.77305359164933
46.49811372020578,90.35873341178066,23.417874779206095,69.5877390098574,43.58250928238451,41.16449133525335,297.4692048813854
58.14330847063764,85.75521963226478,38.00992585683242,27.35728167580842,66.00676751719489,79.87081009467364,343.6835253056645
79.80666800128026,62.049071358036514,65.9918143571437,63.38283368827988,65.16401576493472,3.4399923252347975,401.88025378878433
57.140982011999,17.20734794894472,13.795123741291459,54.71153494293116,27.692778429320832,85.58751005163626,132.94104913376282
97.86253340820333,99.58536455344256,13.062553321744785,38.841492349149476,58.94173736957219,53.982914887425096,336.22092248032277
62.42368045595313,55.990795518742445,6.224548659269802,21.740490519524425,13.196335208271925,81.0928091025743,193.07891747124742
36.52926947247826,65.4791130870305,52.92689103914956,75.55848426263162,54.67298546534456,42.49786943042769,326.26816876398794
68.84172216494812,22.818070922828326,1.3745374153419476,9.954107376277676,46.78504570713592,41.40481358320764,118.60147625663062
15.095044217812891,73.61327242006995,83.30115337961934,27.85863969036996,64.08612536757204,40.095776652165895,412.2250491968108
17.297202792710088,81.80880175246448,85.40422555037878,33.81780595551756,71.0234992844309,62.176551727668674,437.1274829487754
58.76276815451489,56.71747282491818,14.033990243488748,85.64588192463182,24.832103435546905,1.3772935606410353,214.29968453481752
28.3404779103839,6.382472166148601,29.96053315027253,76.29848341457662,58.1498172425007,9.437940260129174,130.9870216934987
42.27795111827785,65.85208260914594,73.37419350272332,9.358598427854215,37.75692628832008,26.826481300788252,394.1046968447397
62.53028351462302,70.22488168590063,99.04435360050373,18.510426524773738,97.69396473158996,53.679681134158585,500.11310768793544
4.740045659060577,73.89511513007305,81.85294340874387,57.460864968625344,12.286942252836042,45.84855733620991,398.0891061454383
97.3005312287425,28.53524022928047,53.750911006333354,4.009840613214322,22.639500261677615,22.13831040680838,315.6237447063035
70.50634428895917,15.670563906765034,75.51578715833004,30.85614984633719,10.207093337072537,17.055133551076075,328.39483357747935
68.37758887877386,26.342819583072654,97.4105206770029,70.18122282386258,35.35614023827637,40.34868236968643,413.2947900759279
67.83576327037659,4.876206428171237,99.79027751660087,61.442132089340454,25.475562126587402,65.54487715183154,376.95900867652165
3.967669507172189,39.13914722332286,41.64429202594059,17.928347805601717,15.331370461664573,68.11223407930925,207.17884003163965
65.53312492147234,22.363515248444276,56.70113331457885,71.73225730739237,56.95652591328616,46.94702050879731,280.36355536209743
81.98469399954995,16.403757717013477,83.71257400132987,76.5271709257294,33.40504031771698,65.98633849602193,365.9299314375665
48.34285704586995,71.59182368557117,71.44544761350389,29.05177818023825,22.06601431751497,44.88973978602976,405.862847257524
64.51482825692109,60.8085024525408,67.2722252976086,53.0174733563705,61.761762228653105,56.23215101286701,387.9485090548285
24.204290532339613,45.22338591295767,49.516323804756055,11.272924252323612,22.314157089565857,72.3248968464853,263.2000337725231
9.514594279533984,34.96750915091618,52.272102559111936,34.904624062462275,55.361597551576565,66.86534283415645,236.26592025870212
0.718988690326694,41.8455875264553,22.61406388951517,91.38604378988722,6.590362460988352,57.7852120455844,152.2523554117828
27.41533452330299,43.55689075262773,45.204384833210455,41.2123308966569,88.79038605635753,69.03617724231836,250.14227052818984
84.29390667828699,13.701003268164836,30.509838019484835,35.41041819110296,84.77627425681604,55.1694357763236,203.22542727307118
39.857493446737365,91.4603003819401,38.292695807833155,90.07183525949473,62.686819204922315,36.42239610110122,337.65618163411705
43.41235097001193,15.075586848387923,56.82750639950018,92.23063141431086,22.884628569972087,20.04562874208995,244.0460438652883
9.204061185652323,68.30354182094884,75.43622932025144,71.05246647650134,45.95413756459986,70.65039166713666,372.11983278830434
37.34808952083273,56.639799151610106,29.385112237743893,34.90128854737304,1.4104143323131701,46.732227027891724,238.78302453728463
40.78319497312929,56.3233633357897,3.842357890535786,77.33309182916926,93.89011703627699,48.96724573820125,164.95699531631604
43.37618210186943,53.556981734982315,10.288274690687638,90.79499581996569,40.94400679068464,58.561004634877875,181.354969643897
14.985915966033492,1.9727248811711062,83.26852500545998,66.58343034716029,78.16980163408375,59.468168055303885,268.7369407447556
19.147403035496946,84.56788014759843,37.39353551737773,72.67550676428124,93.33424980575167,88.74571086463905,300.463769882827
83.39550299809846,31.9967295174844,9.657461406831569,80.06882598434821,82.29120506426158,95.14094032890709,176.36134625356198
12.381397569764097,55.52965544562139,37.06048404817614,94.35994443896205,62.80274200078488,81.17456552089915,234.6221606055353
62.050998440915485,31.920539555357085,66.68806975365169,57.01152762260402,55.64498998071022,80.82099246323153,325.9562868125847
77.39704225093676,84.03235594032455,8.287264671425055,23.091130464132213,59.39881074527097,79.21440327281192,270.323548145861
75.7480154111544,38.97259439742927,47.37760430341721,35.636100477958465,80.79493360276727,6.857766091570749,295.82601711626455
77.236666235852,91.73528812482188,80.37484891691436,86.07295428612714,97.0480498507964,56.25876869271759,501.8317892362388
49.95584961963505,32.42345183738623,88.35902971404182,33.59612307049286,91.85672388100687,39.875076781368854,379.879842436533
41.25417874618862,7.960258338774362,70.19123781807598,10.828869985515976,30.185429981251698,74.27178869071427,267.7484088779653
11.480638476524764,32.1526532669788,31.82076213102428,48.62381788293728,87.03845507121571,74.46517187282052,171.24823140355522
11.025351865008082,51.84823418705745,10.907554035855815,38.12556900667086,76.57743138015158,35.9741744175979,147.44448234669042
45.43011471787247,40.963006390483706,74.33423483360068,15.263857774060662,5.456992176384857,79.9882240289295,350.3588319996419
42.301824145102586,71.0304524869882,91.75373507215926,2.1609076818919104,99.42577968668853,22.587271919871743,459.6239343355568
64.33626302342651,87.74374907545483,77.90807166284985,95.44704571294278,87.27004444330554,83.85611609946876,473.5479761628857
37.468667046964185,72.28456335364338,37.89236352856982,25.54725046655697,19.20877594490149,82.19555877540648,295.7148843399604
75.46802953385989,47.0410290449917,6.595826023175533,69.4291745218823,6.964723834943632,16.76122257976248,189.3375656933699
61.578619873647156,84.04092128417878,70.93489194300221,26.32836395150533,94.9543873169857,53.80755441010867,442.46513827101137
84.41690699775125,25.92624018833405,11.847680589707032,29.264833565445013,62.319022739926524,26.26815329037786,171.81242914354044
45.524424126242145,41.87366741406596,23.92537519153216,80.85005519986322,55.752627195157054,79.08964068417966,201.04788452897054
46.964109915133,21.25972911247952,21.534618842425246,59.50551786259206,16.103479121505348,43.01823164832115,154.08742466736777
2.2738977432984697,86.25577460940355,39.792523692319456,29.761787949764972,76.30298646199577,67.51679601272762,294.1630180390639
77.03876812423283,59.52943677420451,91.1869866209551,19.205886920412883,24.016090783420097,58.50368688071607,469.65860153550716
76.33075620156701,6.876771081675692,59.32175904850637,54.75851832087139,75.15597082157885,41.328793334510216,268.04957551043753
36.252377982565974,37.40108021237851,51.47757129388473,15.591573644033364,40.64427555779928,44.95047917618147,265.4872522889772
12.697399509624496,59.71636363022596,3.624638649824674,90.87903342634547,71.04609876878636,94.1999653917617,143.00404271955045
70.0455071210569,83.94850258433557,33.34265376779062,82.88646856080616,75.42349703195148,16.30571415566704,337.9704735930999
69.60418758943861,21.836752741417477,76.88388964741313,73.25912192069329,61.3269493563613,51.92511360666463,343.92936201451295
16.908558988738775,65.2398333478837,71.3727123965667,49.81693409047433,72.61293542492281,94.65767707859271,361.5063628742063
9.133039457355618,34.50090319907175,57.82801140620882,48.19490583378189,87.00720621324555,24.693733481966806,251.6188800741256
0.43916423778725955,48.53717902809955,77.21780885917131,96.20493024604923,13.234381728901113,8.623492281198997,329.16694887150027
81.60141563767574,17.743645497013503,12.940210423040599,6.203717890186877,21.249836670996725,88.6692293773366,155.90933790082454
19.174560870692947,36.82454167236633,37.74091838435979,62.83157782428553,82.7212853083223,9.32150255866011,206.04639936850498
73.18606910378782,18.916929717592467,50.83220803728208,19.476946365226688,62.434892742675515,29.6092915768405,263.516552650819
76.1880779873423,74.71072011245084,27.51575018759993,89.39721654743128,15.7006951090085,45.502444523434846,308.15676877504376
11.754204890294695,84.0001654556855,45.51424928774826,87.7012695229813,28.99968565190362,23.15822648558823,316.2972836649104
39.36467260929922,13.960996131580616,32.003917786546644,12.923505437172956,18.881616044104245,92.24554821346834,163.29841823210037
23.23301391570659,13.611017589309693,86.46841267223891,14.68174875389101,41.258334684052556,15.211459611205447,309.8602871110427
94.07118276586455,10.993395893758729,56.35957208009786,63.33773081062262,84.44904456216311,77.33273638928706,285.1366907936756
0.0867294125043716,85.6716890668379,65.48311110752972,53.53231387786184,35.26601522381703,1.3970447175036815,367.87944086876934
42.61280761139622,9.632407464483727,45.29788168832037,44.248917782188,39.66378050557794,95.99609038480355,197.7712676053248
84.58378807033556,93.58009430683964,84.13244532466979,70.40614096422796,85.53150925434826,87.23848484809542,524.1413126580242
19.41805348615867,40.244976106999545,61.82707826978885,85.06994613244512,33.5438662614013,48.190838544724635,285.3892405095243
82.52478290363153,62.50501527691781,61.584866970645315,85.82049807846242,16.994885381974623,39.95775363637129,392.28941436940306
27.32019618942696,41.09075535463567,66.88199011437781,95.65935433258807,38.5542742589046,72.87807028314407,310.14767724183173
7.965335548814368,67.06873929601024,40.101356807123686,58.58767007568921,62.175505782996645,19.146879398146687,262.4068845622059
58.60408360429526,79.30050766217892,8.010345395113315,46.55111480924147,44.157281371410484,91.00851592909068,241.23613511399304
16.206193151816006,81.20029631891249,25.134183042525315,80.19556545248481,66.75876738118941,96.68105389262844,254.00933491721693
44.662880921880664,17.353629039127306,63.251343499455196,36.610084156395736,39.876707074134835,2.9806559640289776,269.12416949850086
10.936170065097029,45.33686393264087,58.362946689419225,47.18869343184827,66.12829482679858,46.265678154781334,276.69873799863643
80.16015348918526,36.25783120060244,96.20932365819684,95.59548075066515,28.20501669787996,17.303554706431534,441.3037868649807
11.901846302186547,37.4205362286349,5.305584327238455,75.68217672588857,46.46357934952644,99.9043857831209,102.6596717411717
91.5184256747892,88.84097495159698,60.06360050312952,1.634203360575126,72.23302447661278,15.026749138094287,449.3911770873717
41.84120309696847,82.28209601447828,44.3176027874959,15.598522551360361,67.01135394345162,32.3445050614622,339.35820348841276
65.3561986115221,15.64715710638801,41.868847145263985,73.00033714036473,69.30776852045126,79.2066478458043,222.25705426009006
35.65666121764743,29.0229924774844,70.84371773591063,12.548938448980406,55.00223859531983,45.201046573265494,306.23379938034816
20.171149599276127,11.886116684476978,63.98869101618405,19.866768061518325,50.324852307299516,40.26083544126633,235.90945601678223
90.91624518805776,67.90130410201975,79.71182974968674,52.48792659884256,91.42251349963526,79.97980172715798,465.8543426411575
94.1179965039353,86.71710816787704,56.86841476358915,14.839321171397534,34.43737531350447,6.518797910181773,438.1574571304568
66.75994101067015,46.996890989704134,59.05998370535601,8.35200971374459,84.46413291274425,93.61463353161648,337.93367410614644
33.15534978452995,5.85540100721148,86.59102957428641,61.10335638605757,21.0143391232136,64.60953246064733,304.63924052181216
98.15151539830703,84.57560065693595,22.162851071100853,88.85042477580882,77.96438775222683,81.4036234426336,333.7912699254815
97.13661400624932,55.07157983171849,61.774156766184895,3.907344017200498,74.60718033270727,46.53360792703144,392.60224396824094
24.154408497607616,55.59180707015734,17.974938765266756,67.40765561405183,64.5098763107804,30.373256658734082,189.26283893372255
56.59579333381921,5.610880674128859,57.353551949245684,44.877420597192874,54.48389250334122,69.3492170062474,239.878210529814
32.52357163892318,60.163191591541576,97.6336275160811,43.96471689805283,67.11778959630716,31.11933202678827,445.75083737024966
30.029833002632998,2.8918170486440298,77.66229640971322,79.30147261508958,57.9659683980147,59.358836056522904,268.8003563290607
98.39336979026079,58.121102394076594,72.46580327949468,63.92814607523696,19.520711982711013,68.06784476537791,432.032984416898
10.404925406585463,37.05037062237457,37.95298150714576,84.04082955427296,86.35414907348493,75.51511051101394,198.3646111727719
42.20503327711596,76.88448342865794,79.2177187477349,87.01263309083954,13.069489003124602,46.868613652456325,433.62715637763654
50.41496412703733,87.97806684934704,72.12355822466559,38.122196440844206,3.6548228333178723,46.47160951735643,442.7417724997282
51.25532395208568,69.9247713298663,70.27848644552573,64.05535136834773,88.13196295871617,3.278941943266056,401.94032594839547
18.69613583405092,68.45928754852956,74.89568908181418,59.33193652478741,41.619576550577605,32.28619287344164,380.3017781765526
0.36144243648233987,19.98378662805105,70.59330953781964,42.08696304416931,29.603675543715458,70.41415480618342,252.10894430604336
3.752410602132017,16.845188513148358,59.057837658702994,88.2794189481478,9.786323401274167,15.24163250797369,214.6163006045377
70.1254353666227,44.976109843212406,88.7634843843645,77.02641132887068,79.75988059271727,60.636366512196396,426.368108206141
28.77246305109319,15.408628090771636,52.62352389565979,46.415595654307666,96.26108859812388,14.580324370272269,217.46029091961583
96.14467188618589,75.15201510291843,37.505816180109655,89.32356885627495,7.166545371052424,44.62237398401283,358.96615063235174
48.8193596506421,32.10658270303557,76.86852471261562,36.38757332382847,93.90540809671752,7.156806679943251,343.63809919456014
89.25322027314905,27.616531196314952,8.195028387200798,50.7058765338947,67.73127567981918,83.29610489985507,169.07136782738135
32.05010849920444,1.933453136895702,34.19899492255738,41.87945540621209,57.395016404057344,20.09394371839328,138.513999540668
45.492241591009886,8.694739109060091,55.63842353779081,39.89213967244191,63.21333505845793,88.33057133505885,229.7969904225025
78.67296587946939,79.38084601667502,94.66587754112177,19.734207448077047,89.29131293165881,42.48560560680434,521.4322905361848
14.995824629058617,25.90295435648492,82.53285926764308,51.71866045955691,43.625321843577105,53.81881626339884,314.4003111449577
5.276148438926176,5.726283403940102,1.6791556378970007,59.67094557221046,67.8178542805209,81.02071967827011,21.766182160497383
21.341906366891628,89.42997886421959,68.22994078086126,87.57994520865394,12.947210001167008,15.482882679030896,404.8916864379146
17.962431642648035,43.955483269718684,21.08879914988818,16.30644292599326,65.4599461028874,59.110606158942346,169.13979563174993
17.156281261815455,28.052100503791642,63.486004140832634,95.41821055848627,82.4368690507799,54.43432850477501,263.71849469189664
15.399814091402497,40.07974475247046,33.28761699901748,94.45929734117377,65.80611500121957,30.683539924240556,195.42215459339587
27.870914711977612,36.30011023633366,71.79935530134878,64.7030096970894,72.55936926685365,70.01940532489186,315.8692010886913
2.44932419660312,72.4420966269922,15.354381123495308,91.85966127527566,66.22609055861666,48.26751748272136,193.39666082107345
73.52610633364954,8.46609002438944,58.73793679362992,15.924255905541207,93.17069042058911,0.676484352530049,266.67209676331817
56.45669053959834,50.312873596675146,79.49399168225186,73.40699440083327,56.030695039517816,90.31420190801909,395.5644127797042
68.36929902263269,0.6822542119573449,73.33642592366566,55.07902683512589,32.07976044590231,73.00287541129192,289.7430852175443
71.59551602731014,19.65738166271209,25.14463084566444,68.0128213913481,83.68476676826808,14.924124650550397,186.34417188972765
79.74162233678301,94.82372529810002,30.192482320967585,91.4645028437117,54.475986029622256,7.372739768754732,359.96651989588577
11.82525224748333,27.415418638149124,25.110219006720534,42.83502510723519,72.44511597031146,66.21517379452018,141.98674654394318
81.3565622467143,17.38152967924156,87.31774183656898,41.79644100016839,59.94774329043852,3.467260470670752,378.0728471149044
30.07815000264299,85.96435170049254,0.93971261885758,20.35472486689345,11.471192180146472,15.533480974586155,204.82599126020082
61.563366897297534,92.72180621833742,63.099840487038975,65.25467129621066,59.930573585342316,70.97285770769736,436.3065007950893
60.21508041232113,66.64456642085594,49.51308623708639,61.26629569855394,39.007019102046094,72.5378311745418,342.04347196529216
44.55116663208645,83.291539001556,65.90758165852496,92.51402201748145,26.41212027981633,59.472662583888855,408.8569896107733
59.090947929225216,35.30811827911582,61.40711094892839,40.54568618620965,45.65865650511396,50.895757855110205,313.92851733424203
51.68798280106959,89.35088088928762,61.922142875655176,27.151233490870542,22.584090414399792,77.20110171986703,416.15617320661033
68.74613754005574,23.808390427299642,22.10235471721479,95.33161854657565,59.092280346970036,19.911504105805545,182.6699825462994
71.30216205553619,47.70646815130839,80.70297149579713,10.025356508166116,57.86986768617012,70.85088465140998,408.82401284554436
83.29130216503292,9.180658780581052,9.456059067922073,21.398913195487847,26.653727704331164,16.863097332154343,130.02079692996122
18.20195373529081,82.68979259453253,53.797844527691275,46.311224666070174,13.36960460079285,68.0162776435652,344.9750725074297
41.47849288770834,46.97048772124114,95.10386538653935,40.02258848379729,89.4611380422134,35.1577439121848,420.73106448980866
49.092361825241746,23.269174605343267,99.38228907104354,0.8225868297526029,59.25297857220579,60.12605142260499,393.77757824905893
24.252480042935087,76.74887298937378,23.566647666225084,48.92600197030538,40.44813240608951,40.621878446586244,248.4501690203579
56.78654316103909,7.703396424766307,5.464401637800065,70.09351954180416,32.99302603065932,26.86402564249317,88.5865409239719
16.751858516556993,86.3101036020492,80.82696880114109,9.775791746833596,79.63568657367786,2.3241539783720677,431.85297212407863
94.72241908817401,51.539633595600506,25.6168358785432,39.39380499033022,66.57277290152295,73.09466090599905,274.6521939150046
96.28032487706531,86.38038122615461,74.00295169175615,10.33092226194915,22.58671743416447,55.286722462661565,491.049942404643
83.78336116012034,56.02782379512892,84.49855761499742,29.43593145913297,41.90966078932755,66.20571008631558,449.33468159537045
31.694303522980693,9.872162827478604,25.485698169767566,71.8726642993672,82.54812777027058,40.27219322475898,127.89572368724059
25.785184168432394,82.1681226219393,95.60469538657208,30.9884630960657,16.731043725333315,25.54941235349085,476.9355155720272
25.45384514702943,8.801382961144476,38.51956858071558,51.93686560636566,33.2108339375393,90.54066668470603,158.6153168114651
92.22986377252448,10.627689846488874,20.733639160407545,15.942521266103316,97.99730339273022,26.308307297653542,175.68616094672487
97.2595575997461,77.94155778885589,16.693025311393328,18.63941501807015,67.3191485666865,57.053297244838184,303.22174911163785
73.03973396585802,49.65751258563355,49.586299988107385,0.585165244722452,46.70743858429282,37.63123636025586,321.1136591014473
97.74905551527581,87.12097863151534,17.170937815081068,46.030322591598214,96.53655005887103,82.05584011557227,323.5038262235497
57.974228294167126,41.909561611497125,48.71322266473358,20.915482539132025,76.5352348857241,19.27964834814223,287.9330195113621
52.152230516425234,53.776093569013504,86.73758749716751,99.9313640323446,90.02580572640109,46.30771014368118,419.9171801459548
83.29441276273167,56.69905066585069,21.701050797412346,60.79624191310874,59.23242348262864,52.29385315679431,261.7956664866701
67.10542625490348,33.95631454625671,70.83283144607681,50.60678446430765,23.127043317303208,27.429044612503063,347.51654968564736
7.978942578873005,36.776145269678786,37.04056438310288,51.56598500253633,72.09850713331676,77.33339383022661,192.65292626753921
89.00034898596775,53.432433561430436,98.7522645714272,62.38608115393066,3.318274947207278,15.92039515660133,492.12200982311026
87.40830164493175,98.06600404267837,16.544386916647902,36.443460575196475,17.055226338104546,59.36526153803655,333.17347048023225
79.29436509293804,40.89293497637551,33.04535642153942,71.00241098432102,58.31856150666168,41.3665874540327,260.2163043103073
87.92247060294419,57.10548876570145,35.48313904363334,64.63834795061024,6.976888042865781,89.26814025563968,308.58286526524705
71.13460232616718,62.41945526667499,27.883978668403365,66.92970225437722,10.744860787177736,64.16840293045286,279.6254488647272
33.02046110076603,84.04953841313977,65.78466242616719,48.53924752180665,52.916122911225195,71.69052995450794,398.47352520554716
92.44904855827345,90.51472590081549,69.78688294332377,57.39608131448829,25.15932638143774,87.85276524826749,482.8391491898758
91.20842099817833,49.139614156661096,95.69170046393764,82.68191584917538,95.72782941679985,34.14497614765,476.56275070331344
83.33362909264523,71.91335621931711,74.57407729284608,81.02078393950781,96.64463888948916,43.59405884115263,450.8825734098177
6.616330476239751,47.4212085994005,83.19920760607103,85.40781559679627,7.332443490770935,24.84026017296911,351.05637049325384
0.11502162390295556,86.23779203764462,86.78824788831088,97.16616761961751,55.22073987433059,92.0363726633258,432.9553493641248
36.4915308927899,50.26696760466544,46.393209576969774,83.20501164629584,40.47285676084324,46.14794037714533,276.2050948330301
84.89475471854497,12.268917426232228,72.05870858904112,67.11610343614177,87.46708000533242,77.83837281679155,325.6087153381328
94.5406698281672,42.9064314703181,61.4889766011063,13.680545253494635,31.307677495167308,96.86908981612767,364.8204625721223
87.6809147701338,40.18268366839287,8.996619952012363,86.08642208473607,25.640300645366267,59.5695949320853,195.03614196295663
5.829891021041589,64.68301718899518,28.91700544246992,75.94536157576955,56.546728591190266,69.61168963376821,221.9469417264417
58.389547355285934,86.56127842556668,75.19851156848347,13.842726042241493,25.378075722118798,21.66901292335448,457.1076389118697
57.566392836160354,73.15332518105909,79.23109917689845,6.900021841962545,16.073040110677304,69.60863026586915,441.5663407289739
78.04867267149328,84.31931861037923,81.79839119455349,87.34534906394543,45.755558668868225,56.13365984719155,492.0824834759122
80.57275498841928,4.413421471851942,23.913622014882343,8.49132153454384,53.108769781017195,88.20078660397667,161.14046397677018
72.46354905044959,31.89259930979046,42.74706364829232,81.360780583359,60.01170422033522,79.43724841758993,264.4899386149075
18.628708352398483,0.18128718710908043,11.328784228141586,94.4670802561124,36.970902712836704,77.9792084747774,52.977635411041405
47.40264884942707,95.118983807414,68.61048984366752,12.373453815174763,61.6885327946322,24.885652156901607,443.47208599525766
37.09332959589352,17.184107187611673,25.125595696622007,65.4883383057449,18.325719784255835,37.22497013648487,146.83833106098288
2.039585964993129,61.198000329952315,50.167391134298214,57.40125405068147,89.22711498806568,22.198211719687112,274.93776002779236
88.33389317318013,26.293674920833155,61.31788896144739,58.66524569515984,23.589420644740144,18.80475776138614,324.8749098991886
16.936964218787598,46.947801381792075,44.449461898148,82.46270004402372,72.23992867533543,44.56083105998783,244.18095267681576
89.4759002859717,47.62264844221218,41.06964484088107,51.66496751283037,83.73550102207453,33.07479736027281,307.93013169303924
74.28400955045393,63.285137288227155,95.10597382501552,45.46322872721361,4.729931166234436,68.72886638384999,486.1722056019548
77.8521158463355,53.43897872324739,58.889554474818276,32.49694029489639,93.2577772349335,15.615289463867054,361.3987367172851
51.400477164691,34.43601158046695,10.087717131450091,55.16259974949661,74.45255293926819,55.96484253440458,150.5356517199752
91.26667892832917,3.2753297510188517,30.489617641856835,73.91286444021898,67.40127136679035,78.76200636963262,189.28619135593738
33.69525674212277,63.84179514023253,82.6335814079276,31.654912465473984,23.417520886439945,20.678065537154723,409.2795912463706
73.80366613599722,55.00485613456527,90.98829541719415,76.06584065796315,10.011384334042884,60.921261470331636,456.77826465671023
20.318772763494973,29.057470124307926,76.40631609615163,24.43729069161774,82.20328558733411,9.590209666252447,307.65266130056574
33.397757064987644,21.924242833487963,2.439551578631227,62.65509121259054,20.465129500813372,29.54900359754422,84.56489746785726
44.674099715300194,75.14587962088778,2.3623318461047704,1.6628384845850164,10.307519138099874,67.0830498668191,202.05285449539008
74.74795556956936,19.029401489960506,59.844887080567354,34.239735922047856,56.13643813632812,82.44426581469746,292.34141979119244
2.7525165493022974,60.15372058896904,93.55364381007506,28.56795121298237,86.18300276811664,12.091442794852759,403.72088915746554
0.39352128544901666,61.688821099655414,36.85623861540941,97.73713486152637,26.71085273156616,27.651831197370146,234.33987933098808
74.934948673698,87.21217217895713,34.54835785535618,4.3336278184433645,23.908977603808047,98.48679272307041,353.0043665976808
13.884695097398547,46.814022159284164,86.30344580375392,3.3283019425653038,28.403189191742527,4.788371472863773,366.42307682722867
41.4515677737549,35.63702815040146,24.519398133787195,24.784985965329376,48.623794773622805,74.35319510877633,186.28381847591942
71.96891012646239,60.39616100171197,6.4806758321924836,29.07500733883174,29.745048705966383,40.000995457362365,212.20325962646376
28.11761323482882,78.11022281864405,47.28942622139394,83.35265129477327,39.895521764449704,95.89053322210131,326.20633753629875
17.576595173419463,15.922312513513015,1.8020899987414851,59.51011515171181,96.0973141988161,3.036531882160032,54.82749019666994
77.26421320674265,42.606733088363356,87.7332020124328,14.614291294996839,51.13290046676619,88.88578986241997,425.67728542076776
82.12890567467723,35.704528970286766,5.987748749933985,7.29480486887476,87.40608495919624,58.04453764500324,171.50120986505272
18.958864274762387,46.18776923017789,71.92691468366215,23.504019194478243,33.939878556872706,84.77590268112635,327.1151467861046
74.3029711904789,41.549276840099616,97.36651434876651,26.743338806788884,82.95874773888559,69.75641343537971,449.5010679169777
19.660903759804903,93.11332304694622,18.29727876749002,28.922027132823914,38.99267690616768,89.2825202610588,260.7793861561674
72.87860573924823,22.46440385375792,19.18357247279684,64.59807162225161,78.01018146663704,43.577703718757235,175.35813086515458
9.383189131104142,91.93404563188929,68.7615082716448,82.99621982487466,29.56915612083515,69.43100240636385,399.5358052098171
13.653630125990956,95.24529601529089,22.975896526537888,86.89439997428012,60.1373771882082,41.900004553473394,273.0719117361864
34.23188105688075,5.304572759716852,22.46251376750681,6.6422466106697335,30.286032084859027,69.47310853367063,112.2285678788349
4.653280948515204,68.80145581538643,80.12980140371565,11.087415883628015,8.04402938863471,29.583614420823366,382.645596790435
48.8721140640715,2.2173540594961794,20.19198778280833,8.337825470467553,41.90025754447858,87.81480314822682,113.88278553148885
19.972442938311364,64.97920480180532,55.6604950587918,59.8190743163578,62.274935871682125,59.081433858844846,316.9123377182974
53.01802929552857,35.18814353297136,24.957311116025682,26.171752880642195,83.20666413538346,65.50764403013196,198.26624970954833
10.577763382881965,37.40581831211466,9.054337871287299,36.78664844520267,95.91332788249683,10.069292933522844,112.55241362097318
87.4714622876075,14.631289092244803,13.386487934212155,53.24760707142006,73.11478555813147,52.19426224250936,156.89350427473357
30.259903318619376,65.5248529732518,79.69028988531134,6.130340984728189,63.82251930139466,49.717299683853724,400.380478921057
38.53438199157991,99.2450202519649,33.77860668371725,73.4165753374004,39.91347903852371,27.605460622829938,338.3602425466615
6.6645673727271255,83.51203101302548,28.907782461691266,34.58993088672003,31.356592485632216,77.8814180852993,260.41197678385186
54.795923705581096,64.68396565482811,99.59561054292999,48.08346491750577,40.53283722202726,65.78851757598049,482.9506866440273
90.94413768839814,33.155525329318536,47.21409501911135,30.387364338789503,77.70303944715356,66.51395061233957,298.8974734043693
57.34562118552277,53.12813424518767,72.0544155755494,55.47443248444972,90.28859202797108,35.20324866237363,379.7651364025463
95.06009875922537,6.054036358335946,93.4250183957018,84.37421613946482,35.13363662998877,94.48619977704335,387.44322666300263
23.390323291465663,43.56465504082884,42.216744190283194,91.27451298240503,43.14503736210297,30.654526828023986,237.16986594397292
73.12966928247624,63.630607959218764,12.708452387612823,87.44001173166916,63.428059018557384,17.78604685591866,238.51624236375224
44.05293090329573,16.680592239860616,51.587273124838205,93.93755352822542,23.958251200552972,32.73682078925565,232.1759347575316
22.448342071041584,93.47960240151481,82.5512898808284,63.50940715534708,68.59806563559717,0.6977468498927775,457.06141651655645
99.80695009044159,19.22217358120326,90.71899286136428,59.240724931192915,97.46220607417276,87.04855061481364,410.4082758369409
70.93336171964391,77.45886017120188,59.59575041761036,19.663249925011193,56.77831400023846,66.09081012537213,404.63833331487876
61.551648993090424,60.50783366668912,87.68798699308473,56.8002341365226,63.93609224962279,88.89089316131515,445.63127730572285
80.72138265983423,10.708534518830204,46.09216454347293,74.00060176018674,67.76320336982748,2.3392741463303834,240.41494532791344
11.758321116327474,98.48942835849488,42.53806575990999,56.28450550291155,98.54203214744186,49.49783681179112,336.3513751130472
32.51687991853574,21.422662309281627,62.390865267985895,77.81581521997735,58.15736269454344,90.66231340556044,262.53480034105667
88.41900387998015,94.33814027233839,79.90902146948281,12.955509620939164,0.24806357628778253,7.051263400891794,516.8223488331054
62.02615846293672,98.71906427513608,1.4467465766620613,1.4967802219069903,1.4707767640636193,89.82156890462059,263.8045267431951
84.70475925862134,32.988465135352065,80.05051961413108,50.938554322881416,87.0521142000427,29.816869663207278,390.8332483717187
98.42506470352878,40.34764581364776,52.73577646861123,3.2575259423646474,41.72767919904009,35.13019519738296,337.32768573665794
89.29137067421689,22.405841904352673,8.286932294059934,18.265309804018838,66.8984329312529,39.693755017160484,158.96385136510204
5.296809612024234,83.24680112700356,16.283510591675853,46.40033267000976,78.27178806015709,75.62305653288433,220.64094364105893
26.236172138043447,96.55042364309708,94.73671833954516,70.25440447309583,28.228754043545813,62.30260279431318,503.5471744428731
46.839592485960615,78.10204072818385,82.68148839700504,74.2596152329679,72.43860796643172,87.00717124190112,451.0881391333435
49.09040693576263,56.091591017975674,19.703196195136208,67.18847212523829,30.536223037594834,84.44429843166571,220.38317755712262
96.38198255817362,14.080588313348198,32.01814441581505,92.31178811244922,51.62888433214579,58.65585535547305,220.59759243231517
61.60738494882976,86.88475210444287,35.64188572820076,48.51601256110798,33.590897596739865,71.3429957765358,342.3025463423178
70.3572947587328,91.81015073684813,3.5766281398584066,44.1424460755671,43.05553239199623,60.42973499566684,264.7074806520043
76.9574317503818,99.05411607976195,3.972831858379744,68.9510077939058,84.18146723067676,64.54453549888058,286.9841594850449
8.876508341129941,81.4396657509943,8.952767099337333,2.0441190894765704,98.04966831170255,49.502189435205345,198.61414114113055
88.78641497122584,29.232061549189282,44.24463614690626,51.86276994976773,81.26853559500165,46.673272616167004,279.9844465103232
33.90250506431357,88.26429465763005,3.9221189712780213,23.975006630235885,68.2996479990996,78.63637740406516,222.19745129340774
10.75544045735689,45.087789909591535,84.27018110505958,32.24295358469023,64.37065268208558,21.45731541463499,353.74156359171866
97.76676324441338,80.91651034259196,98.93589770781827,56.44101276783617,67.76027570901833,15.50554235860483,556.4074770530522
46.37505643864973,84.73500979495593,62.84234326763275,25.306315613507714,15.805033176298322,16.514247893932634,404.37210583145986
88.38281189949572,16.519632671478522,74.55129626957078,87.57053960871245,98.20768944261019,77.66776120013809,345.0759660511651
77.9981104885157,53.94039258859692,71.5012149592776,67.42622271029882,35.080720637118425,72.34645474813533,400.38254054354235
82.99916648180894,23.46971702625086,76.40255233883806,76.23345494773852,32.52860866834647,29.700924812993,359.1462575508249
12.761165678147279,91.26156510440305,28.562732557762615,33.62551953847813,33.29266557241397,33.82712178963486,280.9724935602412
39.69761427418794,75.65620801927555,94.49482710645796,1.5126940737742234,37.82102350744735,77.77317506029242,474.49451163211296
94.06519736415471,95.3254861859436,57.231756478580856,40.23783579579685,6.791030720777236,10.165149606987367,456.41143917178454
85.0811164513501,11.951314071105855,83.65383674361127,92.16903939267357,80.24661089961563,32.56862021612395,359.9452548243956
79.86200850308632,89.41504013605564,90.11107617980416,92.62402234763599,82.70081185010721,15.919090464293006,529.02531731461
97.7087980378926,21.692612758496455,55.889830877922954,7.946563085112457,85.3134506165686,94.0076678266297,308.7635161886544
3.5636740703727576,76.36371313168956,44.780978322212746,35.97284629636569,84.04259690197955,49.087394044493436,290.6340353003901
99.82378667472624,30.652864772308043,71.23543359914396,53.64834224896731,30.88094953842202,40.59579836355043,374.8358170167742
69.81802624910036,11.465281217910873,9.362345480863866,12.234682931752817,39.25613086944987,2.634170798801405,120.8356251275137
54.78299451119941,82.63563587977877,71.29254805447772,12.869002279170571,25.667096478247963,82.50423357584262,433.9319104341901
95.69399721718058,92.68743921395527,43.089564696230575,18.131418123972065,59.85406550087914,43.0167934636936,410.33756973378286
24.33614628815979,19.354755755178655,39.27431977403951,91.1027583189261,73.40147511970524,60.63035613900147,180.86861712063563
87.99645172262774,35.93535066182213,34.90771685783175,97.95534584447884,30.73413340609237,23.36361054844579,264.59030361976727
68.514703028103,15.650274807892794,31.75397602673592,57.652574178991024,42.0057907761882,43.90541123657117,195.07718072409634
49.480877788815945,68.44310443663568,72.97190980585108,90.51436162910686,0.3537048310435442,29.90715767480223,405.28281607964055
71.37956138263218,28.363023296961252,10.63311635882731,72.3481620512713,48.29684483398607,94.0113879189481,160.0049570530366
30.664088984747508,35.5781311062649,59.66480033467477,82.10026459620838,22.521479820112212,88.1102300131745,280.81475220130164
48.23972030002259,65.33447380274201,9.017782616232417,76.53752002705698,31.695282494823108,30.438700082543313,205.96201575420386
89.72792721964319,75.42564236618311,60.36171041675475,96.75154919522116,87.98687909655658,79.62921244161994,421.66434320227364
34.19238303769744,76.01810819015513,91.74146119317405,18.14877883683781,25.28666927559964,39.460620129721455,461.4529829975299
90.68865471204518,71.47717097902635,99.66095758052928,81.35157993889715,92.30843733475892,42.84112514255251,532.6258694116857
69.94822600761503,7.082994871802672,20.199945284641842,67.82612554385727,39.319676117365496,28.120128726361315,144.7140516051459
59.55556182247328,46.57936622142106,16.160359673439306,16.24755458997884,16.65831264363754,48.11785515176529,201.1953732856333
88.89387313135623,55.15991365266492,1.963726939639665,67.22563617876182,50.83958945848591,28.71922376423076,205.10488125560505
29.62808669935123,11.006185911321076,56.09910031167112,2.095234725118167,50.27080768130009,54.36305656861098,219.93775945700673
69.20688781004691,84.52474522155356,98.30942884651017,31.513848877548323,43.64345393517629,10.570388627013372,533.1846647926845
40.3815206564639,24.099680099743793,27.29748264001799,40.52891572426979,57.16853895574903,65.5342867407839,170.47332877600545
46.57684918331331,60.033529241601244,77.36251094418236,5.94396616902797,65.10660929124224,53.9143534727484,398.73144049906284
9.567136034756786,72.38158511376447,47.81531568948708,40.02566110357198,85.60075097764356,14.9549164875594,297.77625333074695
86.69940148798453,75.01799442645314,36.96931321080659,51.09159279366071,60.66849925339079,85.92788389207475,347.6433299733106
75.2033999780033,7.369991986978075,8.61301847637883,38.977361237812644,36.30393809439093,11.177414957598852,115.78243938109594
92.19843135158754,30.1200049617224,79.71724899033913,2.9139415065884133,12.879105933219137,70.6398098984744,391.5901882460497
3.0606656480846928,23.542363784958255,26.237743185138594,45.503664102646916,45.245862045481836,81.99166121350791,128.85862277341698
65.99478098119349,42.187809068305704,2.6977413258807315,22.253497565862656,49.89542389155862,83.34308380076213,158.46362309544708
76.04255563644713,90.96821153117774,90.17019791073874,47.93343558002019,97.93968917426902,52.87890058943713,528.4895724310188
72.37824974299797,32.37656013203517,66.65732628816389,13.73911574386586,98.18086781028002,85.73516567670886,337.10334887156
24.54300827106559,88.09179389305513,9.956007054732229,51.15184854011616,75.71586170369868,92.79407375801871,230.59461722137252
28.15283117334204,59.490108967309276,33.10803701331335,56.244619480392934,35.89865276219434,50.538541004676205,246.45716014790065
21.408757931660492,7.977204012221161,39.608821666567415,42.15481904653042,39.51504679044216,53.61622012701231,156.18963095580506
19.213513783945924,28.370568733235658,3.7690698423465285,46.14693882098212,57.10353726346435,63.74777933549275,87.26186077745683
51.562770002551986,36.035244715301864,1.0106594430682847,83.17195892132922,83.81629724074514,19.93871669148597,126.66523776236056
72.77615022239642,13.786704795123516,64.38741129401933,10.582890041626792,82.32458159198247,58.918973008267315,293.51179369470145
74.64498233273105,18.833567841262845,44.148177329043435,72.61379308629593,42.240320885258775,73.07812617385311,244.75665000238703
22.220286165798196,97.79174379746946,24.535988835072086,0.7357401812082109,48.49483964667153,11.062032301139247,291.41174026595337
29.202433262078063,62.0485066163412,70.01194496530452,2.8685321631064187,97.16861981913127,57.26248508870481,363.335281390674
80.1180235086869,22.91569809445044,56.41358975575592,24.88969620447139,80.42221511999212,37.71575274952346,295.19018896485557
79.01168257684427,10.949125648361058,1.848998073843533,79.61816596608604,38.39488776135812,16.91686641457075,106.45692809509698
85.5103578958844,14.826854367452913,68.97165238344988,27.572524449945178,87.10896616085037,21.680170778206698,322.0790237811399
76.04216842189832,79.01103066160059,22.197282925019678,49.863224610055624,30.376015878405394,51.796098207944986,300.65607852015853
13.855628269664322,26.241616161453273,8.868768389523984,64.56350130797054,39.2156443059543,83.65020662797382,92.94516576114282
10.369969035763937,99.3394866065777,96.74383576115623,15.240081540146122,84.07567654859818,11.421553621825852,499.28044953238805
32.31309900591,98.88137001928695,56.80454821027203,63.875987616951015,68.82850639691426,93.63915103727031,400.4894836753
35.027195234825484,79.53843295963185,81.53687413050335,83.48416922209432,87.69436103482543,21.86093449048344,438.7146835455992
49.13786554488427,32.16966505068043,86.71024311000244,0.030847780873044517,89.42776168731872,17.600084426958617,373.60792497625243
93.32300981164462,43.494070795930206,57.445210839527604,34.03704781855229,30.755444675082522,6.3470482618459005,352.6467839220879
43.95164941130185,86.1324089443145,76.07434362542782,43.01910838987777,62.5672613670222,50.04782741173439,444.43949817621433
37.59808919189762,43.248615980027125,54.99673533549968,43.81477878913426,58.06767577926817,26.56355523543389,289.0855271584509
75.51725712669027,31.608457512600662,98.35711815232919,74.30912180546741,38.26453840041392,84.75357638045833,433.8055266088792
11.6750796847933,20.721961451130955,23.84091379760441,36.04958647532205,14.010257592883724,33.632735002382866,124.64174397986844
45.382831178810214,93.39734807650824,92.99887522039768,90.08568615098909,68.46336503394241,23.72889420302924,511.17415299301973
74.44340894492402,92.49594142245218,64.06862265546965,78.88633391537691,83.38746264745178,76.92233122258236,451.64115975623736
49.37522190495878,11.365613279519538,94.95244824612374,36.61546943921117,37.16931490355023,19.735258967768697,356.96379320236906
69.06760343237141,21.207961740390136,71.48585413599508,71.05986159650303,2.775521326364505,74.74557181929762,325.94108932113693
74.41016085198714,70.80250031800351,13.971286437979447,44.21522414354796,66.97205033354507,89.44992303060855,257.9290208019325
91.23399894974615,24.30777782615776,55.67614177019292,9.498753002725058,5.835288517798453,3.8605005017316674,306.87797991264046
95.45015514527435,26.460589255041324,84.06019219191641,44.75623171447033,49.656396879892654,23.188329040095333,400.55191023110626
80.6515731921127,55.01323160497268,68.29981148074636,38.095679123545466,77.48996893759093,14.381766928628604,395.5774708442971
96.67932297529754,64.73619574258012,55.54665059554126,72.97050622294493,8.467454172527923,52.727901610685144,392.7916662470816
52.698362091714976,71.2578090667365,29.566477206509823,28.153907562674952,25.16800437699932,23.300072366321388,283.9134118447174
82.07765563627824,15.339118396394923,76.1563647783761,64.03126511909764,31.333403142536554,21.297526488805584,341.2249867641964
1.6557243880092165,86.25487609137896,63.180458733623624,39.16421454712251,30.48694426133245,83.26149278771163,363.706852771638
53.565500602818275,37.570678535229895,3.277482877734561,68.96225611330189,17.96282198333773,29.19161475506291,138.53930630648176
43.39848699660131,69.01050814081454,44.297076509985466,53.58585549927837,21.804958012969944,63.5909288266266,314.3107328081868
19.752295188294333,66.97365433286512,7.2737356082370646,15.387527644151922,59.22168905711018,4.73709388354081,175.52081067873578
23.70982828535699,34.69887337182643,31.14107074027983,71.19985360118154,6.9923921997818494,17.750976745989377,186.53078724984934
55.06191871687531,15.637166233368516,65.25748856271655,43.965256561885994,14.558510043681316,73.48629220045397,282.108716871762
98.56545698815685,33.27110501597447,88.92668807168383,87.37238325968698,26.576583779619824,45.509512523269734,431.8877312351573
57.62027914426615,73.83413717971287,6.159495298929196,50.556324368635565,72.48425281625944,68.52816062393968,223.7670394004795
94.7825058086817,10.000701218915287,24.582229511914168,65.21052064872586,30.088898184431844,89.04636939343858,188.5305967822548
54.778991127167565,61.93845993102902,51.232959193453965,60.76029125503663,70.22713347660219,41.70482159132983,332.3547885695875
83.35428723536205,73.87546114223794,32.520123436562564,44.112221299230114,42.99375097015628,30.06145761175493,328.66557982952565
77.51241250167628,29.713546881225007,99.30520558831614,56.908544338778555,11.670478628719538,99.2899410113688,434.8551230290747
43.59289014255512,68.82803895428412,5.306968538769508,6.6068683332391025,78.00517789960257,79.65375030382094,197.1698736674319
69.16342007020506,95.08348702932383,33.141154272402815,67.93630104404335,57.54525590334251,96.33000561593383,358.7538569460612
63.87729544389419,98.75420696955221,88.57610039136723,51.65229619038978,52.89723184654642,74.32256969509511,527.1140105571003
10.126713600959425,56.39252154431655,72.2084620071839,19.762320709706916,68.58710404076126,81.36907790505695,339.5371427111442
14.355573296202929,10.099938654867803,56.888693308102326,95.69870393230991,7.090375521276105,9.899653594234659,205.2215305302455
28.04667111710677,0.9281286866681171,67.93506901526514,27.887103188574336,60.980975370488586,87.67212064031023,233.70813553623844
38.37542804793613,85.50552004988047,56.487571186148024,42.8494248008174,61.34667905749617,60.55249419890543,378.84918170614117
22.9700504910035,68.1274974105711,30.22560874568445,94.8774257904567,83.90479003963253,18.331565327454634,249.90187154919903
42.71815148592819,48.57681059906667,2.00123935364519,32.34302822254315,38.832558899745216,42.206485664159324,145.87549074499708
68.63213759185666,8.406735158734847,88.55394436856889,53.23709422335771,51.34680922914253,70.78626552573213,351.10744101503303
21.8868912152846,23.31093061572075,27.143894422452007,85.35078779272419,61.608466787047355,88.81546660004635,149.94043571408213
54.66820376706869,7.946681455754689,27.37489488729974,68.87083817557759,54.60964911928639,91.30157795792509,152.68625134047727
28.750788870031485,32.035618971613566,74.32049808145318,33.72805111644431,54.280766214442146,15.867207849716337,315.78352105761815
10.03042381358611,26.038678946460394,93.89892057182992,91.9302531182187,48.027228862327796,41.85377809095133,343.80454342199664
2.772487015194547,52.928503156388516,64.78421994458542,20.877593084195766,26.10180697283584,48.34252786161572,302.98215316172787
95.25370193445455,14.738284207425089,56.44945112560767,10.28780478015815,38.40912858446748,0.6315984112788553,294.0786237261277
87.84714801786457,92.26466782717665,19.606917309916028,19.277584467279794,64.23000519544175,90.05366008162802,331.197235601966
70.4520889321292,60.59433478596775,93.67316737224247,26.216861611884724,18.590217881106895,3.0121684165747564,472.66026062079214
14.456992886047992,57.49779951033982,2.211480284727385,10.496280680866299,54.16246736896338,7.869564957760211,136.08703276090978
37.04082191737433,5.1153528269355935,18.799448570267387,39.062811864716984,67.20160352839024,62.38822462949653,103.66987328204767
85.39609249159574,45.112332353291215,25.578311984233515,21.66015767614773,48.52855720483041,97.79292137939738,252.35569315087872
14.167233731761486,64.40486247575826,88.9459212299216,75.77231724924805,90.39226652543798,89.61789786199697,409.81472237304274
90.74599890838658,81.89098019050827,11.476336391606134,7.361650461238389,32.48350055735179,90.18554866523458,288.9569684642215
45.69710896200528,79.04158361768164,17.14282695314402,67.10481394382404,6.719086445835643,56.138029656700375,255.2087570568006
86.08348384529155,79.82411319748422,5.182313609819955,7.887257242320123,82.86697758668046,38.64603037106925,261.27865106971984
40.341314640678064,82.80016294858757,94.29975144577266,20.18237777140184,73.786117030662,18.926395622722993,488.8408948751712
98.07754474568668,83.3444233839008,37.14048981997057,3.4162904011159845,89.09236656188702,21.12536352290816,376.1878609734
26.120825689509143,83.2025069050116,39.76395607616448,87.74110858786398,24.452386310215836,45.51783004868714,311.81770772802577
73.68351194750561,2.9024128576103148,82.87786331755467,19.485035146033326,96.40816022504077,62.823496688823866,328.12192761539023
50.85655465513448,98.15937836797029,32.420456492747164,81.02925038610029,21.540683871517853,44.17369757786486,344.43668086931655
63.06796256277774,41.105228028180306,4.228699424813421,21.530684585262538,46.72377993812506,68.24158648992751,157.9645168935786
82.73366294130835,91.10641376389522,29.45962004699856,16.75422761848968,52.968118861027214,18.073774675160024,353.32535061009446
22.198880186921187,26.723382842998745,58.535112123073,65.72389540042587,28.617836111999363,24.471951016679604,251.2509822421377
59.22831678935485,92.0583148523676,56.98898475319224,28.812887664758524,74.08251058323498,23.04405380710497,414.31190075366675
38.71126852934066,77.8270079736283,37.9789050518241,49.56835688506768,6.447693050131786,9.389593557515564,308.30199963206957
98.79812738781824,83.89937209122947,55.59168590898265,12.746220041191103,60.726946378782955,15.853581108707903,433.37192929722517
24.209259880322463,18.14521899874616,48.563095295054005,28.89030887720727,78.65488355098364,6.866311741433295,206.1889837629768
27.72582540635008,71.99817723345392,84.73469079102716,4.941855164869013,65.16812672189819,34.50791411382548,425.9262522463394
77.59149804251606,70.44929520444182,57.49981042413058,37.86045274713482,17.41180377669923,96.46037841226438,390.98951972379143
84.36894524844331,40.87874843753278,32.60583354539356,29.564711371630125,67.51240473541988,53.2363544554694,263.94394275968955
7.287354068892437,47.342309580109266,28.87458537289248,65.58524413607297,65.68084438426997,47.24183609968281,188.5957293477884
44.80662115731797,34.19995645355562,42.50938618150572,74.02815413063414,87.5966882703177,3.014638678754822,240.73469260894638
5.46736229378798,53.29499563560249,30.445319521169832,6.574105285817911,13.557901755904567,4.4954482497985175,203.39331212850246
67.48788740828338,73.68958234984993,53.375737521754,78.52508713201873,66.57969674232885,43.48428676426575,374.9942646732452
94.34197831658996,2.099554609745502,29.29745275075031,13.033572558087892,43.44799034225559,14.000449418279558,186.43344578833188
79.97408943622662,58.94889253627089,60.241486341543315,46.720390447723425,43.57228069781852,14.024326044495206,378.59633353339837
13.588595237140666,41.12020875374972,0.8151957860814463,34.45899184991017,23.17149579949276,81.41816668056335,98.27460010288445
28.231376886040906,63.18820505370205,30.73204868901267,3.1632172116877855,40.63385354242903,80.50070092640433,246.80393306048302
88.74751136259079,57.80130208294909,54.041952524478155,34.388852649389044,37.52532719794197,14.025713635532899,366.47597310192344
78.16747713451716,59.97333361879591,65.62968034587054,38.3096217959491,29.325250843846817,29.86312269161777,395.0031854097206
13.103342506622194,24.85082854126357,26.991306419967376,25.45642353122275,82.12405819273259,38.61593937399547,143.77891884905148
0.2202399801502608,82.95745891165896,65.53556993657108,94.25305173178833,83.74658122861638,47.27873496776262,362.7418676131814
90.1190986546293,18.34920837775964,27.83328961520223,62.01783765932638,98.52192329249199,32.84081901475942,210.31738425575526
80.79374728828212,34.34240876456003,61.43545869960515,53.34230621326525,28.601955029445868,39.88640417151471,333.78494091621764
19.916026160363675,17.74028985111167,92.11885313690918,74.6553700599657,6.667271141756692,47.607601206958805,331.75316527331455
89.20101494674232,18.457907251194182,84.65400446538045,97.8234954225176,66.32124137366421,47.52509115727721,380.078842845272
71.59298173179326,68.24344980863923,92.31883839775767,22.74909871340556,89.66692552839429,35.34394459127991,485.03639654234473
85.51066032582315,84.36687751300464,91.2339148766331,11.47470115121928,14.632278390628684,3.9341719401276842,527.9461599817317
63.35498986052972,54.682823282427364,73.94192705116951,80.07977373054042,6.638644611648104,33.03037597578752,394.546417578893
83.30813855827166,15.799409625851412,17.201631482003464,93.90892617054081,5.2152670076871965,81.94320469303453,166.51185225598488
74.47133126820192,1.0616232279755944,2.3594038654922933,54.070132192067575,52.1056292795292,79.85542565369514,83.67278932062999
81.8704397035832,7.987525456334332,24.482148888868117,54.80308780648719,85.18431656298985,73.06309087547069,171.29193728285622
37.0093561310751,72.41660880140545,86.2028121672692,71.79154809713289,44.93789752280607,77.18080096543193,440.4510102356936
54.61645047345214,19.117431985814903,2.4013048201998233,48.76772227669165,26.129453042491836,15.6602079613139,100.05522890568142
1.0909574911779019,14.569746967888042,96.81387895293824,45.257335360030524,16.27100182251485,23.211025371769566,320.6720882857687
24.93342330434405,79.13546805501731,16.764698381535347,1.9042003560020282,80.3156037688481,96.53948256580207,233.49845455898472
35.0944383007443,23.351193392657,28.714355027798955,54.793620298123855,74.13346484333134,76.34397029871351,167.93989016945517
76.5933231013409,80.53845862627415,47.42813758656887,68.30319313888626,30.373453226305013,8.282075677159973,379.9546531135958
11.775273550168864,87.69969034083903,43.42669920397856,62.423209291473384,52.69001307264076,19.635752597044377,317.45475184378256
33.961048699929094,64.54877892052106,26.07532477449016,38.820243075945406,57.43022702725641,49.07770307665453,241.2845808644417
42.7050873641826,0.7535532998547145,8.214830205063695,87.217388161789,6.058493487699579,14.14550351528787,68.85668457908312
7.059851674810225,51.718905937055716,78.59424971035692,5.42126523434725,3.116868238965498,3.061315725964431,346.2804126799924
56.728877354390995,79.62745416739875,82.42743972125163,41.46517384084527,80.58415311219966,41.13255200577311,463.2661048529434
28.297559496199643,48.52978168026056,90.99456429849877,62.22285336542771,23.251235125086346,37.30824487049343,398.3408157522171
73.31637224794986,78.02717582656523,17.114633347521423,40.27899640084676,95.25572308707527,42.16056722628993,280.7146239436446
11.270427862466725,90.94188768557707,54.23396161052993,99.05932482159469,25.235320341005075,96.66157834864694,355.85608806521066
98.73415055224987,16.186655136581905,18.45196527017491,57.900384251960624,77.6235208419057,72.12027359257276,186.4633566359384
37.54982184077752,62.12737471458735,1.6224034839881218,14.990404830998138,47.31771410702075,69.45995358925144,166.67178172191657
71.89092528553196,89.81853008022873,82.24420688019866,11.488760580017887,42.130625717406204,83.01437045036334,498.2606060865854
24.720117478153767,44.75621621037627,32.64878925353558,47.62056849124272,75.8608567183947,36.003574566947215,212.17891765951305
7.509218563827169,53.85157462728479,35.39446431722805,7.570884236273545,59.193852067338625,56.05528419222834,221.3957607700809
48.17458541216012,38.22880909212502,19.125452443346813,79.43299876705497,6.61587608284232,97.2407314110064,182.0085609264506
26.952370014592496,7.685300885124424,20.71254869649617,87.59817222141831,46.672165632921704,96.20849053431274,104.46061787432986
80.28918871389679,88.14202427500094,13.471648401771441,44.54824137937501,37.74609109248546,13.676659355082865,296.988182469213
31.586675554895216,36.52417620524814,33.79978756163142,57.20351268014012,20.53584974441838,96.7710870598505,206.03439065028573
73.5826278895509,39.04523609415749,24.75800307143269,18.39955979498121,35.953575578161164,63.901102044830935,225.94710929216396
59.98417874677875,88.06078579466273,64.98571713620521,78.76879510549797,68.60055979669737,71.90739438472608,431.06290174471985
49.33416451676954,32.18735545166555,95.80960618984766,28.774162601311424,42.55141754128117,58.40046970922701,401.1376939896436
78.5724294396187,85.35945465924797,15.405437386279575,48.80891594829728,60.11621971357863,42.27035018478534,295.50765091695337
59.869070283413386,27.475457320362406,4.21632687891742,79.50136089927608,83.68759501156318,17.465012800371305,127.46896556089045
85.51334796606042,95.24877205937172,44.294640118839034,70.44748091694109,74.80141143178056,42.91953948095421,408.89481244132094
71.33480141489538,33.26013833184093,21.524573672557935,27.77587078088156,18.164718767559396,42.02097982658255,202.42879909625105
59.64404323325727,86.86348130286278,64.44258631875616,66.90405537621876,27.589767941121004,3.7036803112116323,426.6987647952513
64.27933714380059,78.8321960017703,98.18561671945915,2.6864033092622974,97.41309638798636,73.11223762031294,516.5005793057186
60.23826806317937,27.183352340505817,34.48168866575736,64.4322537813173,79.90561303075829,30.107445472827056,218.05003874146308
71.70633190521679,62.6598752968496,97.0113229301889,95.9768033891205,25.162913935848565,49.525367270797574,488.06005128948266
79.14797031033783,69.49852703197075,0.30550147567017794,2.5425567031704177,64.71191863899298,87.2695619672761,219.06152880128985
68.5200572221067,54.415308357138734,74.93891147911405,96.39897422946538,89.22460388810703,33.69679302013512,402.16740837372635
64.56014789504073,96.68797143872831,13.3953159746661,5.613235962544783,10.874354539417109,61.4610768750676,298.1220386964956
92.38638537423408,20.733463380805027,11.832187357352575,76.22385841372179,94.52471094430737,83.56003668927956,169.34987420790185
75.15502785211365,84.02965692158965,1.19876723724347,73.13731413542523,32.56108155210337,41.76980518122446,246.81064340702335
14.02432272393841,83.41629757704759,5.847414694500652,72.5588160628837,55.157894326975466,2.3856794143062188,198.39916196153553
84.87738185249451,45.968130790298844,83.94218130177687,15.873015675961156,51.448648798595855,30.068940327770534,428.6401873384228
84.80592093905645,4.439483174374859,97.5678294660303,37.076730466479255,3.7039730735653698,99.9362046449075,386.38837568589713
41.83349784314051,27.847144324600503,23.37165257800857,82.05970100686658,43.43017041494722,49.554872757604976,167.64274422636726
71.28065264764255,24.638479981505146,49.66155287365014,55.59422193460667,48.422171337553735,46.402382870121606,269.5422712316033
90.00223855178925,97.07210931038479,51.90611867479503,81.63079426933405,47.32272411598386,81.22126599217076,439.86481319694394
39.85358792502407,62.34535765548684,95.24343408395485,63.64338251603962,53.17305668293234,95.60740330357063,450.2746054878623
89.49923938886408,78.49907962951606,65.54901306537292,26.99976023836319,40.746713532641365,13.593503062634193,443.144437844015
80.33508356159406,4.517230755422186,76.42216436948897,5.763477003896867,31.03189652710491,95.85949074652909,318.6360381809053
20.059231265999212,66.05407890715414,70.6433138126667,66.51471298154934,77.90068189586249,43.87963110252725,364.0973305183076
54.442855562883366,96.04175340330265,24.689741826399334,4.696049078487863,30.545474016680707,95.60328791358125,320.59558784868665
23.202159245739274,26.668577519189796,53.16810896963721,91.07176158087303,95.38089499598752,18.400943312446937,236.04364119303048
24.57569531681988,52.92462528013141,86.86120108773197,21.9990028405027,53.44765420714464,86.66477504781555,391.00854914027866
31.22455591722879,93.5739754814426,89.76309621391087,45.64674048973456,25.495759512787842,46.7474243006116,487.66179552184656
59.29130303485795,91.95857765280422,74.19825166523528,3.8021089562873867,74.38730410097598,10.404105073332426,465.80321333617223
45.70846680408545,23.829936280942498,42.03069149926285,75.64949809860131,11.700908626077045,67.56023092000399,219.46041386375902
24.90900473381733,83.24289228943815,8.151285450358214,14.50858039489199,36.83542816031059,81.48515133873768,215.84864566376828
64.6659589810698,69.6685357731493,69.90368967289949,83.02446110485235,97.83162243424431,84.17551696926532,413.7140995460669
57.52145243079069,92.5669712134662,53.829985866645,67.20424943512921,74.82667822701143,60.24022982004781,404.1453524576581
15.738016456772419,84.81811054169309,65.97976766224073,58.91568429025418,61.73499370543512,25.570843109786058,383.3135405268808
66.43758020868454,88.19104776750211,71.86353693394459,62.36802597450853,57.55365586898979,27.752867796028934,458.4102865455225
33.04244720114764,55.427824361308744,50.71230955946058,98.48418878494711,84.70500566169967,22.137503683670644,296.0350246021469
48.69250668643525,40.95166784569433,80.73722137221463,46.184257794037805,73.0707458645863,87.80110841942678,372.8075064944678
17.316182220392772,10.545912818389402,78.21038310136905,89.10985736197753,90.79955768801801,16.7591277691314,273.0391571612787
94.74823353644129,47.8890609969849,4.993018799667858,96.33970395138039,58.47744239434982,36.69831361641388,205.50541192941466
42.9231440957612,29.311676825212786,84.13897619819882,95.72973416009283,54.669133710497434,59.50890407383066,353.96342634078326
37.872353458388574,57.73808212054233,89.85749819334785,36.64483447113975,46.93948549964511,5.83800967362571,422.9210122795168
21.099598089395787,21.103273219829212,60.823813287725,46.45911052240964,62.95271843721637,58.98487225319074,245.77758439222924
43.920206716708634,71.6439552023756,89.91119325721823,72.1512275163825,36.76931348671689,92.393800611004,456.94169689311457
96.48475805357494,10.840393059285114,70.15344832912814,47.911229621657604,22.597241433191396,84.88469492242618,328.6258891595296
54.35925139698116,34.358507532258244,88.33934540157229,23.64380620875225,94.52573271240449,51.14494621429452,388.0943026662145
43.53514416978738,14.472970454992861,2.2345508489119648,32.77610377186285,39.6326689490041,34.878391074859984,79.18473762650899
83.36267949224563,19.942211333264826,74.10473642449308,24.468773673791443,82.70586403891474,24.79271689196103,345.56131143225457
40.846951354148445,39.394080672049625,56.9945901066563,62.238367237080695,43.98562267158411,94.16954914532599,290.6188830182166
29.662539655048924,51.64180253539177,97.05905838147807,23.615088071655833,53.09081010615265,41.402149971657906,424.12331987026664
34.711573912690284,91.09718956101,67.03943247770894,72.70864305810176,9.840220206185602,28.342509313232433,418.0242504678371
95.59102507126646,78.1328260234732,35.56012591222994,16.799312382428955,69.16970605042329,5.748416167056547,358.5370548549027
58.405045852997894,10.855026420320934,93.06160765601248,70.11246422853287,16.855529787132127,59.17515122397574,359.2999216616772
9.351746115710357,57.71094553095557,47.587922480318845,2.010810660169704,15.305118737361212,56.366462541302255,267.537404618578
50.76313045687236,9.529275547456272,7.958314804387956,35.6252829564879,15.224931826403198,79.05380255536305,93.69662596494877
22.05114201920978,78.28544516992689,34.65334867015712,27.556187212903005,16.41605656775189,51.99720951051733,282.5820783695349
16.51940309574855,99.82743078890726,42.55650515200298,14.261663837998007,97.1133488198055,62.45896797211666,343.843780129572
98.38349701689152,64.17281337657236,27.969244288163196,69.09895023602279,29.943085342948926,89.89302985506407,310.6368566345259
91.68455261594353,63.40507189771512,94.45565534431299,12.121257903061766,38.43416156294197,32.697488831337964,501.86166244431274
39.101250282807,90.70789809015405,8.404099455511515,37.522412247294035,81.72338243487293,44.08985367316571,245.72934482964965
19.92089299438865,20.168945506772708,1.987136089482866,29.36371239417852,58.22838599105143,38.63885240169758,66.22019227638266
64.51557588857453,44.58458307155202,95.66458046722006,81.65085498583922,99.14182129004689,44.272677523900285,440.6784834333388
10.416814794038975,94.96822579008747,57.652366925892906,4.129178511880416,48.08443810558721,89.67034602342909,373.3103671518926
51.26056650391432,31.607545506656475,87.9538734398567,8.9460220079573,48.537428163007526,95.25589758483815,378.33727783679734
34.19176573338439,1.5683334637299429,79.6402093961838,37.64064797091113,51.08766273380178,87.41784839456076,276.2490608493957
49.417508403479836,44.18110895665659,1.028520148819978,3.2530386678441436,9.332888289162955,63.369315280942786,140.86528676325295
24.063014031676357,85.3838050209591,76.13734268869543,12.61881961186524,18.714515807719746,79.98599432997224,423.24265213968084
13.83415494381337,58.3807953742942,45.12730021825071,71.50189353102716,14.718037048086641,29.185260995523223,265.97764634715395
73.68137754651124,84.9036394096044,25.13366405524674,5.909798984185921,44.88708700267,48.55357767005558,318.88964853146024
62.087063525467556,34.84767433443928,89.67141752219801,0.9776222006213975,57.956517110339824,26.04178787081094,400.7966647609402
83.09374176008177,87.07463307962429,52.28800590069101,31.870404496981752,69.07950312091774,17.1169835749161,414.1070256214034
22.02342058445198,49.01516627132477,98.93610113001318,55.354401958210275,4.498143254185482,50.71142851488643,416.86205651714107
72.2160723661739,64.11527360138533,21.157753261648182,35.57543631309397,54.91837346036201,54.006587931030836,263.9198793538891
54.182046811310045,74.32246314439259,77.06943286873458,81.1457802834258,63.06769594988858,46.33451261774601,434.035271706299
79.40134825026604,88.31469555271424,53.70926901844712,84.30574257238625,87.14542857865621,8.507985455603151,417.1585464110359
28.63152806134257,87.08827546703509,37.88506856414718,36.555265432518425,53.76427272062255,18.380630761448625,316.4632846878543
79.96265284973512,27.32835282187953,74.51421974237239,82.04549889848018,88.11109295943348,97.50201462109594,358.16201772061135
1.8767278213468352,53.613155814198365,13.781263019580614,91.9185952135655,67.94345457072446,51.92128749102797,150.4468285084854
99.06244255055233,25.314007171493703,19.400286786622033,54.861616694722706,35.143621954270124,25.494534245020397,207.89131725340582
77.47320181871889,98.84813213166524,38.93939327931078,85.0109801596051,43.26797605956298,52.89138470521463,391.98764591998173
54.804768861657834,74.95868081881532,68.56295020317565,25.057728208988017,62.18922466047556,86.73896721309823,410.4109811088154
43.85232592344834,41.61200758730196,84.63094556735544,45.449668284834466,77.80076309906065,37.286659819129255,380.9691778001186
50.668035153778824,82.02930981630928,55.2583498026177,8.88976174298528,53.04427070948162,60.361640627996806,380.50170419425046
64.59822764951359,13.859094175110819,89.01276895877459,30.25421855669206,79.37752608641114,40.388768640309095,359.354722876059
41.591644249993486,17.53675058587374,64.18547935592429,36.399596510543844,79.3015889706881,68.48198277595164,269.2215834895138
50.03088526992848,60.89379035130303,10.216084282231275,37.33387975663961,90.73439171705468,13.129207433569047,202.46671881922836
25.080671403283638,42.934970674885506,68.52932047907598,2.567853814929877,3.8085599060379782,23.2766826995081,316.5385741902826
64.43805513140262,45.697877375741946,39.83561120613093,85.25353398127923,46.97928452338045,14.59781355717088,275.34064350127926
57.618473721311446,80.98413935872358,61.37469349139164,16.506427658902687,59.98551899770263,41.7689376231965,403.7108329129335
20.661947585613184,53.680958502559776,44.10090315989225,66.08665597344144,9.984119586782692,98.47112462909674,260.3265740704095
67.47794723267654,88.98846800508751,15.813986887342102,19.805837429346894,28.77875048135442,56.8309368025271,292.89684390487787
82.98487551071774,14.183996892509077,52.06277475364901,93.49579935086263,84.13809659555781,26.780376665108506,267.5411935566829
27.697893516267225,72.07666161120187,58.56015397038522,96.42205437310992,68.32317328953016,99.46979331803861,347.53167864982663
40.37137068304047,21.960450418879397,84.05349070778517,80.38814878025575,49.640666812284465,26.958487817968336,336.4527436441548
67.54177238484014,52.02481209216262,64.23967308464512,94.632003423656,6.565549671469784,70.92412317631566,364.31041582310075
25.1125365475117,55.628997784177294,9.480163458512758,89.57570004905368,53.12609645316656,37.49987808970956,164.81102249140457
37.18188525705233,81.82868892267756,71.77838389256718,26.60639357316522,84.14984532032219,63.430538780982715,416.174414780109
36.781693147360464,50.7364465876145,40.68659793872461,6.826659736803242,70.89970871778984,63.83654632628644,260.3143801387633
98.65277196010688,67.81433429962121,90.40653877758905,3.043175474515658,33.79220075284122,25.726346228931884,505.5010568921164
88.14868004944827,92.58885388380111,9.169574390526181,88.52669874357008,7.4292977855646924,89.17827320142936,300.835110988629
96.29350251282035,29.532961023546466,0.7974898870653613,99.07433663886565,3.1736479059037093,3.4367263814922056,157.75189422110938
18.31338938162057,48.40351607760574,31.86138669599792,35.87572098157702,10.97338573694694,55.08447504998657,210.70458162482578
61.94916536202245,93.01813741453111,66.71789723895009,33.30338291317939,71.05461980925368,15.451808130139078,448.13913190793494
18.80748223425359,59.603937100823124,58.49118325250971,44.127826039104114,79.34133989469537,43.42963787456142,313.488906193429
34.12778317962264,75.19030061518588,54.30551369324383,74.35029817515291,70.8659525956827,55.23094513333911,347.42492548972587
90.77642812099124,63.22448357816122,96.21348656362655,68.83919579579536,91.76862870308568,55.19388747978269,505.86585496819333
16.109558939183767,76.27566030295314,9.703925470786977,68.67538595893011,22.456970187525606,30.67865393180609,197.77265595745098
95.5923595516007,6.410889560250766,34.743017652379095,41.42066914199683,37.75375986823596,92.15472944716014,212.6431916292395
65.68122157472867,53.06359724951002,71.2718862207887,9.722829826696755,80.98194806879171,77.8186370707145,385.62407473611484
77.36147637144342,59.89740622520399,44.160739849594144,53.4987578193875,20.441737422252448,5.075545067596776,329.6385083706338
98.71895041336862,98.65867466320826,89.94819909392999,41.56945860947266,42.08206120787299,1.9493470285534165,565.880897021575
23.778019359105794,25.11079841612033,88.35682323295592,13.670951947801358,90.75218868731099,76.38093718896332,339.0700858902142
0.2691879287805121,4.090428906029031,0.5913392694006592,10.28363453140071,94.57072067786586,15.296623021563205,10.224063549040551
91.64013729451717,65.19604980724823,89.75201748261328,61.19814847682466,18.938519653062958,56.578614342907365,491.2882893568535
70.07739852878049,23.72612889474286,28.226337294946514,43.09375731365507,85.75593422546532,52.38591602939927,202.20866820310573
55.08122776906313,72.77805864782475,95.48967141367555,99.00906457256052,32.6278188122154,71.83193214876269,487.1063593057393
84.69065501955347,9.88871113846902,26.1196662237016,49.235407872129656,60.3341861505843,53.438682015394235,182.82707596759633
38.18360646200186,16.668218553606906,31.716469664022394,83.098581250699,44.62943657074771,65.10683995125855,166.66945256128287
35.310658247800255,22.414182947314654,27.466222348145465,96.99069035115325,51.466003982584084,12.054505380772495,162.53769118686597
69.12968821669978,85.99426630704374,90.87068916332576,76.98391860254662,59.913531395258524,25.21145328506974,513.7302883207645
99.49962037583016,56.089722312288,49.210710000446646,28.952829250358736,42.19428974848207,86.27262877312695,359.3111950017461
40.4090895536258,73.37631543150457,77.07258889997829,48.33964840243692,89.1490610943787,96.8160155707448,418.37948711656975
25.642220771964475,62.99583650227882,15.139091709705287,31.943652552334633,76.7921488952974,71.81352387298901,197.05116890563798
78.83836804884864,8.791546150304285,36.762309476871536,50.26451365043702,6.054062701672014,50.18557029890566,206.7083887800718
51.742589010566675,77.7329089612484,65.86393901626847,79.28111240470734,84.92783146030817,32.883179126985986,404.8002239818689
20.26340689976903,72.66452217222657,25.656469372103274,91.84013081554629,67.54928546889741,21.87714248539685,242.56185936053197
44.68609671152354,81.34450105621929,95.69094708492028,11.238482913464743,86.71011597888777,79.37985093770673,494.447940078723
46.80269723120144,80.48967326124526,8.895380507190144,61.72358776738256,69.31956883042764,17.047820584485418,234.46818527526239
32.52149542610331,64.45683543060034,0.5920021190322866,14.55648642683185,73.72828659077874,69.67503664213412,163.21117264440085
79.35310931584571,41.93696626722389,58.92862611564941,24.473080716886997,34.87560161726794,90.28961977332301,340.01292019724167
10.619718352364194,71.73590261248552,37.62359709210159,3.7640462483174875,10.126609469030312,5.347406044326575,266.96231485364
24.817959336704487,54.91137546127906,5.237528299481731,62.13770526144643,33.571988432475784,95.05155550121849,150.35329515770778
32.741448477049886,28.220639366726708,84.11761356527354,95.83295942817006,68.55401184961374,68.33057596973292,341.53556790632393
56.13051200391812,99.4312425476211,1.4187527479322282,83.34953101270645,92.27586755757531,11.728873024866227,259.249255342957
50.09635671312004,63.42270801918934,44.83473992616634,5.336286745597962,8.505445979293768,31.892506085125717,311.44599252999774
53.63430263854939,47.46017685778209,8.454165468417575,68.7382014105281,6.493542401683083,31.393931380757103,173.9171527593663
35.40264728621783,61.290392238533485,87.00918059348045,69.79976804750767,19.122193145603283,54.69645413016636,419.01097354372615
58.74500002545327,2.9716781947300985,48.167790901851305,64.94523452254258,69.75091394777347,85.91276629368981,209.1917291204674
24.756400283990654,73.21619534905457,86.82646001492202,44.3301627688774,84.94415195748432,41.900352564935595,431.6681710268658
85.056710096773,31.545168583448667,57.92147594574036,79.84730707286928,24.886785882199092,75.83585737571478,321.91147510089144
27.795883836725487,37.224712294332754,46.36451349982259,80.87387314849849,91.4079333862301,28.833570704658506,241.33884892485878
98.16902180653882,30.68669910926276,76.52671022381776,68.80479206314199,97.65636307470983,54.97120494110985,389.12255069651764
96.19690678631179,49.3094187291446,87.3914981324217,30.603799592578284,67.06037063518524,11.247039957538185,456.9902386418661
13.499309123260893,30.837075271578918,12.150792725294469,35.83386746785037,1.6555642335176701,84.9423243879153,111.62583784230213
1.960963299313645,32.594041805488935,47.65200021870714,77.95187583984415,61.50782829195622,11.464719309891713,210.1050475664129
71.20807128034704,2.674700642947936,85.67131323131917,4.557548078579899,4.0650657591365436,74.30327780187753,333.5714122602004
60.258760688294274,46.57617833010631,96.38669205919734,31.69926419530258,82.04746689899933,31.97146057220571,442.5711935260989
29.103424734219963,78.84000257587745,7.483723320116531,41.62301016767073,14.076244338537236,64.9274622005234,209.23459984632447
36.76746591363609,72.16792333458909,48.81864715458295,62.30574173441339,57.72742927075814,7.054329727172648,327.5592540465631
68.00411759647285,77.60275454321402,32.1925197687966,39.979628414948905,0.09948453491027687,23.406318764581336,319.78718598929066
6.4908440906840115,98.58020345464546,94.2029405482237,85.30431892060895,67.25868014151195,19.07147121552517,486.260072644646
29.528698115327778,42.26322906412672,43.91740037048727,90.99415049558947,57.96860791361451,37.08871254407238,245.80735735504305
79.97716136599487,25.304672723304144,58.774315368251905,48.10668150297464,56.75196147858592,98.75466466743603,306.90945291735886
3.641795667921943,83.22257672132635,55.121441631773735,92.83649968086127,40.343435279613125,3.1612756829495603,335.4512740058958
83.65058426514074,76.52891084387848,3.5410750204335595,81.95954695066084,84.67924257774575,78.65870816780382,247.33163101419836
52.52670028565619,29.67741363820857,53.91924266495519,57.90169309660992,17.37578938178682,34.81447639661126,273.6392555569389
73.64752704943322,6.277827496127686,7.361575470791304,32.06160320596998,64.75964768255722,15.452841486369529,108.2879084540625
98.46676358625255,64.78808545946619,8.748653669139228,94.2404136162607,70.44254918240883,91.05875702546801,254.2888955126026
77.10024597101108,50.40612453459207,8.103020805901107,76.99519820721274,32.645782537744594,40.2064135240228,202.22155745789854
16.406378531796186,31.939624278147694,35.090576446084874,45.0528156411106,24.362596539383485,66.14963740408946,185.5573564263462
91.23567593324918,56.27372590684977,68.92051554375324,93.64646583255302,39.33705746156709,36.15305996728463,410.5446743782084
56.725594564885185,60.358970941850544,46.59703228322487,76.25712708665931,99.00282475805795,50.850110651980906,317.23463329826086
28.958366851022287,92.51812609157778,2.807615218178372,15.682164271575783,73.17243990681256,80.62465867357692,222.41746468871295
80.50073177066884,65.87151530422469,52.53852983008884,4.976715033989631,8.541642025743323,0.9033189761432858,369.85935186938474
79.76211488046276,9.794615440519971,26.557911282641744,72.42094878526034,33.05582714571882,21.92840723107523,179.02507960942793
18.136569953006987,36.97459156927627,24.90752516927125,61.49625292965717,55.896660850170186,18.10793865230257,166.80832859937328
56.865669013843345,88.68740292162177,25.140453102031014,80.58143019297181,18.24303483072901,92.89733169405821,309.66183416317995
62.74406964878464,17.67506268012272,41.815531585644116,73.8196730325608,60.93661712073607,66.2832434157903,223.54078976596242
25.393683098724964,73.20164674281516,89.23009789773971,93.90878983633914,64.5701260708307,90.67663206675977,439.4872702775744
82.00075662630408,46.68264550933598,18.997247800839734,57.419646426963176,24.0857246863984,8.180412321262477,232.35779104749525
52.22487118107196,47.328482119768225,42.247150238858296,95.07638420976896,43.428677369388865,77.01527070803077,273.6232861371833
76.46926122219095,7.57023596016182,68.28583380657494,83.10033282163943,61.79210235219198,60.041082675691726,296.4672345622394
85.80506846640174,68.13213167299863,98.74895520446084,40.52816233567522,48.09424956715266,74.91422919456781,518.3161974257815
28.46275392340013,86.40691729546987,70.84925634665905,83.1021714529037,57.07003922312992,18.023757677598862,413.824357554317
63.77374568246499,21.6402168093787,93.37937811370793,42.07237423120112,22.19020019438196,55.93992115392562,387.19231364234616
73.53430343795368,22.138951583533373,23.778394939109337,39.65956058539148,46.93928294578256,15.113177295127933,189.14739142234845
57.678243223682536,17.525456470114808,88.82035512305335,89.0564941152338,37.119720964070964,27.843247361751022,359.1902215330722
86.53045543627334,70.63854122157865,11.293394760639563,81.17923244618628,19.07268482057294,18.39728528687783,261.6877221613493
97.35079475808091,85.1489057210834,12.303067133693112,81.8478645369162,99.22475954565147,44.33186102204195,304.557807601327
5.887636868096868,85.85970474504049,66.38552109170719,89.03924413630679,12.326956893933971,74.74098107285053,376.76360963329944
72.69922943643358,76.99199967134209,83.22444949221789,61.1140698126931,63.231267383714695,67.92515805778896,476.3565772557714
23.46323988079466,50.9351044421614,25.137572436066215,92.715454253866,10.069443606439254,57.90535044207282,200.7461660733161
87.71293887992557,25.836615207320445,79.27813999736144,78.04158675736196,46.2160260308223,22.77863086637012,377.22058928665075
42.68154413225268,68.31725360252115,34.266641576244574,2.5244495795277766,81.32719101032917,62.05562069594311,282.1159760660287
40.41155881944526,39.25945247767021,45.24718988477595,58.150813843776675,75.88104340960406,77.19619800411157,254.67203342911353
55.13792219955606,41.21199501685845,52.60887091076095,97.72888630852694,62.77281956708205,25.37060777622646,295.3885249655558
23.26457441543476,49.08907475180487,77.219150698139,65.76004976822496,68.34730526693312,95.25616868479742,353.1001760134615
5.04301301140363,48.57172846354371,89.31656519954606,53.08325156504959,84.4250179619866,53.11094650630574,370.1361655371292
81.28577399685875,64.43089642123135,15.472444663964103,77.42062331311263,13.980489009938136,93.55853189076369,256.5649008312138
2.001884338538118,32.81036474802118,45.46382036800664,49.105079660013516,23.679750058303007,42.02294710588754,204.0140749386004
29.5573896200942,4.697553168584168,51.64620650761859,20.789785425596452,54.936958539156734,32.558291693818184,193.8911154801183
5.611455568324386,83.17153449614526,71.5576431729397,70.43867524235837,25.90153188064579,87.34943605774679,386.62745407943396
18.364390175659807,13.789033794277195,0.0440610100648442,30.427623506209976,65.16918462579076,62.28161647763666,46.07464079440873
40.222723555308484,8.326075542343803,21.127258576126383,52.635457281149876,55.29243655928106,79.98846638410669,120.25665036837525
42.420305967285444,78.14902322008699,99.03555363722192,13.898704460835344,92.55553425675814,29.42855265745783,495.82501331912516
4.952649630885331,49.29442731172515,70.11515610156194,90.50706025461709,37.119776290505804,74.48534080140082,313.88697255902144
20.841662074850277,89.880926439189,96.50731091669734,10.328717487554052,93.62008011805773,36.948159471350394,490.1254477033203
22.643817583732673,88.18399392977256,83.21911673680043,70.91430158186606,21.621636438869086,28.562878247438306,448.66915565367907
26.5789136860908,11.439070277595963,33.179191258017774,59.21093871674385,83.98395728407516,28.128876288686953,148.99462801533605
21.958264896561154,59.50114859131559,41.63534421556484,39.43728414190769,41.022794620033665,81.78944276786198,265.86659472588684
